path	bytes	md5
README.md	2585	45482e8eb778a9049f9483ad61aa7da5
eval_cells.csv	101415	d883114ac4615d69c9d788b80a78601f
eval_composites.tsv	6621	37ae799edd6396c786043656ee8f9db5
eval_grid_status.tsv	3765	bc672359e3e1748d0143c1b38faab5b3
export_0921.sh	4743	a408fee0a8b51979f2d3c77d07d24050
export_0921_tables.py	13555	102a06d83b656eb4ea9023370f400964
logs/w0/disk_guard.log.gz	9968	d031f3b4f8fbd4c92da7fabd66c3eaae
logs/w0/eval0921.log.gz	942	768c6c8ad9100b45f8aaba9fdef2f26f
logs/w0/evalw_w0_gpu0.log.gz	50132	9eb953307c5c122225b9f424d16a106f
logs/w0/evalw_w0_gpu1.log.gz	77665	f3a14bf111ac98ccd57e0a22fb351026
logs/w0/evalw_w0_gpu2.log.gz	52818	c7753bb1fefca9971350b6da1cc82650
logs/w0/evalw_w0_gpu3.log.gz	100935	3cf53339096f1f444001c46041644192
logs/w0/evalw_w0_gpu4.log.gz	101325	210b5bcec143da0a2fcaab7cf34026da
logs/w0/evalw_w0_gpu5.log.gz	103586	29f229fee81e2f588dcb130ac33ebcb2
logs/w0/evalw_w0_gpu6.log.gz	96627	5b27277a635f2601ea63a75f422dec12
logs/w0/evalw_w0_gpu7.log.gz	51535	516c9a792a46cc8176705a31ab803d83
logs/w0/gpu_guard.log.gz	19782	a63fa5d2ad99b3abc9f172327263da33
logs/w0/holder_swap.log.gz	735	4e6abb72783b6b5f8691df36081a5247
logs/w0/queue_w0.txt	299	2b5bd04f5868d5a09f662fd5d0fbfb43
logs/w0/refill_0921.log.gz	3096	f36ca6e3b1b60030b800812584ab0ab7
logs/w0/scaling_runs.log.gz	658	265846e7c7161865724374fe8a0a5444
logs/w0/t32_s1.7_ours_seed0.exit	118	d68e006cddd2ff5db2c8b3f10b5c1cf0
logs/w0/t32_s1.7_ours_seed0_20260923_000247.log.gz	285578	9a2184c63d9baf7126a4d130e0a36e74
logs/w0/t32_s4_vanilla_seed0.exit	240	ad3e15fe46cf057fc25c08650bb336e7
logs/w0/t32_s4_vanilla_seed0_20260921_152153.log.gz	21599	e8bc402d2e899761896fd8545bea3cf3
logs/w0/t32_s4_vanilla_seed0_20260921_152533.log.gz	422489	ac81869bf73150a84f7dbca6dd87e6a8
logs/w0/t32_s8_ours_seed0_profile.exit	130	69cd252404614c05faa652ebef9c4a0f
logs/w0/t32_s8_ours_seed0_profile_20260921_135547.log.gz	50635	88c287be807656a651477ada8a146e47
logs/w0/t4_s4_vanilla_seed0.exit	118	49ea0422a7a672620df8775881a06b49
logs/w0/t4_s4_vanilla_seed0_20260922_115239.log.gz	422689	0d66c858bf76bd86ab7cd5e8c4858c53
logs/w0/t8_s1.7_vanilla_seed0.exit	122	9ad5ab354e985c59b5aeec32bd3bb277
logs/w0/t8_s1.7_vanilla_seed0_20260923_060640.log.gz	423315	8a8c694c4cbed13113a5d6ebb5a37658
logs/w0/t8_s4_ours_seed0.exit	112	350322407c5433335c00a69e1568bb87
logs/w0/t8_s4_ours_seed0_20260922_004648.log.gz	287073	f011518021e3be667b27b56c2c7fcca1
logs/w0/wandb_ids.tsv	296	4a901b579d2455adfd188d58e18444aa
logs/w1/disk_guard.log.gz	9035	0451b814b038c3ee897ad6ecb81cc0d5
logs/w1/eval0921.log.gz	950	bb5614bb53b68ecf100c780bed98ce56
logs/w1/evalw_w1_gpu0.log.gz	78274	211dae18350455ffa765667904c8e182
logs/w1/evalw_w1_gpu1.log.gz	100398	bee269075e76eda0ff9ca41c4c194304
logs/w1/evalw_w1_gpu2.log.gz	74640	ebf0da7c3543024265a51a8d25c0d8a1
logs/w1/evalw_w1_gpu3.log.gz	74425	ca1fb4afa3d8b1644ae744bf6dfcce81
logs/w1/evalw_w1_gpu4.log.gz	72456	f0e3ae47bfcc23063a68ba51245ffefa
logs/w1/evalw_w1_gpu5.log.gz	76750	12d097f17e2a13a849a1e66fe2006981
logs/w1/evalw_w1_gpu6.log.gz	74999	542c35c4785cb1046d16b05b738688dd
logs/w1/evalw_w1_gpu7.log.gz	78316	5bda4a93e401fb30ef520729e656e028
logs/w1/gpu_guard.log.gz	21356	1dc328bebfd9ab9cf1cbd3fc21b58e16
logs/w1/holder_swap.log.gz	700	6fceb45f213aa4cc859abd89f39c28fe
logs/w1/queue_w1.txt	299	7381236e8e585bb3a5dd0d8da80d7ab2
logs/w1/refill_0921.log.gz	3206	94991c9df50c59b2c94bbf896aba4980
logs/w1/scaling_runs.log.gz	550	8310275add1b2fd51db783aef9e0855c
logs/w1/t32_s1.7_vanilla_seed0.exit	124	2f4123e1e4e24193c2893efc2b724d98
logs/w1/t32_s1.7_vanilla_seed0_20260922_222130.log.gz	422138	7b96cd4885dcb1f38d738d458fd42773
logs/w1/t32_s4_ours_seed0.exit	114	5369b2f4765b8f35868798e225ee0732
logs/w1/t32_s4_ours_seed0_20260921_152153.log.gz	286128	a74d75dc2e987e62284f9bd89250fe41
logs/w1/t4_s1.7_ours_seed0_profile.exit	132	46457a01c819030ddbce2c27345ec7ba
logs/w1/t4_s1.7_ours_seed0_profile_20260921_140928.log.gz	50497	cd0d286208dea1ce5e436a4be92c0d06
logs/w1/t4_s4_ours_seed0.exit	112	065dbf64f92d3a60b3071acf9cabdb3f
logs/w1/t4_s4_ours_seed0_20260922_111428.log.gz	286961	a8e5364800f123d3f87f03aaa7414ade
logs/w1/t8_s1.7_ours_seed0.exit	116	4c27206d4b3789a5c75cc6595d6f20a7
logs/w1/t8_s1.7_ours_seed0_20260923_050849.log.gz	287407	f9f94f8b03bc627325135c67fe66a2b7
logs/w1/t8_s4_vanilla_seed0.exit	118	ff7d77551822298bf87500fb04b48722
logs/w1/t8_s4_vanilla_seed0_20260921_225022.log.gz	422909	9e3a9d94a6c9b55e465ee4771f64d587
logs/w1/wandb_ids.tsv	294	a44f850fcdbe6311211b94dfbff8b471
logs/w2/disk_guard.log.gz	8730	389b87bb8b96ec1df2f81d1cf9d3136d
logs/w2/eval0921.log.gz	891	f725d0447168bdf73f5b77d7635a27cc
logs/w2/evalw_w2_gpu0.log.gz	57631	900d2f741716f788b18b37eaf4f2d634
logs/w2/evalw_w2_gpu1.log.gz	31436	554e09b9e020cfccce688abfd7b96aec
logs/w2/evalw_w2_gpu2.log.gz	79862	0d66454cc8b4e297acd9f40f1ee44b3e
logs/w2/evalw_w2_gpu3.log.gz	76385	79a17789c3747e4a38d17ba9174945a1
logs/w2/evalw_w2_gpu4.log.gz	107600	e763803a0f23198b811c631e598cb45a
logs/w2/evalw_w2_gpu5.log.gz	76880	02440a3fc7b36cb807533162de80472f
logs/w2/evalw_w2_gpu6.log.gz	79491	d9d74603e36ef2770ecb2fe071befeda
logs/w2/evalw_w2_gpu7.log.gz	74889	1204e108062a2ef7028fd9a9d5d83e63
logs/w2/gpu_guard.log.gz	20593	47ae71d5d2f1e7fe3a542f6d228ac471
logs/w2/holder_swap.log.gz	581	1c5e945840eacd0f12c31938b22f9bbe
logs/w2/queue_w2.txt	422	0fba3f4dd9b56b0c1771c23dac2599a1
logs/w2/refill_0921.log.gz	2847	34fcb067cc33870d4aeddcd4e4d15cf8
logs/w2/scaling_runs.log.gz	665	3d5aac5b1eaab2b8a3ba3e65af0f6510
logs/w2/t32_s8_vanilla_seed0.exit	120	5091cf2a6890d085d4834b6fb8214e20
logs/w2/t32_s8_vanilla_seed0_20260921_152411.log.gz	421955	2fee11407d3b7514bac6dafcb550bf7d
logs/w2/t32_s8_vanilla_seed0_profile.exit	136	2e306933f037f3e22e7a8dfb08512f8f
logs/w2/t32_s8_vanilla_seed0_profile_20260921_135951.log.gz	64727	754bdddeed48c0ec5c74001216dfb66e
logs/w2/t4_s1.7_vanilla_seed0.exit	122	f40e6179136843d864b698c56671cce9
logs/w2/t4_s1.7_vanilla_seed0_20260923_091459.log.gz	422445	d32b430613a30210321c63eb5d3e47f6
logs/w2/t4_s8_vanilla_seed0.exit	118	53abeca619171ae6385942cc5718ea43
logs/w2/t4_s8_vanilla_seed0_20260922_171322.log.gz	422765	f47b6d10ae24fd65c3757c657a52e8f3
logs/w2/t8_s8_ours_seed0.exit	112	4dcd6910ed4a6b9a6b83a6238cd3a5ff
logs/w2/t8_s8_ours_seed0_20260922_034917.log.gz	285115	af4223ed7bf156651e2288a8c0b0c0a9
logs/w2/wandb_ids.tsv	252	d93ab6a837576f2542f8d2b6dd4780df
logs/w3/disk_guard.log.gz	8605	86fe489f3af3459d9dc4b13ab3105f78
logs/w3/eval0921.log.gz	885	50863d5c141ca399a9b243bfe4375656
logs/w3/evalw_w3_gpu0.log.gz	57274	a912fcda4c30bb7039c3fc9ec9ef08cf
logs/w3/evalw_w3_gpu1.log.gz	81383	323dd14f66ad9831759137f544e2ea20
logs/w3/evalw_w3_gpu2.log.gz	107694	7a257720d4b7e46ece9a6b4827232a70
logs/w3/evalw_w3_gpu3.log.gz	81319	a9a05663af1bb5f992074b7b16db9524
logs/w3/evalw_w3_gpu4.log.gz	53211	c311d6b8300ee3e9a7abbc55df3ccca2
logs/w3/evalw_w3_gpu5.log.gz	54763	ce52b7534655f2fd9340e6f39778fef7
logs/w3/evalw_w3_gpu6.log.gz	77712	d70dd4ec17d9f9a24115246642b3dd3f
logs/w3/evalw_w3_gpu7.log.gz	52353	203f3aee58bd8efec2d7a6a6ad991714
logs/w3/gpu_guard.log.gz	20712	48f9390088f5f22510c70c72e9a43f13
logs/w3/holder_swap.log.gz	527	d2d72d0bc718850f84efef7f8bc4a38e
logs/w3/queue_w3.txt	416	ea43b8f1d4773414589d480488dca2cb
logs/w3/refill_0921.log.gz	3046	b9a31c6d762f523fa0cc53b1df222976
logs/w3/scaling_runs.log.gz	495	99a4e56f58849f2a367d55da644f5962
logs/w3/t32_s8_ours_seed0.exit	114	b50033d0bc598edd1dc02c09f5710aff
logs/w3/t32_s8_ours_seed0_20260921_152514.log.gz	283857	ae000fda0a480c08d594bc14fa215610
logs/w3/t4_s1.7_ours_seed0.exit	116	a588126345a4d5b314fced340eec8a05
logs/w3/t4_s1.7_ours_seed0_20260923_064002.log.gz	287480	9f1484bdbdceeaf5341a86a6f772a2f6
logs/w3/t4_s8_ours_seed0.exit	112	1499c708c9577d1798c8f28daa12f172
logs/w3/t4_s8_ours_seed0_20260922_163616.log.gz	285259	9897d391d657e2db8f586a93d382bbef
logs/w3/t8_s4_vanilla_seed0_profile.exit	134	ef18865964b9353a375fd2db14238973
logs/w3/t8_s4_vanilla_seed0_profile_20260921_140931.log.gz	64325	632248e43faf99324478b9d222bbe0f6
logs/w3/t8_s8_vanilla_seed0.exit	118	754d3743fcdda8a85ceda00af77975e4
logs/w3/t8_s8_vanilla_seed0_20260922_014904.log.gz	423073	41ad5cb51562014c7f4dd1f8d82ef12f
logs/w3/wandb_ids.tsv	245	c98dc4e393b2d748b3a95586f6bcf951
per_sample/student_base_1p7b__aime24__step0__seed0__20260923T102838Z.parquet	16060	048371a7102213547d40f523f0f6e7a1
per_sample/student_base_1p7b__aime25__step0__seed0__20260923T102838Z.parquet	16264	6d0b10ce802a0f54c1318ae78c98c8da
per_sample/student_base_1p7b__amc23__step0__seed0__20260923T102838Z.parquet	17629	a94f73201ab5f5f80018ac700281c2fd
per_sample/student_base_1p7b__math500__step0__seed0__20260923T233455Z.parquet	23599	7c6745c9eeaf4eed91fe4c801b0172ce
per_sample/student_base_1p7b__minerva__step0__seed0__20260923T233455Z.parquet	17801	5b857f30fb42a4691fe7ee06655201cf
per_sample/student_base_4b__aime24__step0__seed0__20260923T102843Z.parquet	16189	e412fb58daae4daf5d67289e77142f5c
per_sample/student_base_4b__aime25__step0__seed0__20260923T102843Z.parquet	16302	2185225496cf1e6af4e771f4c43bd6ce
per_sample/student_base_4b__amc23__step0__seed0__20260923T102843Z.parquet	17779	be90c414fe6b89b363b2aad1f472a22f
per_sample/student_base_4b__math500__step0__seed0__20260924T073731Z.parquet	24115	4017887632e27690a63b2ac70500891a
per_sample/student_base_4b__minerva__step0__seed0__20260924T073731Z.parquet	17907	5fbacf4758fa5caff799287fbb9a6847
per_sample/student_base_8b__aime24__step0__seed0__20260923T054339Z.parquet	16223	c84317639798df95632bee86379bb477
per_sample/student_base_8b__aime25__step0__seed0__20260923T054339Z.parquet	16145	aba8e1fe0dd75d2068262c3cc48072fd
per_sample/student_base_8b__amc23__step0__seed0__20260923T054339Z.parquet	17353	561ce71161a1ae8734d674507c92f677
per_sample/student_base_8b__math500__step0__seed0__20260923T140256Z.parquet	23147	61d254b113143c61e70d843af860138c
per_sample/student_base_8b__minerva__step0__seed0__20260923T140256Z.parquet	17584	a62009c00cb014792bd02b418599ef4b
per_sample/t32_s1.7_ours_seed0__aime24__step100__seed0__20260923T132039Z.parquet	15869	1e1132d8b5cbe0e7efe6fc94e85d802a
per_sample/t32_s1.7_ours_seed0__aime24__step150__seed0__20260923T063534Z.parquet	16097	4b6a9fb90263ff81afa0de5ff564807b
per_sample/t32_s1.7_ours_seed0__aime24__step200__seed0__20260923T063534Z.parquet	16135	b92abb04623132265ca9598d0db38e73
per_sample/t32_s1.7_ours_seed0__aime24__step250__seed0__20260923T063538Z.parquet	15893	25a8976c74589718973133100621364a
per_sample/t32_s1.7_ours_seed0__aime24__step50__seed0__20260924T000025Z.parquet	16272	43d3eff22adeb94fd335268a619a9491
per_sample/t32_s1.7_ours_seed0__aime25__step100__seed0__20260923T132039Z.parquet	15986	c0fa5ba54ae6b4eaef4785078c151469
per_sample/t32_s1.7_ours_seed0__aime25__step150__seed0__20260923T063534Z.parquet	16245	fd9d68ce038f58f5f7ea8fd35da37d61
per_sample/t32_s1.7_ours_seed0__aime25__step200__seed0__20260923T063534Z.parquet	16284	d06dd30c5e12bbecdf5e836a546b48c6
per_sample/t32_s1.7_ours_seed0__aime25__step250__seed0__20260923T063538Z.parquet	16291	d9b7231e1b2c1cee646e008636478315
per_sample/t32_s1.7_ours_seed0__aime25__step50__seed0__20260924T000025Z.parquet	16229	28e1c3a1c15d91a9073a22472a09fba0
per_sample/t32_s1.7_ours_seed0__amc23__step100__seed0__20260923T132039Z.parquet	17870	5fabbd554bb90b6577570a18a82a3101
per_sample/t32_s1.7_ours_seed0__amc23__step150__seed0__20260923T063534Z.parquet	17942	0431721eb1ea28a8b0a15e2e81e0237a
per_sample/t32_s1.7_ours_seed0__amc23__step200__seed0__20260923T063534Z.parquet	17920	daa867b738db4e8470041a0f3df89c3d
per_sample/t32_s1.7_ours_seed0__amc23__step250__seed0__20260923T063538Z.parquet	17849	79dbdf576c4e17a48c5f450d9dbf9d3a
per_sample/t32_s1.7_ours_seed0__amc23__step50__seed0__20260924T000025Z.parquet	17462	7a971ee050282bc79df9239ffe842a8d
per_sample/t32_s1.7_ours_seed0__math500__step100__seed0__20260924T095217Z.parquet	24046	43661109667136427db3000b198b7b87
per_sample/t32_s1.7_ours_seed0__math500__step150__seed0__20260923T232104Z.parquet	23740	91ce050c5fe9334538b224e10879f27a
per_sample/t32_s1.7_ours_seed0__math500__step200__seed0__20260923T214842Z.parquet	23536	f99d81c47532f4291ca83b37f4e3906a
per_sample/t32_s1.7_ours_seed0__math500__step250__seed0__20260923T235122Z.parquet	23553	01894803a33dcf6788aa5297177eaf0d
per_sample/t32_s1.7_ours_seed0__math500__step50__seed0__20260924T063400Z.parquet	23070	97a8926a9c6e08d983af5fe5acae49fd
per_sample/t32_s1.7_ours_seed0__minerva__step100__seed0__20260924T095217Z.parquet	17416	53702a9d1d715b8be671bfd46cecaf89
per_sample/t32_s1.7_ours_seed0__minerva__step150__seed0__20260923T232104Z.parquet	17279	5d56fcbd4d9dac6a7e262ec571933ae2
per_sample/t32_s1.7_ours_seed0__minerva__step200__seed0__20260923T214842Z.parquet	17069	3d7f5533064a011b48955b8d85894590
per_sample/t32_s1.7_ours_seed0__minerva__step250__seed0__20260923T235122Z.parquet	17096	f7fefb18bc9b3988865a8ff545035ef5
per_sample/t32_s1.7_ours_seed0__minerva__step50__seed0__20260924T063400Z.parquet	17061	15165f813054fd79619c644790e66fe3
per_sample/t32_s1.7_vanilla_seed0__aime24__step100__seed0__20260923T105823Z.parquet	16319	d1fe43a9c6284672de0d785af7b5214a
per_sample/t32_s1.7_vanilla_seed0__aime24__step150__seed0__20260923T034328Z.parquet	16422	2b1bb94782fcebc6d0fd3d0efe695cb2
per_sample/t32_s1.7_vanilla_seed0__aime24__step200__seed0__20260923T034328Z.parquet	16404	29ddd39aab4334c4eb873f6b1387ea9e
per_sample/t32_s1.7_vanilla_seed0__aime24__step250__seed0__20260923T034330Z.parquet	16222	a1b5825440c64d93c76109f12bcef440
per_sample/t32_s1.7_vanilla_seed0__aime24__step50__seed0__20260923T172824Z.parquet	16240	36e8cbdf142d895e9e2d0797099cd4e1
per_sample/t32_s1.7_vanilla_seed0__aime25__step100__seed0__20260923T105823Z.parquet	16464	0a8b9222bf46da1fe3f23ad2079febc6
per_sample/t32_s1.7_vanilla_seed0__aime25__step150__seed0__20260923T034328Z.parquet	16469	b37fbb94b58983cc296adda6bb874f09
per_sample/t32_s1.7_vanilla_seed0__aime25__step200__seed0__20260923T034328Z.parquet	16560	fb71ed3a5b9d6b648584d37a9926dde0
per_sample/t32_s1.7_vanilla_seed0__aime25__step250__seed0__20260923T034330Z.parquet	16473	9efe88f6d1f299599e8325fc89a75632
per_sample/t32_s1.7_vanilla_seed0__aime25__step50__seed0__20260923T172824Z.parquet	16290	7a50b1fd98a2fa6256f7c31de26a6420
per_sample/t32_s1.7_vanilla_seed0__amc23__step100__seed0__20260923T105823Z.parquet	17951	b4a05258ff92f7d07465abf84c840395
per_sample/t32_s1.7_vanilla_seed0__amc23__step150__seed0__20260923T034328Z.parquet	17797	61e2a4d07369637ae810794f4728afbe
per_sample/t32_s1.7_vanilla_seed0__amc23__step200__seed0__20260923T034328Z.parquet	17803	58abcbc01405ea4347eeff386885596c
per_sample/t32_s1.7_vanilla_seed0__amc23__step250__seed0__20260923T034330Z.parquet	17834	afc4e9010dc408890c078adf1ae6ec98
per_sample/t32_s1.7_vanilla_seed0__amc23__step50__seed0__20260923T172824Z.parquet	17536	bb18043a73741297cd957d7208ad6005
per_sample/t32_s1.7_vanilla_seed0__math500__step100__seed0__20260923T195633Z.parquet	23177	d0765b0d5fc058bd721b3a293980b6b2
per_sample/t32_s1.7_vanilla_seed0__math500__step150__seed0__20260923T105303Z.parquet	23149	567c909c705aa777e90155306e79f8bb
per_sample/t32_s1.7_vanilla_seed0__math500__step200__seed0__20260923T101827Z.parquet	23144	d9bfd7c3f4cdeb425cd6bd247c8beb2f
per_sample/t32_s1.7_vanilla_seed0__math500__step250__seed0__20260923T100041Z.parquet	23195	766a61129927cc50b7762980bc5e3acb
per_sample/t32_s1.7_vanilla_seed0__math500__step50__seed0__20260924T034054Z.parquet	23055	1d589ae01819dbb89940c8cde385f953
per_sample/t32_s1.7_vanilla_seed0__minerva__step100__seed0__20260923T195633Z.parquet	16836	2d809f158e4efe7a7a26bec825febbe4
per_sample/t32_s1.7_vanilla_seed0__minerva__step150__seed0__20260923T105303Z.parquet	16785	658a0115f970e2629e5fd1f811749220
per_sample/t32_s1.7_vanilla_seed0__minerva__step200__seed0__20260923T101827Z.parquet	16761	2ef9144520af583c681f49a9cf3e2231
per_sample/t32_s1.7_vanilla_seed0__minerva__step250__seed0__20260923T100041Z.parquet	16766	c50d36754845c76e6f651a55800ce0c7
per_sample/t32_s1.7_vanilla_seed0__minerva__step50__seed0__20260924T034054Z.parquet	16924	72461a48af3fbf0376a257ad88f642e9
per_sample/t32_s4_ours_seed0__aime24__step100__seed0__20260923T111831Z.parquet	16515	198d10a679471fcc32a365e5e3871c07
per_sample/t32_s4_ours_seed0__aime24__step150__seed0__20260923T034347Z.parquet	16490	0a8cd4a5582613093d59cd318057df68
per_sample/t32_s4_ours_seed0__aime24__step200__seed0__20260923T034345Z.parquet	16513	177daddf7738f07ac2455c5369af3222
per_sample/t32_s4_ours_seed0__aime24__step250__seed0__20260923T034349Z.parquet	16296	6a4f40d78be92ef81e11e898b6008345
per_sample/t32_s4_ours_seed0__aime24__step50__seed0__20260923T190344Z.parquet	16264	1d4a43375d6f77eb9c955b743645a768
per_sample/t32_s4_ours_seed0__aime25__step100__seed0__20260923T111831Z.parquet	16399	24db091b5875b6104212bb51e4dc38f2
per_sample/t32_s4_ours_seed0__aime25__step150__seed0__20260923T034347Z.parquet	16326	58d152bfbcf37ed41fff7ccc8da79846
per_sample/t32_s4_ours_seed0__aime25__step200__seed0__20260923T034345Z.parquet	16309	684739b31460d909fcdbb6a1f418640f
per_sample/t32_s4_ours_seed0__aime25__step250__seed0__20260923T034349Z.parquet	16246	45059cfc85155a53db201dbb8ebcaba8
per_sample/t32_s4_ours_seed0__aime25__step50__seed0__20260923T190344Z.parquet	16367	97f669a4e2d636edbfbafde5303e91ec
per_sample/t32_s4_ours_seed0__amc23__step100__seed0__20260923T111831Z.parquet	17692	458fcca39ead77f85aaab5000201694c
per_sample/t32_s4_ours_seed0__amc23__step150__seed0__20260923T034347Z.parquet	17445	9e4ddaa2359d8ebbd1dd1352590bbb89
per_sample/t32_s4_ours_seed0__amc23__step200__seed0__20260923T034345Z.parquet	17822	4e7207a6016fa8a5eb8c99a0e46bb5b9
per_sample/t32_s4_ours_seed0__amc23__step250__seed0__20260923T034349Z.parquet	17562	3b759d6d42424830dc71e4ddcc6338c3
per_sample/t32_s4_ours_seed0__amc23__step50__seed0__20260923T190344Z.parquet	17696	c90effcd2e4bbc5bc1973a7aa1934d5b
per_sample/t32_s4_ours_seed0__math500__step100__seed0__20260923T201512Z.parquet	22814	30eca68f85b9e58d98d4cdbb3ca2e98d
per_sample/t32_s4_ours_seed0__math500__step150__seed0__20260923T102249Z.parquet	22566	b0b329cfc040a02d9406960bf0b40f2e
per_sample/t32_s4_ours_seed0__math500__step200__seed0__20260923T094113Z.parquet	22643	85449e3dc7bc480475115e1bc289fbab
per_sample/t32_s4_ours_seed0__math500__step250__seed0__20260923T090339Z.parquet	22693	b79d9c53d37ea5a55ffab2f4d1830903
per_sample/t32_s4_ours_seed0__math500__step50__seed0__20260924T154318Z.parquet	23202	280c51790ac641121b492079bda2756c
per_sample/t32_s4_ours_seed0__minerva__step100__seed0__20260923T201512Z.parquet	16587	c23220eff652ea735a83f7622305b547
per_sample/t32_s4_ours_seed0__minerva__step150__seed0__20260923T102249Z.parquet	16503	01725394889eb475d33a3e5473cc225d
per_sample/t32_s4_ours_seed0__minerva__step200__seed0__20260923T094113Z.parquet	16592	602cfe3ae2cbf27c64233b07e1d0fa93
per_sample/t32_s4_ours_seed0__minerva__step250__seed0__20260923T090339Z.parquet	16479	6da6f12744bdb193dba825f87b5688e9
per_sample/t32_s4_ours_seed0__minerva__step50__seed0__20260924T154318Z.parquet	16711	327ebc3e802d36315fbf57b9967c93ae
per_sample/t32_s4_vanilla_seed0__aime24__step100__seed0__20260923T184545Z.parquet	16421	b442a9c50f6482fc2c81c6f859902d17
per_sample/t32_s4_vanilla_seed0__aime24__step150__seed0__20260923T063552Z.parquet	16358	bd17f0a6dc9a9ab47e6b56872dc773a8
per_sample/t32_s4_vanilla_seed0__aime24__step200__seed0__20260923T063553Z.parquet	16385	72cb7e6e842c8f0c242177625685a0f4
per_sample/t32_s4_vanilla_seed0__aime24__step250__seed0__20260923T063554Z.parquet	16407	9f82f0a565669aa846cd4063e02725e8
per_sample/t32_s4_vanilla_seed0__aime24__step50__seed0__20260924T000543Z.parquet	16248	d48e6183d9c3e5fffc0b185904980f4c
per_sample/t32_s4_vanilla_seed0__aime25__step100__seed0__20260923T184545Z.parquet	16214	672c73c0db27a930c12ef19e3a30e3b7
per_sample/t32_s4_vanilla_seed0__aime25__step150__seed0__20260923T063552Z.parquet	16166	9dd546ea7c3da81f58f7ed111828d34c
per_sample/t32_s4_vanilla_seed0__aime25__step200__seed0__20260923T063553Z.parquet	16106	b7f4313ad835e643461c415919b0fd31
per_sample/t32_s4_vanilla_seed0__aime25__step250__seed0__20260923T063554Z.parquet	16192	bbdf673cab57e130f7968cc69e46672f
per_sample/t32_s4_vanilla_seed0__aime25__step50__seed0__20260924T000543Z.parquet	16300	6dfaebc7b3749dae6928521a36c70265
per_sample/t32_s4_vanilla_seed0__amc23__step100__seed0__20260923T184545Z.parquet	17468	47cc1f7fa13f186a947f4464ad4dc1c1
per_sample/t32_s4_vanilla_seed0__amc23__step150__seed0__20260923T063552Z.parquet	17686	1325ffcafbb721623b7f10193741a595
per_sample/t32_s4_vanilla_seed0__amc23__step200__seed0__20260923T063553Z.parquet	17403	8d5bf0315e9a7bba05672666f124d50c
per_sample/t32_s4_vanilla_seed0__amc23__step250__seed0__20260923T063554Z.parquet	17431	c017268c53dfa94541bccef443e097c6
per_sample/t32_s4_vanilla_seed0__amc23__step50__seed0__20260924T000543Z.parquet	17553	a63f9c73d4a9a2968215826ed54a7fb2
per_sample/t32_s4_vanilla_seed0__math500__step100__seed0__20260923T232511Z.parquet	22694	9dd50710d520d20ba0c0a65d816da629
per_sample/t32_s4_vanilla_seed0__math500__step150__seed0__20260923T112340Z.parquet	22352	777f07988d9ef0feb734beabea5a6756
per_sample/t32_s4_vanilla_seed0__math500__step200__seed0__20260923T104342Z.parquet	22438	1efb6fd3c801b6bfbc93679ebafdfdc1
per_sample/t32_s4_vanilla_seed0__math500__step250__seed0__20260923T104850Z.parquet	22494	63b0784a962d1fb1bc62bb7aedc625e0
per_sample/t32_s4_vanilla_seed0__math500__step50__seed0__20260924T165529Z.parquet	23028	fd0c47ce22050698d5b5896da2053c2b
per_sample/t32_s4_vanilla_seed0__minerva__step100__seed0__20260923T232511Z.parquet	16512	774eb8bc5504e80360d257e0e05cf6d4
per_sample/t32_s4_vanilla_seed0__minerva__step150__seed0__20260923T112340Z.parquet	16562	396213770814ac222a7fcd2824956377
per_sample/t32_s4_vanilla_seed0__minerva__step200__seed0__20260923T104342Z.parquet	16488	56d86c50be7cf92bddd87c211b65ff3b
per_sample/t32_s4_vanilla_seed0__minerva__step250__seed0__20260923T104850Z.parquet	16442	bfe643afdac4d91f175d7e85d4ec1fd1
per_sample/t32_s4_vanilla_seed0__minerva__step50__seed0__20260924T165529Z.parquet	16693	11e583ff30716b2a0486babeb9d9d53c
per_sample/t32_s8_ours_seed0__aime24__step100__seed0__20260923T112342Z.parquet	16318	c8e2797410b51b21a2028341a569f7d5
per_sample/t32_s8_ours_seed0__aime24__step150__seed0__20260923T054353Z.parquet	16384	1d9e0f07b41b5602eced850721c390d2
per_sample/t32_s8_ours_seed0__aime24__step200__seed0__20260923T054355Z.parquet	16319	264cfa0c89c5394a82b9e425320a3d56
per_sample/t32_s8_ours_seed0__aime24__step250__seed0__20260923T054357Z.parquet	16330	80ca1d9ff7959f81c2c4dceaf1fd5e03
per_sample/t32_s8_ours_seed0__aime24__step50__seed0__20260923T161849Z.parquet	16361	ec04d205328008581b3cda9086f779f9
per_sample/t32_s8_ours_seed0__aime25__step100__seed0__20260923T112342Z.parquet	16274	c999dfa7554d9d39e3c060efe168fc44
per_sample/t32_s8_ours_seed0__aime25__step150__seed0__20260923T054353Z.parquet	16232	fd6fea83ad92a5d13f0ad4b154df3605
per_sample/t32_s8_ours_seed0__aime25__step200__seed0__20260923T054355Z.parquet	16115	f0c6ddae97fbbfc3cf5ccb9d6c6154d7
per_sample/t32_s8_ours_seed0__aime25__step250__seed0__20260923T054357Z.parquet	16133	3d86c50b11dae85e755798d1b7f55d14
per_sample/t32_s8_ours_seed0__aime25__step50__seed0__20260923T161849Z.parquet	16247	8faba7f3fe67f1e808c5c974ef7ce2d8
per_sample/t32_s8_ours_seed0__amc23__step100__seed0__20260923T112342Z.parquet	17423	a707879c4281d6dd43457861624eb591
per_sample/t32_s8_ours_seed0__amc23__step150__seed0__20260923T054353Z.parquet	17229	10fe622f96fee61c13b506804f4537bb
per_sample/t32_s8_ours_seed0__amc23__step200__seed0__20260923T054355Z.parquet	17350	2fb883ef2da14aa8dcca70a69fe87098
per_sample/t32_s8_ours_seed0__amc23__step250__seed0__20260923T054357Z.parquet	17386	4cda5e3efe9457b43d7ce05e75f3085a
per_sample/t32_s8_ours_seed0__amc23__step50__seed0__20260923T161849Z.parquet	17432	5971fd852c0611fbec1d6d44a606167e
per_sample/t32_s8_ours_seed0__math500__step100__seed0__20260923T173924Z.parquet	22571	3ace8437e29e101243cf1325b7dfc2c5
per_sample/t32_s8_ours_seed0__math500__step150__seed0__20260923T105003Z.parquet	22551	f83291ac8c1218c9d85b7abdc4ec8f75
per_sample/t32_s8_ours_seed0__math500__step200__seed0__20260923T095250Z.parquet	22478	2aca0803b6d73dabf7751e750ce5b698
per_sample/t32_s8_ours_seed0__math500__step250__seed0__20260923T094109Z.parquet	22410	158e49dc551002572d3afc7fbdfcee20
per_sample/t32_s8_ours_seed0__math500__step50__seed0__20260924T030626Z.parquet	22724	2202171f481d5fd96919e77e3d33b016
per_sample/t32_s8_ours_seed0__minerva__step100__seed0__20260923T173924Z.parquet	16484	c723603324e0d5d141b0f7da81bcc026
per_sample/t32_s8_ours_seed0__minerva__step150__seed0__20260923T105003Z.parquet	16442	23662786ad7bd944b91666c541f635fb
per_sample/t32_s8_ours_seed0__minerva__step200__seed0__20260923T095250Z.parquet	16495	c4c0817d54f0763d2b22e2b82b23718b
per_sample/t32_s8_ours_seed0__minerva__step250__seed0__20260923T094109Z.parquet	16455	d71f25dfb5903018988f40b2f7b489b3
per_sample/t32_s8_ours_seed0__minerva__step50__seed0__20260924T030626Z.parquet	16585	4cf221e80f2a128adbdce3ffc0ae51f4
per_sample/t32_s8_vanilla_seed0__aime24__step100__seed0__20260923T183855Z.parquet	16333	f2fcb685feff59ab77112119ad6f4105
per_sample/t32_s8_vanilla_seed0__aime24__step150__seed0__20260923T102901Z.parquet	16313	5b639f00a632bdb4edf222d7d827c43f
per_sample/t32_s8_vanilla_seed0__aime24__step200__seed0__20260923T102903Z.parquet	16405	7d45d4bbf88bd1b4b6eac42a4b884b4f
per_sample/t32_s8_vanilla_seed0__aime24__step250__seed0__20260923T102906Z.parquet	16276	d7963dd420e3fb1af4f583b9a1d3b21b
per_sample/t32_s8_vanilla_seed0__aime24__step50__seed0__20260923T223850Z.parquet	16433	788e231da9c590b83240b3d8208e1814
per_sample/t32_s8_vanilla_seed0__aime25__step100__seed0__20260923T183855Z.parquet	16193	7e582c49ec25d9f1413e1be5eccbdb1a
per_sample/t32_s8_vanilla_seed0__aime25__step150__seed0__20260923T102901Z.parquet	16098	a12d4ff10913f4fb361c5996022d8f71
per_sample/t32_s8_vanilla_seed0__aime25__step200__seed0__20260923T102903Z.parquet	16305	7111335eb97baea725aa0717c12bef4c
per_sample/t32_s8_vanilla_seed0__aime25__step250__seed0__20260923T102906Z.parquet	16139	07330d165a8ae5aa513435bc3032e460
per_sample/t32_s8_vanilla_seed0__aime25__step50__seed0__20260923T223850Z.parquet	16192	ce05dab79795c2a1a8368dc81168f173
per_sample/t32_s8_vanilla_seed0__amc23__step100__seed0__20260923T183855Z.parquet	17225	608630af4e5d08b8eca436199d018812
per_sample/t32_s8_vanilla_seed0__amc23__step150__seed0__20260923T102901Z.parquet	17346	9f3d95e098a736baef5d93139a0ab606
per_sample/t32_s8_vanilla_seed0__amc23__step200__seed0__20260923T102903Z.parquet	17285	7c401b865ee4fbfb790f23e6fa953911
per_sample/t32_s8_vanilla_seed0__amc23__step250__seed0__20260923T102906Z.parquet	17249	01c2baf4130c3104d7b9d793a39a8125
per_sample/t32_s8_vanilla_seed0__amc23__step50__seed0__20260923T223850Z.parquet	17427	f04d1de6f7574aea9e101f6ff98bdfda
per_sample/t32_s8_vanilla_seed0__math500__step100__seed0__20260923T230520Z.parquet	22414	7f38a584915d10cac97e3cfa01cd812f
per_sample/t32_s8_vanilla_seed0__math500__step150__seed0__20260923T151159Z.parquet	22451	9a7137a88e8062f7f657640b5d560c41
per_sample/t32_s8_vanilla_seed0__math500__step200__seed0__20260923T151428Z.parquet	22392	49ee1eb1130044ed9a194de44f649331
per_sample/t32_s8_vanilla_seed0__math500__step250__seed0__20260923T142623Z.parquet	22422	6c5e7f982f8f17528d4de5b2bfa7c45f
per_sample/t32_s8_vanilla_seed0__math500__step50__seed0__20260924T102706Z.parquet	22828	21e20abbd048fec44981768eef463a4f
per_sample/t32_s8_vanilla_seed0__minerva__step100__seed0__20260923T230520Z.parquet	16570	db63b73ecf9f9c7f23bdcc03fe85e189
per_sample/t32_s8_vanilla_seed0__minerva__step150__seed0__20260923T151159Z.parquet	16498	9a6218f661a7a60e2b4d77970b84d848
per_sample/t32_s8_vanilla_seed0__minerva__step200__seed0__20260923T151428Z.parquet	16476	2c42a92452d8d8666c22930cdb5c2e6e
per_sample/t32_s8_vanilla_seed0__minerva__step250__seed0__20260923T142623Z.parquet	16501	c48f4484eb8adf1315818a680d706417
per_sample/t32_s8_vanilla_seed0__minerva__step50__seed0__20260924T102706Z.parquet	16640	d4ee7cf2da3409eb5996fa270fa715ed
per_sample/t4_s1.7_ours_seed0__aime24__step100__seed0__20260923T135341Z.parquet	16361	5cb0b48d3ed5ec3c47a6685e8b136b5b
per_sample/t4_s1.7_ours_seed0__aime24__step150__seed0__20260923T054343Z.parquet	16347	e9a702c4a459f94804e25594ae9006c5
per_sample/t4_s1.7_ours_seed0__aime24__step200__seed0__20260923T054345Z.parquet	16409	07efb4e1ee28fe545af11be575446394
per_sample/t4_s1.7_ours_seed0__aime24__step250__seed0__20260923T054345Z.parquet	16463	48775e283d9cac46f1b52084eabc7dcb
per_sample/t4_s1.7_ours_seed0__aime24__step50__seed0__20260923T162335Z.parquet	16124	3f3169399be7a3da986bc10c6f06da7f
per_sample/t4_s1.7_ours_seed0__aime25__step100__seed0__20260923T135341Z.parquet	16530	72511d311a4f4eb1bc17d5ad0e69c668
per_sample/t4_s1.7_ours_seed0__aime25__step150__seed0__20260923T054343Z.parquet	16571	c1046c8d2e2727cc5c2c7bd91d07f8f0
per_sample/t4_s1.7_ours_seed0__aime25__step200__seed0__20260923T054345Z.parquet	16620	7c97650519b2189acedef0e87781fa07
per_sample/t4_s1.7_ours_seed0__aime25__step250__seed0__20260923T054345Z.parquet	16600	bc5c684c9bf40666d104c2aa769f545a
per_sample/t4_s1.7_ours_seed0__aime25__step50__seed0__20260923T162335Z.parquet	16288	c10bada21faf7fa998126e61c2429a43
per_sample/t4_s1.7_ours_seed0__amc23__step100__seed0__20260923T135341Z.parquet	17816	b3ceef8b2b46ca484811f80c4d907ccc
per_sample/t4_s1.7_ours_seed0__amc23__step150__seed0__20260923T054343Z.parquet	18005	8eecf8b40db6f3fae387bacb58e416b5
per_sample/t4_s1.7_ours_seed0__amc23__step200__seed0__20260923T054345Z.parquet	17985	b9e8b9e04fb1c7e8954833342e94e03a
per_sample/t4_s1.7_ours_seed0__amc23__step250__seed0__20260923T054345Z.parquet	17958	c29e4695c357a8a6d25f16824bbb362f
per_sample/t4_s1.7_ours_seed0__amc23__step50__seed0__20260923T162335Z.parquet	17852	d61ab99660e380c3c44d41074def13af
per_sample/t4_s1.7_ours_seed0__math500__step100__seed0__20260924T005041Z.parquet	23541	ed5c34718d08a7247260a7285fd218bc
per_sample/t4_s1.7_ours_seed0__math500__step150__seed0__20260923T150256Z.parquet	23273	39bafc5eaaf482b1c9ea977f416b1461
per_sample/t4_s1.7_ours_seed0__math500__step200__seed0__20260923T150317Z.parquet	23400	9849dfeafc7c025968f003268e117cc5
per_sample/t4_s1.7_ours_seed0__math500__step250__seed0__20260923T142356Z.parquet	23279	4813ed3ae8191848fdf1b034ccd7c290
per_sample/t4_s1.7_ours_seed0__math500__step50__seed0__20260924T094359Z.parquet	23593	009dc6543af06d6c7a8b3a0e6dc37659
per_sample/t4_s1.7_ours_seed0__minerva__step100__seed0__20260924T005041Z.parquet	16930	52977389b1d66772c85a9b6405915e19
per_sample/t4_s1.7_ours_seed0__minerva__step150__seed0__20260923T150256Z.parquet	17016	269c33beb2a678bfa56ce37ea00e110c
per_sample/t4_s1.7_ours_seed0__minerva__step200__seed0__20260923T150317Z.parquet	16866	1a9f49d959d6194a15de694802dd85a8
per_sample/t4_s1.7_ours_seed0__minerva__step250__seed0__20260923T142356Z.parquet	16781	bde4392e53ee3a726e6e8f29e35cb197
per_sample/t4_s1.7_ours_seed0__minerva__step50__seed0__20260924T094359Z.parquet	17144	18736b4fbe49c6769eff1834b6db8b42
per_sample/t4_s1.7_vanilla_seed0__aime24__step100__seed0__20260923T184344Z.parquet	16463	9dd9efaa5106e6a59fc5e86bd7dc5e01
per_sample/t4_s1.7_vanilla_seed0__aime24__step150__seed0__20260923T102847Z.parquet	16507	c4db3fc5af3234f2dff8a2653a570ece
per_sample/t4_s1.7_vanilla_seed0__aime24__step200__seed0__20260923T102850Z.parquet	16389	bdf3180363713c1b56cde0e316fa80d1
per_sample/t4_s1.7_vanilla_seed0__aime24__step250__seed0__20260923T102851Z.parquet	16484	1b4d71b5251e194897a992cf3cc7f406
per_sample/t4_s1.7_vanilla_seed0__aime24__step50__seed0__20260923T232837Z.parquet	15913	5f86fec626496843a6e84908994bff05
per_sample/t4_s1.7_vanilla_seed0__aime25__step100__seed0__20260923T184344Z.parquet	16567	a89e6b175ce6a9c4dfbf52dda1bece65
per_sample/t4_s1.7_vanilla_seed0__aime25__step150__seed0__20260923T102847Z.parquet	16582	855a6bb63e5dd102c98dd2e8681c81ca
per_sample/t4_s1.7_vanilla_seed0__aime25__step200__seed0__20260923T102850Z.parquet	16532	304cf6542f2b63e0befe647af3f2be70
per_sample/t4_s1.7_vanilla_seed0__aime25__step250__seed0__20260923T102851Z.parquet	16576	7898e7ecfba6e2933fa59aeb159354fc
per_sample/t4_s1.7_vanilla_seed0__aime25__step50__seed0__20260923T232837Z.parquet	15992	11d67024621c1c8c5d4b39d3e9b4beab
per_sample/t4_s1.7_vanilla_seed0__amc23__step100__seed0__20260923T184344Z.parquet	17945	caeedca4ce697606233170b631bd1a8b
per_sample/t4_s1.7_vanilla_seed0__amc23__step150__seed0__20260923T102847Z.parquet	17882	013bf371c174a7dd2528575988317560
per_sample/t4_s1.7_vanilla_seed0__amc23__step200__seed0__20260923T102850Z.parquet	17925	91d36dd1f9deac8747f59c84b0322120
per_sample/t4_s1.7_vanilla_seed0__amc23__step250__seed0__20260923T102851Z.parquet	18154	8f03f89d32528f337f647d691ef09afd
per_sample/t4_s1.7_vanilla_seed0__amc23__step50__seed0__20260923T232837Z.parquet	17737	458c10a026e1c73131a9b95acbb1ace0
per_sample/t4_s1.7_vanilla_seed0__math500__step100__seed0__20260924T015321Z.parquet	23269	b1a148d257637e6c6eb6822146bdde52
per_sample/t4_s1.7_vanilla_seed0__math500__step150__seed0__20260923T174007Z.parquet	23254	c2ea85f4a65c250be5742162989bab52
per_sample/t4_s1.7_vanilla_seed0__math500__step200__seed0__20260923T180955Z.parquet	23178	00a8bbf82d264c0d17da514b43df6a43
per_sample/t4_s1.7_vanilla_seed0__math500__step250__seed0__20260923T174748Z.parquet	23144	6459870ad4dceba4cd2ecdfcca85a3b8
per_sample/t4_s1.7_vanilla_seed0__math500__step50__seed0__20260924T185025Z.parquet	23722	0c9b8cb17c5423c3fc6275119c970431
per_sample/t4_s1.7_vanilla_seed0__minerva__step100__seed0__20260924T015321Z.parquet	16790	f8e29e30fbd30a384585cd5fa66a3db2
per_sample/t4_s1.7_vanilla_seed0__minerva__step150__seed0__20260923T174007Z.parquet	16840	e0585f524d36202f4efd58dafc542c5a
per_sample/t4_s1.7_vanilla_seed0__minerva__step200__seed0__20260923T180955Z.parquet	16792	14611330f037712c722bdc73c4d13557
per_sample/t4_s1.7_vanilla_seed0__minerva__step250__seed0__20260923T174748Z.parquet	16987	0baf8dc6aa276c86aa3da0c98e1c9a25
per_sample/t4_s1.7_vanilla_seed0__minerva__step50__seed0__20260924T185025Z.parquet	17137	8ef28cdb588d4dddfe58947c24c97a32
per_sample/t4_s4_ours_seed0__aime24__step100__seed0__20260923T114824Z.parquet	16410	680a0caae15e88d6fac5db1c3b7fcd2c
per_sample/t4_s4_ours_seed0__aime24__step150__seed0__20260923T094337Z.parquet	16476	ff1bcacc7191176b839aa6435ec50a5a
per_sample/t4_s4_ours_seed0__aime24__step200__seed0__20260923T034346Z.parquet	16591	f72a2a3bb54a062567d4e0c494502b59
per_sample/t4_s4_ours_seed0__aime24__step250__seed0__20260923T034347Z.parquet	16510	b5d3ad8d43fb61a217fd2269fa8e5816
per_sample/t4_s4_ours_seed0__aime24__step50__seed0__20260923T203824Z.parquet	15982	f8e8b712ad05c2dd28adce5da77d1c12
per_sample/t4_s4_ours_seed0__aime25__step100__seed0__20260923T114824Z.parquet	16427	d93d9902d22c26bb49607e304bfce62f
per_sample/t4_s4_ours_seed0__aime25__step150__seed0__20260923T094337Z.parquet	16336	d1a28355c22d108ff0dc2b9b664c985f
per_sample/t4_s4_ours_seed0__aime25__step200__seed0__20260923T034346Z.parquet	16306	a1580a51fee1164c1e95149db840de6f
per_sample/t4_s4_ours_seed0__aime25__step250__seed0__20260923T034347Z.parquet	16313	cfbad49189dbc9aa056c19d683e95ab3
per_sample/t4_s4_ours_seed0__aime25__step50__seed0__20260923T203824Z.parquet	16351	83e66fb43b91fa2a6628fb4b430dd5bb
per_sample/t4_s4_ours_seed0__amc23__step100__seed0__20260923T114824Z.parquet	17635	ae9e1160c301759edd1d54f0f117c0b7
per_sample/t4_s4_ours_seed0__amc23__step150__seed0__20260923T094337Z.parquet	17848	1f87d88a17dad8e12c90b8bfaf384a55
per_sample/t4_s4_ours_seed0__amc23__step200__seed0__20260923T034346Z.parquet	17620	2e05f691b61802c66787066afb43130a
per_sample/t4_s4_ours_seed0__amc23__step250__seed0__20260923T034347Z.parquet	17738	979d31ee762e469f21986c9c5c53e4da
per_sample/t4_s4_ours_seed0__amc23__step50__seed0__20260923T203824Z.parquet	17636	05a1ab1ba7e5640a433a5bc09b9b3508
per_sample/t4_s4_ours_seed0__math500__step100__seed0__20260923T195620Z.parquet	22695	38752349f6cc6bb348649c994d5c365d
per_sample/t4_s4_ours_seed0__math500__step150__seed0__20260923T163720Z.parquet	22595	34c7c4bdb206e7510f433e7cf99731a7
per_sample/t4_s4_ours_seed0__math500__step200__seed0__20260923T101427Z.parquet	22560	820547bd2d6f70d479f279c9c152467d
per_sample/t4_s4_ours_seed0__math500__step250__seed0__20260923T093230Z.parquet	22539	0bc449cef28ba8a1067a36e42d2823a1
per_sample/t4_s4_ours_seed0__math500__step50__seed0__20260924T170318Z.parquet	23128	829fa463502554bbd6783754d546cf08
per_sample/t4_s4_ours_seed0__minerva__step100__seed0__20260923T195620Z.parquet	16572	e918d0a116c0787a42655003e58776f5
per_sample/t4_s4_ours_seed0__minerva__step150__seed0__20260923T163720Z.parquet	16524	3a28ff0eb06b9597badd170d020009b4
per_sample/t4_s4_ours_seed0__minerva__step200__seed0__20260923T101427Z.parquet	16523	6d3f61d63d4f8a816265484c06383f79
per_sample/t4_s4_ours_seed0__minerva__step250__seed0__20260923T093230Z.parquet	16560	5887950e36013fa2755c03ba6d9a0fc7
per_sample/t4_s4_ours_seed0__minerva__step50__seed0__20260924T170318Z.parquet	16878	8c7dd4f0a76e1ec936aff1ece815dcfb
per_sample/t4_s4_vanilla_seed0__aime24__step100__seed0__20260923T190039Z.parquet	16536	36c76e7eb5f8d13781e0864b0d428690
per_sample/t4_s4_vanilla_seed0__aime24__step150__seed0__20260923T112039Z.parquet	16562	c06a375c231136fb7ef521bca47e1716
per_sample/t4_s4_vanilla_seed0__aime24__step200__seed0__20260923T063553Z.parquet	16591	d1f89a57bd343254891a196459208b67
per_sample/t4_s4_vanilla_seed0__aime24__step250__seed0__20260923T063555Z.parquet	16512	8b18c8d7c76a9fb58823624cae5eafef
per_sample/t4_s4_vanilla_seed0__aime24__step50__seed0__20260924T015539Z.parquet	16222	5d91d77017238576bc4c9d7034590544
per_sample/t4_s4_vanilla_seed0__aime25__step100__seed0__20260923T190039Z.parquet	16367	db42a555e94d49155184b5ac8af3abc9
per_sample/t4_s4_vanilla_seed0__aime25__step150__seed0__20260923T112039Z.parquet	16310	e4ace233e531c7b1fea4b47b09024235
per_sample/t4_s4_vanilla_seed0__aime25__step200__seed0__20260923T063553Z.parquet	16327	c01244d4c29d3003df0f2eae045dca1d
per_sample/t4_s4_vanilla_seed0__aime25__step250__seed0__20260923T063555Z.parquet	16466	e68220df7a561a88d239485d9b2271c8
per_sample/t4_s4_vanilla_seed0__aime25__step50__seed0__20260924T015539Z.parquet	16313	93dafafa7541f468c1322824bbbd9de8
per_sample/t4_s4_vanilla_seed0__amc23__step100__seed0__20260923T190039Z.parquet	17604	1bc28f29684bd7f09a52504993a11b77
per_sample/t4_s4_vanilla_seed0__amc23__step150__seed0__20260923T112039Z.parquet	17519	b06a7946586392ed13176fd9fcdcd31b
per_sample/t4_s4_vanilla_seed0__amc23__step200__seed0__20260923T063553Z.parquet	17741	d2df2dc60986f8fce168ea043fae4d29
per_sample/t4_s4_vanilla_seed0__amc23__step250__seed0__20260923T063555Z.parquet	17587	151be8b4a736cf2371baae98138e4678
per_sample/t4_s4_vanilla_seed0__amc23__step50__seed0__20260924T015539Z.parquet	17612	2887684d7928d781b88afd60103cb8f2
per_sample/t4_s4_vanilla_seed0__math500__step100__seed0__20260924T012224Z.parquet	22585	63ccdef0c67b3e8abf1c2ae3db3e2c39
per_sample/t4_s4_vanilla_seed0__math500__step150__seed0__20260923T180516Z.parquet	22717	bff229f5286a77ffe90810d3d31c6aa5
per_sample/t4_s4_vanilla_seed0__math500__step200__seed0__20260923T120555Z.parquet	22483	6936ba5b338bbdbb9c051c3d17965f6d
per_sample/t4_s4_vanilla_seed0__math500__step250__seed0__20260923T125253Z.parquet	22618	dea878a799ba54dd703b021ace9477f4
per_sample/t4_s4_vanilla_seed0__math500__step50__seed0__20260924T204058Z.parquet	23124	a426df85d04ba2c65ed6243ff19d7377
per_sample/t4_s4_vanilla_seed0__minerva__step100__seed0__20260924T012224Z.parquet	16506	b8ce780f9e2a7a85718447eb876c4624
per_sample/t4_s4_vanilla_seed0__minerva__step150__seed0__20260923T180516Z.parquet	16451	543a822d0ae8564f4ddbb7a1b7f2eeef
per_sample/t4_s4_vanilla_seed0__minerva__step200__seed0__20260923T120555Z.parquet	16545	56a6c82d865e90d29cd0d74acf5f052c
per_sample/t4_s4_vanilla_seed0__minerva__step250__seed0__20260923T125253Z.parquet	16538	5667ef81f6a0a6684dead6193df736ab
per_sample/t4_s4_vanilla_seed0__minerva__step50__seed0__20260924T204058Z.parquet	16736	6d24783c913d42b6f43c0fa263614900
per_sample/t4_s8_ours_seed0__aime24__step100__seed0__20260923T152846Z.parquet	16529	7a5f7eaeba4581677ed7b9dc51415186
per_sample/t4_s8_ours_seed0__aime24__step150__seed0__20260923T054358Z.parquet	16449	07efc58503f3d6444c4e25a38e0ae09e
per_sample/t4_s8_ours_seed0__aime24__step200__seed0__20260923T100841Z.parquet	16443	6e57a01bdffb7b34bfcd1345ed7d7a16
per_sample/t4_s8_ours_seed0__aime24__step250__seed0__20260923T102338Z.parquet	16423	2cdc7322d689fc2bcfb4882905372257
per_sample/t4_s8_ours_seed0__aime24__step50__seed0__20260923T172846Z.parquet	16442	cfbbd4264f307f8187cbbc26c40f5c5b
per_sample/t4_s8_ours_seed0__aime25__step100__seed0__20260923T152846Z.parquet	16308	9b30b920b694c2b4a0590538946e53ef
per_sample/t4_s8_ours_seed0__aime25__step150__seed0__20260923T054358Z.parquet	16360	0fa7e08483c09db3dab99b44da95de4f
per_sample/t4_s8_ours_seed0__aime25__step200__seed0__20260923T100841Z.parquet	16461	09a49996058f845e3dbcffb0b5030cd5
per_sample/t4_s8_ours_seed0__aime25__step250__seed0__20260923T102338Z.parquet	16226	b1da9c8fecf5e88fc790aa8db5436d6f
per_sample/t4_s8_ours_seed0__aime25__step50__seed0__20260923T172846Z.parquet	16278	122e20d2a884d173f1544954c1cbce37
per_sample/t4_s8_ours_seed0__amc23__step100__seed0__20260923T152846Z.parquet	17553	412da548c231cb4eb184e6477d6689f5
per_sample/t4_s8_ours_seed0__amc23__step150__seed0__20260923T054358Z.parquet	17483	4ae6ba4b2f68b15c21edf20cee2c8012
per_sample/t4_s8_ours_seed0__amc23__step200__seed0__20260923T100841Z.parquet	17381	9a90409c317ff8b123f6d2b97a38b082
per_sample/t4_s8_ours_seed0__amc23__step250__seed0__20260923T102338Z.parquet	17520	59a799286a116b98d3c78f5083d4308c
per_sample/t4_s8_ours_seed0__amc23__step50__seed0__20260923T172846Z.parquet	17394	c319394de2b81f54f23e4d8959735c24
per_sample/t4_s8_ours_seed0__math500__step100__seed0__20260923T230942Z.parquet	22789	b22e9b82be7e95ec99baffc51c433a3a
per_sample/t4_s8_ours_seed0__math500__step150__seed0__20260923T131951Z.parquet	22516	1f162dcb5f58f3c1839654634060540e
per_sample/t4_s8_ours_seed0__math500__step200__seed0__20260923T165249Z.parquet	22534	05a948ff17be50192d34292b3023a3f2
per_sample/t4_s8_ours_seed0__math500__step250__seed0__20260923T152355Z.parquet	22564	9f651ae415c674c1edca308a4a4eb796
per_sample/t4_s8_ours_seed0__math500__step50__seed0__20260924T052719Z.parquet	22657	e481a35876f8c7b8cac17cc093189fdd
per_sample/t4_s8_ours_seed0__minerva__step100__seed0__20260923T230942Z.parquet	16477	186e4f5164a85d19010bce19a700eb04
per_sample/t4_s8_ours_seed0__minerva__step150__seed0__20260923T131951Z.parquet	16520	f3656804167a6104aa105754d2283fa1
per_sample/t4_s8_ours_seed0__minerva__step200__seed0__20260923T165249Z.parquet	16493	d09476050c99894ce7236a87c40a84b4
per_sample/t4_s8_ours_seed0__minerva__step250__seed0__20260923T152355Z.parquet	16454	eea934258353c486ce9564410a71aa9f
per_sample/t4_s8_ours_seed0__minerva__step50__seed0__20260924T052719Z.parquet	16577	cc6c2a7bef44504c65ab29ecb6e6edee
per_sample/t4_s8_vanilla_seed0__aime24__step100__seed0__20260923T190352Z.parquet	16629	5caab3a2a1b48db25ff103b2a2245085
per_sample/t4_s8_vanilla_seed0__aime24__step150__seed0__20260923T153848Z.parquet	16502	5cdfc56a717e792f8796fd018b64a365
per_sample/t4_s8_vanilla_seed0__aime24__step200__seed0__20260923T145347Z.parquet	16531	a13b630fb342ce90c611a531b56213f8
per_sample/t4_s8_vanilla_seed0__aime24__step250__seed0__20260923T154343Z.parquet	16497	e844a1179cca7853a6b43c52a6e05ee3
per_sample/t4_s8_vanilla_seed0__aime24__step50__seed0__20260923T234358Z.parquet	16320	5bc9b66d5a114f5ea64331a96c16a5ce
per_sample/t4_s8_vanilla_seed0__aime25__step100__seed0__20260923T190352Z.parquet	16435	b54d7a7860c1002d6c13b368f197c152
per_sample/t4_s8_vanilla_seed0__aime25__step150__seed0__20260923T153848Z.parquet	16383	9771737878d1b9e5d9bb12a0009d3736
per_sample/t4_s8_vanilla_seed0__aime25__step200__seed0__20260923T145347Z.parquet	16301	6ba3e9c9285015aea8672ab80ad12824
per_sample/t4_s8_vanilla_seed0__aime25__step250__seed0__20260923T154343Z.parquet	16349	8104fa7128421afe0ecc034ac1e625b6
per_sample/t4_s8_vanilla_seed0__aime25__step50__seed0__20260923T234358Z.parquet	16195	ec6c9949fd714762361c03bf8efdb3e1
per_sample/t4_s8_vanilla_seed0__amc23__step100__seed0__20260923T190352Z.parquet	17457	7b4d75fe358f996e608e8747bf9ce8c4
per_sample/t4_s8_vanilla_seed0__amc23__step150__seed0__20260923T153848Z.parquet	17478	d1b59afea2ef59de4b0a69ad927d72de
per_sample/t4_s8_vanilla_seed0__amc23__step200__seed0__20260923T145347Z.parquet	17461	af828633fd6d24c5081e706d86030034
per_sample/t4_s8_vanilla_seed0__amc23__step250__seed0__20260923T154343Z.parquet	17457	5733bb186af28e3f423f96d7689fa9c2
per_sample/t4_s8_vanilla_seed0__amc23__step50__seed0__20260923T234358Z.parquet	17608	b8f202cd94d5ed7fdb4d612d5930c16b
per_sample/t4_s8_vanilla_seed0__math500__step100__seed0__20260924T013448Z.parquet	22546	d70a9704948f41966ee163b2583886a1
per_sample/t4_s8_vanilla_seed0__math500__step150__seed0__20260923T225853Z.parquet	22565	dcb60399e6be9fee21633eb12ba8ff94
per_sample/t4_s8_vanilla_seed0__math500__step200__seed0__20260923T214124Z.parquet	22475	fd5c7d85c36f9845aaff26b87f4ad986
per_sample/t4_s8_vanilla_seed0__math500__step250__seed0__20260923T221222Z.parquet	22547	2da337d29294efdc018f787a7059e5fb
per_sample/t4_s8_vanilla_seed0__math500__step50__seed0__20260924T180801Z.parquet	22890	d087823ec205d21c0da7028d9f1399a0
per_sample/t4_s8_vanilla_seed0__minerva__step100__seed0__20260924T013448Z.parquet	16451	bf7b8e3a3f4a75a968f98bc56f483e26
per_sample/t4_s8_vanilla_seed0__minerva__step150__seed0__20260923T225853Z.parquet	16500	b09e64bf7791a0a5fbe59ee3a287f781
per_sample/t4_s8_vanilla_seed0__minerva__step200__seed0__20260923T214124Z.parquet	16508	f367f7aaa6a0cf50f0b478b8bdf0473b
per_sample/t4_s8_vanilla_seed0__minerva__step250__seed0__20260923T221222Z.parquet	16444	478251c098a50e2976438d205d3478b6
per_sample/t4_s8_vanilla_seed0__minerva__step50__seed0__20260924T180801Z.parquet	16702	77ebf1737cee5d392f249e329ffb86ca
per_sample/t8_s1.7_ours_seed0__aime24__step100__seed0__20260923T171829Z.parquet	16527	7a160534cefd8a5e002fbc7a4026e434
per_sample/t8_s1.7_ours_seed0__aime24__step150__seed0__20260923T102827Z.parquet	16504	4f6055f0b51d0bda793f1771a43636ec
per_sample/t8_s1.7_ours_seed0__aime24__step200__seed0__20260923T100334Z.parquet	16484	cffb434e8765576be979f865f7090105
per_sample/t8_s1.7_ours_seed0__aime24__step250__seed0__20260923T104830Z.parquet	16407	7c2314fcaab28a92e7a83e0a323abe5a
per_sample/t8_s1.7_ours_seed0__aime24__step50__seed0__20260923T205327Z.parquet	16396	fa85d690bae1f234f03e47d9a6d8896a
per_sample/t8_s1.7_ours_seed0__aime25__step100__seed0__20260923T171829Z.parquet	16534	89f40b1b6d83ae1d3f0e63ac9c485ed3
per_sample/t8_s1.7_ours_seed0__aime25__step150__seed0__20260923T102827Z.parquet	16662	670631be6f342ba67e6eb36b07aa74d1
per_sample/t8_s1.7_ours_seed0__aime25__step200__seed0__20260923T100334Z.parquet	16582	7edecf78b8335b5fb4ddb6b70ce95378
per_sample/t8_s1.7_ours_seed0__aime25__step250__seed0__20260923T104830Z.parquet	16567	e3e393425c6e62b885e514d938f67ea1
per_sample/t8_s1.7_ours_seed0__aime25__step50__seed0__20260923T205327Z.parquet	16279	637689ed2e50598994bf328c02a5a843
per_sample/t8_s1.7_ours_seed0__amc23__step100__seed0__20260923T171829Z.parquet	18036	7ecfe313f48c3b0a656bd5ea9e461ba9
per_sample/t8_s1.7_ours_seed0__amc23__step150__seed0__20260923T102827Z.parquet	18008	231eff0de565ed0d8bfe8785d0f6a2fb
per_sample/t8_s1.7_ours_seed0__amc23__step200__seed0__20260923T100334Z.parquet	17886	bcfe1c1636d55ed666c6743c3010eb1b
per_sample/t8_s1.7_ours_seed0__amc23__step250__seed0__20260923T104830Z.parquet	17909	524d2add925d748bdf2127f06a8ac60a
per_sample/t8_s1.7_ours_seed0__amc23__step50__seed0__20260923T205327Z.parquet	17845	dbc299d5e0470fc816f30615804454ec
per_sample/t8_s1.7_ours_seed0__math500__step100__seed0__20260924T030345Z.parquet	23440	967f5177ea8585765e36fc0b905596f4
per_sample/t8_s1.7_ours_seed0__math500__step150__seed0__20260923T193328Z.parquet	23400	2bdce589cd0c0429ad1782812f459e3d
per_sample/t8_s1.7_ours_seed0__math500__step200__seed0__20260923T180028Z.parquet	23257	234c890f57cd781356bfd99fafc00c37
per_sample/t8_s1.7_ours_seed0__math500__step250__seed0__20260923T194916Z.parquet	23273	48759002b21137b8961fd0e8e971b7a5
per_sample/t8_s1.7_ours_seed0__math500__step50__seed0__20260924T121120Z.parquet	23568	341dd32395611fdffbcef2968f478ede
per_sample/t8_s1.7_ours_seed0__minerva__step100__seed0__20260924T030345Z.parquet	17056	88f892f58fe28baed5c5683905cb197e
per_sample/t8_s1.7_ours_seed0__minerva__step150__seed0__20260923T193328Z.parquet	16930	6a387cbe56bc1abfb240e9f01dba28a9
per_sample/t8_s1.7_ours_seed0__minerva__step200__seed0__20260923T180028Z.parquet	16757	d044021c138726d7f7b99a33e62bbe08
per_sample/t8_s1.7_ours_seed0__minerva__step250__seed0__20260923T194916Z.parquet	16908	da110d7f9dd19b7d98c20df979b89de5
per_sample/t8_s1.7_ours_seed0__minerva__step50__seed0__20260924T121120Z.parquet	17204	bea062f08bd3920544c9d040091a22bb
per_sample/t8_s1.7_vanilla_seed0__aime24__step100__seed0__20260923T192538Z.parquet	16536	5ceb1ada48bce75ecd530e53f30a1078
per_sample/t8_s1.7_vanilla_seed0__aime24__step150__seed0__20260923T115029Z.parquet	16398	d83fc72267a8af55d2b959bb46f50dfb
per_sample/t8_s1.7_vanilla_seed0__aime24__step200__seed0__20260923T111033Z.parquet	16435	d343a4590b1af566e717e1e3ebb7f6e6
per_sample/t8_s1.7_vanilla_seed0__aime24__step250__seed0__20260923T123535Z.parquet	16462	89059b224f016ef0195fe05e72fb0750
per_sample/t8_s1.7_vanilla_seed0__aime24__step50__seed0__20260924T022523Z.parquet	16117	048181017565e8642beda5fe4c6d3949
per_sample/t8_s1.7_vanilla_seed0__aime25__step100__seed0__20260923T192538Z.parquet	16563	d2545ac35481d56abb2e7e470f3a1b4e
per_sample/t8_s1.7_vanilla_seed0__aime25__step150__seed0__20260923T115029Z.parquet	16613	80ebbd98fd69a19824eea19a23bf1849
per_sample/t8_s1.7_vanilla_seed0__aime25__step200__seed0__20260923T111033Z.parquet	16524	6227ad02f61178552773fb0c1c36c5f2
per_sample/t8_s1.7_vanilla_seed0__aime25__step250__seed0__20260923T123535Z.parquet	16618	d2d274fbd63237173af6aec492860fa0
per_sample/t8_s1.7_vanilla_seed0__aime25__step50__seed0__20260924T022523Z.parquet	16143	4a01cb922617abeaceb010fe2ffdde84
per_sample/t8_s1.7_vanilla_seed0__amc23__step100__seed0__20260923T192538Z.parquet	17867	ef334654bab855967c458edaf237e78d
per_sample/t8_s1.7_vanilla_seed0__amc23__step150__seed0__20260923T115029Z.parquet	17855	d200cf97848549159fbed4247ebebdba
per_sample/t8_s1.7_vanilla_seed0__amc23__step200__seed0__20260923T111033Z.parquet	17783	d7679d59ff486676f74b5b6fbef322bb
per_sample/t8_s1.7_vanilla_seed0__amc23__step250__seed0__20260923T123535Z.parquet	17951	af36578e8fbc7c60663cf10cc38b64a6
per_sample/t8_s1.7_vanilla_seed0__amc23__step50__seed0__20260924T022523Z.parquet	17863	bcd8047c391aaef5c42a34b5a3983442
per_sample/t8_s1.7_vanilla_seed0__math500__step100__seed0__20260924T023243Z.parquet	23085	34c5f0a83100dfa8d9764bad83695dd9
per_sample/t8_s1.7_vanilla_seed0__math500__step150__seed0__20260923T191030Z.parquet	23148	c8c6e001036d7ddfb21f3ab60a05e41f
per_sample/t8_s1.7_vanilla_seed0__math500__step200__seed0__20260923T180842Z.parquet	23015	49a744a10956dc11c37287b75b147a03
per_sample/t8_s1.7_vanilla_seed0__math500__step250__seed0__20260923T183249Z.parquet	23102	69a388186ca5be19b364aa8a32287a29
per_sample/t8_s1.7_vanilla_seed0__math500__step50__seed0__20260924T193215Z.parquet	23498	78d76076b5ac664dcf2fd899603b6f22
per_sample/t8_s1.7_vanilla_seed0__minerva__step100__seed0__20260924T023243Z.parquet	16920	ed7507430192e626c5571146e3c6cd37
per_sample/t8_s1.7_vanilla_seed0__minerva__step150__seed0__20260923T191030Z.parquet	16920	f6e3d37f0643da0f0a48dc525829403a
per_sample/t8_s1.7_vanilla_seed0__minerva__step200__seed0__20260923T180842Z.parquet	16964	0860770677fb7ba9f6b0b79ab90c3a58
per_sample/t8_s1.7_vanilla_seed0__minerva__step250__seed0__20260923T183249Z.parquet	16870	98c63b39a5f56d20f2e753001648391b
per_sample/t8_s1.7_vanilla_seed0__minerva__step50__seed0__20260924T193215Z.parquet	17111	a64a4a6796dd07a78a8968869a42d09d
per_sample/t8_s4_ours_seed0__aime24__step100__seed0__20260923T201039Z.parquet	16493	758b51a13dae6722f4d3188d6a4bb442
per_sample/t8_s4_ours_seed0__aime24__step150__seed0__20260924T033545Z.parquet	16461	a8f3235141d1b44ca0685a1c2d24a744
per_sample/t8_s4_ours_seed0__aime24__step200__seed0__20260924T081038Z.parquet	16506	de55ed5a39365d0c1355c9cc67ac32f4
per_sample/t8_s4_ours_seed0__aime24__step250__seed0__20260924T044037Z.parquet	16492	7ec696b3b4a7a997ecb1b3e8a485ed99
per_sample/t8_s4_ours_seed0__aime24__step50__seed0__20260924T023037Z.parquet	15957	acf6e5b8331daa7ffed7b25e910cb79d
per_sample/t8_s4_ours_seed0__aime25__step100__seed0__20260923T201039Z.parquet	16435	40a47edea9c2788dd582b3dcb65fb2d4
per_sample/t8_s4_ours_seed0__aime25__step150__seed0__20260924T033545Z.parquet	16493	fc67f836730e9bdca974af6d30ddae40
per_sample/t8_s4_ours_seed0__aime25__step200__seed0__20260924T081038Z.parquet	16346	26379c7bead1e55facf5db5961a20264
per_sample/t8_s4_ours_seed0__aime25__step250__seed0__20260924T044037Z.parquet	16291	78aa67eb55c0d29e0201846a52c105a9
per_sample/t8_s4_ours_seed0__aime25__step50__seed0__20260924T023037Z.parquet	16255	95c157a3eb5f5cb7cb55eaa7b8ac86e1
per_sample/t8_s4_ours_seed0__amc23__step100__seed0__20260923T201039Z.parquet	17727	509b7a8e3ccf7264dc678acdb4d6d34a
per_sample/t8_s4_ours_seed0__amc23__step150__seed0__20260924T033545Z.parquet	17574	f6e70007ca555ef05fcdcfc5ec6b2fa7
per_sample/t8_s4_ours_seed0__amc23__step200__seed0__20260924T081038Z.parquet	17750	3ec2e322136c421c5099960d973318f4
per_sample/t8_s4_ours_seed0__amc23__step250__seed0__20260924T044037Z.parquet	17729	643a994e9b452f7cf7f08deac15e974d
per_sample/t8_s4_ours_seed0__amc23__step50__seed0__20260924T023037Z.parquet	17608	54c441ab5fe6ee810f361288b3b6a2c7
per_sample/t8_s4_ours_seed0__math500__step100__seed0__20260924T035222Z.parquet	22764	81b78c45c5ed79b75bb095f8996093f4
per_sample/t8_s4_ours_seed0__math500__step150__seed0__20260924T104252Z.parquet	22577	cd6973b72783e09783db2680a28636f0
per_sample/t8_s4_ours_seed0__math500__step200__seed0__20260924T143231Z.parquet	22552	14b5e460800100a74f0c9111c618542c
per_sample/t8_s4_ours_seed0__math500__step250__seed0__20260924T102258Z.parquet	22567	148ef303b204ff41ff9e15ef84bfefb6
per_sample/t8_s4_ours_seed0__math500__step50__seed0__20260925T002949Z.parquet	23053	046ab916994d1e6d434332f0f6168cd7
per_sample/t8_s4_ours_seed0__minerva__step100__seed0__20260924T035222Z.parquet	16594	43bab1c0e2a02dc0276a9a5618e77929
per_sample/t8_s4_ours_seed0__minerva__step150__seed0__20260924T104252Z.parquet	16572	b8548546560400e3a31f29a0964a8903
per_sample/t8_s4_ours_seed0__minerva__step200__seed0__20260924T143231Z.parquet	16548	1b5940c4f5a69f507c6c32c73ccfdb6e
per_sample/t8_s4_ours_seed0__minerva__step250__seed0__20260924T102258Z.parquet	16493	e98dbfb87b6a3b2510193731a12800dc
per_sample/t8_s4_ours_seed0__minerva__step50__seed0__20260925T002949Z.parquet	16987	7e96ba97f67b5df1fddf083d1f93b8d8
per_sample/t8_s4_vanilla_seed0__aime24__step100__seed0__20260923T210332Z.parquet	16499	daeb72d364ff52617955ec8d851b8c77
per_sample/t8_s4_vanilla_seed0__aime24__step150__seed0__20260923T105836Z.parquet	16527	95558c1afbf78a1a577a6460107de8d8
per_sample/t8_s4_vanilla_seed0__aime24__step200__seed0__20260923T210832Z.parquet	16464	d0a880a3f817a50ada5a53f65b07bc28
per_sample/t8_s4_vanilla_seed0__aime24__step250__seed0__20260924T034827Z.parquet	16417	ee4e257f70fc752db30732faacb956be
per_sample/t8_s4_vanilla_seed0__aime24__step50__seed0__20260923T205839Z.parquet	16309	0e387bd6aa0ebdfc068a66d5d0893cab
per_sample/t8_s4_vanilla_seed0__aime25__step100__seed0__20260923T210332Z.parquet	16417	9c63a15a7db338e87078598f641bc1bc
per_sample/t8_s4_vanilla_seed0__aime25__step150__seed0__20260923T105836Z.parquet	16377	ac4e1737bc789f18b5bf2914a3fc4e8a
per_sample/t8_s4_vanilla_seed0__aime25__step200__seed0__20260923T210832Z.parquet	16411	593f9778a4c9815cc40eb0a5f0d1c2b8
per_sample/t8_s4_vanilla_seed0__aime25__step250__seed0__20260924T034827Z.parquet	16413	842e994840cdf44671c0c749b1938fac
per_sample/t8_s4_vanilla_seed0__aime25__step50__seed0__20260923T205839Z.parquet	16364	8ac8392f57a176d3806d55f6e44c1f02
per_sample/t8_s4_vanilla_seed0__amc23__step100__seed0__20260923T210332Z.parquet	17635	c6bd65b9032b9cd9f248b9d72fb2c7f6
per_sample/t8_s4_vanilla_seed0__amc23__step150__seed0__20260923T105836Z.parquet	17588	065e912bf422d039532f05e3f74c912d
per_sample/t8_s4_vanilla_seed0__amc23__step200__seed0__20260923T210832Z.parquet	17562	60f4c14f0559a25c490dc7b35789b133
per_sample/t8_s4_vanilla_seed0__amc23__step250__seed0__20260924T034827Z.parquet	17566	fdb35959a4319fd277b1a0ef5ce09159
per_sample/t8_s4_vanilla_seed0__amc23__step50__seed0__20260923T205839Z.parquet	17598	ee3a757f3116379a11c36283196767f7
per_sample/t8_s4_vanilla_seed0__math500__step100__seed0__20260924T031143Z.parquet	22634	8ae4852a772fd8cc9aa69346b56f5e9c
per_sample/t8_s4_vanilla_seed0__math500__step150__seed0__20260923T165656Z.parquet	22547	e3fefc0c01ec650a13cbbc3ebe5e4f3b
per_sample/t8_s4_vanilla_seed0__math500__step200__seed0__20260924T031004Z.parquet	22537	825d55559905ce919b613b6a0b43750b
per_sample/t8_s4_vanilla_seed0__math500__step250__seed0__20260924T093720Z.parquet	22470	00fd0a1c31277e0e4dc43053206b8090
per_sample/t8_s4_vanilla_seed0__math500__step50__seed0__20260924T121920Z.parquet	22993	3ba10ec88e9b5b3bdfdd4cc2612f2e38
per_sample/t8_s4_vanilla_seed0__minerva__step100__seed0__20260924T031143Z.parquet	16483	41bedb56e3c8c6de61da621cef175731
per_sample/t8_s4_vanilla_seed0__minerva__step150__seed0__20260923T165656Z.parquet	16492	444f4987b0c02fed7dc7b7593d69abe8
per_sample/t8_s4_vanilla_seed0__minerva__step200__seed0__20260924T031004Z.parquet	16586	df6de518eaf41a06cb1291ce64a9479c
per_sample/t8_s4_vanilla_seed0__minerva__step250__seed0__20260924T093720Z.parquet	16518	d02203ce02af26523489a00fbf3477e6
per_sample/t8_s4_vanilla_seed0__minerva__step50__seed0__20260924T121920Z.parquet	16651	91fb0953bc3c56a6c247e6a321e806c3
per_sample/t8_s8_ours_seed0__aime24__step100__seed0__20260923T220852Z.parquet	16484	df80bb82b20ddf038372cd8c557edd89
per_sample/t8_s8_ours_seed0__aime24__step150__seed0__20260924T025400Z.parquet	16334	8adae950128802c581e9282553423f98
per_sample/t8_s8_ours_seed0__aime24__step200__seed0__20260924T074848Z.parquet	16506	809c31f0f38e7d1f0e854ad4ef5a2601
per_sample/t8_s8_ours_seed0__aime24__step250__seed0__20260924T044353Z.parquet	16470	e7881fed78e020508d641d36f4d94014
per_sample/t8_s8_ours_seed0__aime24__step50__seed0__20260924T020858Z.parquet	16456	524ab391d718fcf7570b9b493d6b6322
per_sample/t8_s8_ours_seed0__aime25__step100__seed0__20260923T220852Z.parquet	16192	07b6b7487a1712b1adb5f6ac713d146a
per_sample/t8_s8_ours_seed0__aime25__step150__seed0__20260924T025400Z.parquet	16198	6c3df151682b5c064f1c212e329b93ab
per_sample/t8_s8_ours_seed0__aime25__step200__seed0__20260924T074848Z.parquet	16219	a8bd67e63b68e7db0d99f826563a927a
per_sample/t8_s8_ours_seed0__aime25__step250__seed0__20260924T044353Z.parquet	16138	05b8b4a3ccb896287827093f9bbfacb8
per_sample/t8_s8_ours_seed0__aime25__step50__seed0__20260924T020858Z.parquet	16230	709c6fd5cf0c5bb6fcf1b02a3bf7020d
per_sample/t8_s8_ours_seed0__amc23__step100__seed0__20260923T220852Z.parquet	17431	10e834d87ea9d2a2411608fcb5971f78
per_sample/t8_s8_ours_seed0__amc23__step150__seed0__20260924T025400Z.parquet	17527	4ea96dfafdf6f7912fe4d32a5500b0a0
per_sample/t8_s8_ours_seed0__amc23__step200__seed0__20260924T074848Z.parquet	17351	5864e9b03d0d910d65436860346870f2
per_sample/t8_s8_ours_seed0__amc23__step250__seed0__20260924T044353Z.parquet	17558	68733d2ba4196348b78c4f0f99ccd542
per_sample/t8_s8_ours_seed0__amc23__step50__seed0__20260924T020858Z.parquet	17367	af03cf8b399008780b620e36136d1fbf
per_sample/t8_s8_ours_seed0__math500__step100__seed0__20260924T041732Z.parquet	22454	e8ae0b1341335c5235335940cb57c928
per_sample/t8_s8_ours_seed0__math500__step150__seed0__20260924T081228Z.parquet	22477	d56145029345d3d58881ece3c644371e
per_sample/t8_s8_ours_seed0__math500__step200__seed0__20260924T125219Z.parquet	22470	3abeaecb5f4a155cc31cdc7e4bd2ec46
per_sample/t8_s8_ours_seed0__math500__step250__seed0__20260924T090413Z.parquet	22438	38f416d8bec97b40ad243966c959d15c
per_sample/t8_s8_ours_seed0__math500__step50__seed0__20260924T102206Z.parquet	22706	78c8d0b18489553dd3582249a7d4e82e
per_sample/t8_s8_ours_seed0__minerva__step100__seed0__20260924T041732Z.parquet	16436	344d63bf11d05d07dcc49fa77c61628e
per_sample/t8_s8_ours_seed0__minerva__step150__seed0__20260924T081228Z.parquet	16501	7a589114ba8a3330aef64eeb58ca14f6
per_sample/t8_s8_ours_seed0__minerva__step200__seed0__20260924T125219Z.parquet	16535	a456be95a91142e3c95b02ae556ff6f3
per_sample/t8_s8_ours_seed0__minerva__step250__seed0__20260924T090413Z.parquet	16490	f3e46c15ed80e617fce21cd433f9c259
per_sample/t8_s8_ours_seed0__minerva__step50__seed0__20260924T102206Z.parquet	16505	ce7059ff01ed896ea5a6e27f4f6e7908
per_sample/t8_s8_vanilla_seed0__aime24__step100__seed0__20260923T155343Z.parquet	16422	4f39cea9fbd67e930aeb0d665eef297a
per_sample/t8_s8_vanilla_seed0__aime24__step150__seed0__20260923T193841Z.parquet	16492	517cf06ced5cd563f636e8816c30e50c
per_sample/t8_s8_vanilla_seed0__aime24__step200__seed0__20260923T232844Z.parquet	16399	58b595df3b16c9489b739f76f25353d5
per_sample/t8_s8_vanilla_seed0__aime24__step250__seed0__20260923T235353Z.parquet	16571	b4e30ee86d0bde65de0756a1e3075be1
per_sample/t8_s8_vanilla_seed0__aime24__step50__seed0__20260923T181342Z.parquet	16471	247d8d25465bd0bd7d86d0c3e5686ab7
per_sample/t8_s8_vanilla_seed0__aime25__step100__seed0__20260923T155343Z.parquet	16322	ee349bbc007a41ebf32f1454b562e144
per_sample/t8_s8_vanilla_seed0__aime25__step150__seed0__20260923T193841Z.parquet	16303	cb5204a87a6907841fcdf244fa9917c4
per_sample/t8_s8_vanilla_seed0__aime25__step200__seed0__20260923T232844Z.parquet	16335	cafc3edc0e82df30ad6d19d66f706486
per_sample/t8_s8_vanilla_seed0__aime25__step250__seed0__20260923T235353Z.parquet	16281	7174ef11db2dc6c15938eedf563b3877
per_sample/t8_s8_vanilla_seed0__aime25__step50__seed0__20260923T181342Z.parquet	16331	65a7411fecf53dea80f28cbd709a6177
per_sample/t8_s8_vanilla_seed0__amc23__step100__seed0__20260923T155343Z.parquet	17390	e05d696024137d54c022ebd847326668
per_sample/t8_s8_vanilla_seed0__amc23__step150__seed0__20260923T193841Z.parquet	17387	e2aec4154c7ed98baeabc44a972b4134
per_sample/t8_s8_vanilla_seed0__amc23__step200__seed0__20260923T232844Z.parquet	17352	f7a36e6ff2837ef3698485cf8655a160
per_sample/t8_s8_vanilla_seed0__amc23__step250__seed0__20260923T235353Z.parquet	17328	7d8de9c78592c9417c58af2c7cad7933
per_sample/t8_s8_vanilla_seed0__amc23__step50__seed0__20260923T181342Z.parquet	17330	a8ede7a9ad225842cc2c8ed1ad5c253f
per_sample/t8_s8_vanilla_seed0__math500__step100__seed0__20260923T225452Z.parquet	22545	58dab6a6d7fcd179b0b611d23086fdee
per_sample/t8_s8_vanilla_seed0__math500__step150__seed0__20260924T014002Z.parquet	22497	34f8411dc29fa3c816dd9b98f1493120
per_sample/t8_s8_vanilla_seed0__math500__step200__seed0__20260924T050633Z.parquet	22506	294478662ff128714c92ea76f5439517
per_sample/t8_s8_vanilla_seed0__math500__step250__seed0__20260924T051340Z.parquet	22420	692be9d27d435a7d13cf63459cd1c1b8
per_sample/t8_s8_vanilla_seed0__math500__step50__seed0__20260924T053507Z.parquet	22750	cc9ae5bef506a497cbcbea4acfac7d9a
per_sample/t8_s8_vanilla_seed0__minerva__step100__seed0__20260923T225452Z.parquet	16493	6e71a8cb2abd4e588ff2dc5d1fbe585b
per_sample/t8_s8_vanilla_seed0__minerva__step150__seed0__20260924T014002Z.parquet	16541	e37283a7c50b05e5b95afd88cf743c88
per_sample/t8_s8_vanilla_seed0__minerva__step200__seed0__20260924T050633Z.parquet	16549	220f5b1bfbf66dc01e1fee8c9c570a21
per_sample/t8_s8_vanilla_seed0__minerva__step250__seed0__20260924T051340Z.parquet	16464	bf80a1aa1380bf8ee411451d40e17b14
per_sample/t8_s8_vanilla_seed0__minerva__step50__seed0__20260924T053507Z.parquet	16601	87e9b8983a01bee609bac5da75a2012b
train/inloop_val.tsv	2651	5f3fc558ecf63521c69dde398e79242c
train/manifests/t32_s1.7_ours_seed0/latest_checkpointed_iteration.txt	3	6c9882bbac1c7093bd25041881277658
train/manifests/t32_s1.7_ours_seed0/launch_20260922T160255Z.json	2762	912ef4a91d9a43138b572857a3a0c10c
train/manifests/t32_s1.7_ours_seed0/run_manifest.json	2762	912ef4a91d9a43138b572857a3a0c10c
train/manifests/t32_s1.7_ours_seed0/simopd_fingerprint.txt	13	3134ffbb39c3f1714afb673dadb0765e
train/manifests/t32_s1.7_ours_seed0/simopd_stop_contract.txt	4	867240cb4a235673636a4eded5ed2d95
train/manifests/t32_s1.7_vanilla_seed0/latest_checkpointed_iteration.txt	3	6c9882bbac1c7093bd25041881277658
train/manifests/t32_s1.7_vanilla_seed0/launch_20260922T142138Z.json	2603	e84bf8d4342905de44906683979c26a5
train/manifests/t32_s1.7_vanilla_seed0/run_manifest.json	2603	e84bf8d4342905de44906683979c26a5
train/manifests/t32_s1.7_vanilla_seed0/simopd_fingerprint.txt	13	0bcfe637932afeae6b9be67c8b732148
train/manifests/t32_s1.7_vanilla_seed0/simopd_stop_contract.txt	4	867240cb4a235673636a4eded5ed2d95
train/manifests/t32_s4_ours_seed0/latest_checkpointed_iteration.txt	3	6c9882bbac1c7093bd25041881277658
train/manifests/t32_s4_ours_seed0/launch_20260921T072214Z.json	2750	6904a497ef025860bc3e2c655eb200c4
train/manifests/t32_s4_ours_seed0/run_manifest.json	2750	6904a497ef025860bc3e2c655eb200c4
train/manifests/t32_s4_ours_seed0/simopd_fingerprint.txt	13	2884f262a110acc7f52d19d9d3399250
train/manifests/t32_s4_ours_seed0/simopd_stop_contract.txt	4	867240cb4a235673636a4eded5ed2d95
train/manifests/t32_s4_vanilla_seed0/latest_checkpointed_iteration.txt	3	6c9882bbac1c7093bd25041881277658
train/manifests/t32_s4_vanilla_seed0/launch_20260921T072214Z.json	2591	f08dde50cb20840881e795fd5b75a3c5
train/manifests/t32_s4_vanilla_seed0/launch_20260921T072541Z.json	2591	b8dfe3de59e8727d3bd3cbf2e78572ae
train/manifests/t32_s4_vanilla_seed0/run_manifest.json	2591	b8dfe3de59e8727d3bd3cbf2e78572ae
train/manifests/t32_s4_vanilla_seed0/simopd_fingerprint.txt	13	f66fb0df9b00dac8537191ef9700a785
train/manifests/t32_s4_vanilla_seed0/simopd_stop_contract.txt	4	867240cb4a235673636a4eded5ed2d95
train/manifests/t32_s8_ours_seed0/latest_checkpointed_iteration.txt	3	6c9882bbac1c7093bd25041881277658
train/manifests/t32_s8_ours_seed0/launch_20260921T072522Z.json	2750	a6e68cb1df2ee67e80ad8ddefedad9e3
train/manifests/t32_s8_ours_seed0/run_manifest.json	2750	a6e68cb1df2ee67e80ad8ddefedad9e3
train/manifests/t32_s8_ours_seed0/simopd_fingerprint.txt	13	19d00c27382a68f2f6c8ecc0b9fbc353
train/manifests/t32_s8_ours_seed0/simopd_stop_contract.txt	4	867240cb4a235673636a4eded5ed2d95
train/manifests/t32_s8_vanilla_seed0/latest_checkpointed_iteration.txt	3	6c9882bbac1c7093bd25041881277658
train/manifests/t32_s8_vanilla_seed0/launch_20260921T072432Z.json	2591	2373bd6ad641ca44f2a2b9852860c8a8
train/manifests/t32_s8_vanilla_seed0/run_manifest.json	2591	2373bd6ad641ca44f2a2b9852860c8a8
train/manifests/t32_s8_vanilla_seed0/simopd_fingerprint.txt	13	8649638d8ca9375cd778f265ba3281ec
train/manifests/t32_s8_vanilla_seed0/simopd_stop_contract.txt	4	867240cb4a235673636a4eded5ed2d95
train/manifests/t4_s1.7_ours_seed0/latest_checkpointed_iteration.txt	3	6c9882bbac1c7093bd25041881277658
train/manifests/t4_s1.7_ours_seed0/launch_20260922T224010Z.json	2756	11dfc6471e09aa4f815ffd0c8ab2ec05
train/manifests/t4_s1.7_ours_seed0/run_manifest.json	2756	11dfc6471e09aa4f815ffd0c8ab2ec05
train/manifests/t4_s1.7_ours_seed0/simopd_fingerprint.txt	13	271cc6113209768e6bbcd3e0597bbfb6
train/manifests/t4_s1.7_ours_seed0/simopd_stop_contract.txt	4	867240cb4a235673636a4eded5ed2d95
train/manifests/t4_s1.7_vanilla_seed0/latest_checkpointed_iteration.txt	3	6c9882bbac1c7093bd25041881277658
train/manifests/t4_s1.7_vanilla_seed0/launch_20260923T011507Z.json	2597	fdc989eefa6a76811a7118573e1527ef
train/manifests/t4_s1.7_vanilla_seed0/run_manifest.json	2597	fdc989eefa6a76811a7118573e1527ef
train/manifests/t4_s1.7_vanilla_seed0/simopd_fingerprint.txt	13	9ea842d482537606a81997c6afbc05fc
train/manifests/t4_s1.7_vanilla_seed0/simopd_stop_contract.txt	4	867240cb4a235673636a4eded5ed2d95
train/manifests/t4_s4_ours_seed0/latest_checkpointed_iteration.txt	3	6c9882bbac1c7093bd25041881277658
train/manifests/t4_s4_ours_seed0/launch_20260922T031436Z.json	2744	78648440bafb5c693af327bd89c27045
train/manifests/t4_s4_ours_seed0/run_manifest.json	2744	78648440bafb5c693af327bd89c27045
train/manifests/t4_s4_ours_seed0/simopd_fingerprint.txt	13	39dc17650eebc5753d0ee2a104fd109d
train/manifests/t4_s4_ours_seed0/simopd_stop_contract.txt	4	867240cb4a235673636a4eded5ed2d95
train/manifests/t4_s4_vanilla_seed0/latest_checkpointed_iteration.txt	3	6c9882bbac1c7093bd25041881277658
train/manifests/t4_s4_vanilla_seed0/launch_20260922T035247Z.json	2585	3da5dd78d2be4f3abfe2c4d06683f19a
train/manifests/t4_s4_vanilla_seed0/run_manifest.json	2585	3da5dd78d2be4f3abfe2c4d06683f19a
train/manifests/t4_s4_vanilla_seed0/simopd_fingerprint.txt	13	d9d7295245ed0a60e0b73b5bc2444222
train/manifests/t4_s4_vanilla_seed0/simopd_stop_contract.txt	4	867240cb4a235673636a4eded5ed2d95
train/manifests/t4_s8_ours_seed0/latest_checkpointed_iteration.txt	3	6c9882bbac1c7093bd25041881277658
train/manifests/t4_s8_ours_seed0/launch_20260922T083624Z.json	2744	3f9b744228fd3880ce9a2ad6395bc26c
train/manifests/t4_s8_ours_seed0/run_manifest.json	2744	3f9b744228fd3880ce9a2ad6395bc26c
train/manifests/t4_s8_ours_seed0/simopd_fingerprint.txt	13	1b4762ce6c6445fd9bf554ca3ff4cf8b
train/manifests/t4_s8_ours_seed0/simopd_stop_contract.txt	4	867240cb4a235673636a4eded5ed2d95
train/manifests/t4_s8_vanilla_seed0/latest_checkpointed_iteration.txt	3	6c9882bbac1c7093bd25041881277658
train/manifests/t4_s8_vanilla_seed0/launch_20260922T091330Z.json	2585	06a42c83cb6c1cc2bf14e16d1f3f7544
train/manifests/t4_s8_vanilla_seed0/run_manifest.json	2585	06a42c83cb6c1cc2bf14e16d1f3f7544
train/manifests/t4_s8_vanilla_seed0/simopd_fingerprint.txt	13	9ed03869a9f45d941a8cd8cd13a480a6
train/manifests/t4_s8_vanilla_seed0/simopd_stop_contract.txt	4	867240cb4a235673636a4eded5ed2d95
train/manifests/t8_s1.7_ours_seed0/latest_checkpointed_iteration.txt	3	6c9882bbac1c7093bd25041881277658
train/manifests/t8_s1.7_ours_seed0/launch_20260922T210857Z.json	2756	e4c5c72dd67300d1c51fb8c9a27cc727
train/manifests/t8_s1.7_ours_seed0/run_manifest.json	2756	e4c5c72dd67300d1c51fb8c9a27cc727
train/manifests/t8_s1.7_ours_seed0/simopd_fingerprint.txt	13	2f882e5e7de2ad9f8243cfc7675ee5fe
train/manifests/t8_s1.7_ours_seed0/simopd_stop_contract.txt	4	867240cb4a235673636a4eded5ed2d95
train/manifests/t8_s1.7_vanilla_seed0/latest_checkpointed_iteration.txt	3	6c9882bbac1c7093bd25041881277658
train/manifests/t8_s1.7_vanilla_seed0/launch_20260922T220648Z.json	2597	8801c8c87460e32c5744ce062d2f1759
train/manifests/t8_s1.7_vanilla_seed0/run_manifest.json	2597	8801c8c87460e32c5744ce062d2f1759
train/manifests/t8_s1.7_vanilla_seed0/simopd_fingerprint.txt	13	d3f0beb53bfce1748e24eea4516105c2
train/manifests/t8_s1.7_vanilla_seed0/simopd_stop_contract.txt	4	867240cb4a235673636a4eded5ed2d95
train/manifests/t8_s4_ours_seed0/latest_checkpointed_iteration.txt	3	6c9882bbac1c7093bd25041881277658
train/manifests/t8_s4_ours_seed0/launch_20260921T164656Z.json	2744	83b5729ff09ec4feaf95b2550f0058ac
train/manifests/t8_s4_ours_seed0/run_manifest.json	2744	83b5729ff09ec4feaf95b2550f0058ac
train/manifests/t8_s4_ours_seed0/simopd_fingerprint.txt	13	01347e01bb88fd13a9a5f4ca6a4af01d
train/manifests/t8_s4_ours_seed0/simopd_stop_contract.txt	4	867240cb4a235673636a4eded5ed2d95
train/manifests/t8_s4_vanilla_seed0/latest_checkpointed_iteration.txt	3	6c9882bbac1c7093bd25041881277658
train/manifests/t8_s4_vanilla_seed0/launch_20260921T145030Z.json	2585	a849d93b3f10227ac09b2453e2872ae1
train/manifests/t8_s4_vanilla_seed0/run_manifest.json	2585	a849d93b3f10227ac09b2453e2872ae1
train/manifests/t8_s4_vanilla_seed0/simopd_fingerprint.txt	13	f8c4ea7aa1e2ad93bc1d9d6422029189
train/manifests/t8_s4_vanilla_seed0/simopd_stop_contract.txt	4	867240cb4a235673636a4eded5ed2d95
train/manifests/t8_s8_ours_seed0/latest_checkpointed_iteration.txt	3	6c9882bbac1c7093bd25041881277658
train/manifests/t8_s8_ours_seed0/launch_20260921T194925Z.json	2744	4da482da3fcdc55acd120ad3d29b4820
train/manifests/t8_s8_ours_seed0/run_manifest.json	2744	4da482da3fcdc55acd120ad3d29b4820
train/manifests/t8_s8_ours_seed0/simopd_fingerprint.txt	13	9534f79dec0c89d6d9d428bffcadddfe
train/manifests/t8_s8_ours_seed0/simopd_stop_contract.txt	4	867240cb4a235673636a4eded5ed2d95
train/manifests/t8_s8_vanilla_seed0/latest_checkpointed_iteration.txt	3	6c9882bbac1c7093bd25041881277658
train/manifests/t8_s8_vanilla_seed0/launch_20260921T174912Z.json	2585	2e359c82a7b68172445c7c1ea54b6458
train/manifests/t8_s8_vanilla_seed0/run_manifest.json	2585	2e359c82a7b68172445c7c1ea54b6458
train/manifests/t8_s8_vanilla_seed0/simopd_fingerprint.txt	13	245d4848674f18631e1ff3a5b0e05c68
train/manifests/t8_s8_vanilla_seed0/simopd_stop_contract.txt	4	867240cb4a235673636a4eded5ed2d95
train/metrics/t32_s1.7_ours_seed0/launch_20260922T160253Z.jsonl.gz	232303	f279551177d25ae05955d4ec9f30f1a4
train/metrics/t32_s1.7_vanilla_seed0/launch_20260922T142136Z.jsonl.gz	349738	b046080ba9c5417e7aadeab6cecf6a29
train/metrics/t32_s4_ours_seed0/launch_20260921T072213Z.jsonl.gz	232619	83235f0c75311da98fc0e9269d072a07
train/metrics/t32_s4_vanilla_seed0/launch_20260921T072540Z.jsonl.gz	349452	bf4ec0d0c24588aba037543573095c86
train/metrics/t32_s8_ours_seed0/launch_20260921T072521Z.jsonl.gz	231110	3ee00a95ac053538976ab10b1f0c7ac0
train/metrics/t32_s8_vanilla_seed0/launch_20260921T072430Z.jsonl.gz	348980	ca4cb0e20084ef054716a7126a69548c
train/metrics/t4_s1.7_ours_seed0/launch_20260922T224009Z.jsonl.gz	233831	96a16699b47c258d2d4e3165d774f732
train/metrics/t4_s1.7_vanilla_seed0/launch_20260923T011505Z.jsonl.gz	349679	4be3deb7e1d0a183cc57603158a2d4d6
train/metrics/t4_s4_ours_seed0/launch_20260922T031435Z.jsonl.gz	233488	45bb1b844d4f902c2008b6274dc03e27
train/metrics/t4_s4_vanilla_seed0/launch_20260922T035246Z.jsonl.gz	350066	e78cd7ed6ce4c591a9e715f22ace15ba
train/metrics/t4_s8_ours_seed0/launch_20260922T083623Z.jsonl.gz	232149	e86e43e5ea247eb4c5fcdd197c1825dc
train/metrics/t4_s8_vanilla_seed0/launch_20260922T091329Z.jsonl.gz	349871	5aa9fc4ac2a74dfc60ad7eef98d436f9
train/metrics/t8_s1.7_ours_seed0/launch_20260922T210855Z.jsonl.gz	233980	8b3890d929b14656910f39e2f2c234b9
train/metrics/t8_s1.7_vanilla_seed0/launch_20260922T220647Z.jsonl.gz	350471	2ebff5d6d073872e8afd03aaa3ce24fe
train/metrics/t8_s4_ours_seed0/launch_20260921T164655Z.jsonl.gz	233807	4866789a144f923aa0f64ffe944f4cd2
train/metrics/t8_s4_vanilla_seed0/launch_20260921T145028Z.jsonl.gz	350047	d9c7480d45a46d06ec379895fb851003
train/metrics/t8_s8_ours_seed0/launch_20260921T194924Z.jsonl.gz	232076	cda1e03b781ad1598eb2f0a899612f44
train/metrics/t8_s8_vanilla_seed0/launch_20260921T174911Z.jsonl.gz	350175	d4387f00184f2ddcef02ca871fcc0a64
train/runs.tsv	2713	b2c7d4f4f1dd9495e0f62cb18105ed92
traj_samples/t32_s1.7_ours_seed0/stage_0025.json	384	ba809094bc5d8fc9c3bece188181855d
traj_samples/t32_s1.7_ours_seed0/stage_0025.parquet	190006	1b6a0c743b2847d50224b43227cca827
traj_samples/t32_s1.7_ours_seed0/stage_0050.json	384	4fc519b73eb9475bc7c665bf357dbe68
traj_samples/t32_s1.7_ours_seed0/stage_0050.parquet	274266	7d3d1c94163b907ab3e4082bcd8d077f
traj_samples/t32_s1.7_ours_seed0/stage_0075.json	386	670d4888fd67ecef574898bcc5a5fad4
traj_samples/t32_s1.7_ours_seed0/stage_0075.parquet	408283	e5246df8055c5a716f4249472876291c
traj_samples/t32_s1.7_ours_seed0/stage_0100.json	388	585a90ed2c83bf07b35464853390e719
traj_samples/t32_s1.7_ours_seed0/stage_0100.parquet	399943	fddfc74f13581287ccdb389f96bbbb23
traj_samples/t32_s1.7_ours_seed0/stage_0125.json	389	5b74e32dba79548745bf4b510e866d14
traj_samples/t32_s1.7_ours_seed0/stage_0125.parquet	395345	0610849dc67dca285630943fc5b165c9
traj_samples/t32_s1.7_ours_seed0/stage_0150.json	386	f987e472bf85f94b721159ca60496d7e
traj_samples/t32_s1.7_ours_seed0/stage_0150.parquet	394388	6b87b1a38c943812e7298fd06808a397
traj_samples/t32_s1.7_ours_seed0/stage_0175.json	388	e85d19362be46d52741b968aff308619
traj_samples/t32_s1.7_ours_seed0/stage_0175.parquet	451742	4774900a5b872c55b567f049cfe30b5f
traj_samples/t32_s1.7_ours_seed0/stage_0200.json	389	9e3f49c7b13954bf64daf0c70f425f18
traj_samples/t32_s1.7_ours_seed0/stage_0200.parquet	539627	f59e99bf09ec53d2260cdc83fa3da464
traj_samples/t32_s1.7_ours_seed0/stage_0225.json	389	5278a4d2fffa71abea61b752cbfefde2
traj_samples/t32_s1.7_ours_seed0/stage_0225.parquet	1046754	80ba28cc6ac110496e459011ffdc430b
traj_samples/t32_s1.7_ours_seed0/stage_0250.json	391	5e7dfbeafa8f42096117debda4216af2
traj_samples/t32_s1.7_ours_seed0/stage_0250.parquet	1489878	8075d8a1c734e5a66ed298c835f30adf
traj_samples/t32_s1.7_vanilla_seed0/stage_0025.json	390	7419a6c4679739bafce26d8b633e7108
traj_samples/t32_s1.7_vanilla_seed0/stage_0025.parquet	237204	165ae7fba9f886ce166403f144876454
traj_samples/t32_s1.7_vanilla_seed0/stage_0050.json	387	6204a027aea7d1516f078e09cbf696da
traj_samples/t32_s1.7_vanilla_seed0/stage_0050.parquet	268670	783ac00f7e6d483ef7622dd39024c882
traj_samples/t32_s1.7_vanilla_seed0/stage_0075.json	389	41c23b18e3cde4cc74b3ead3f3338ce1
traj_samples/t32_s1.7_vanilla_seed0/stage_0075.parquet	320605	cbadf6f3ed2d556d23e5cbd9993e420c
traj_samples/t32_s1.7_vanilla_seed0/stage_0100.json	389	0b236b7a2fa034f2997b6874dcef21e5
traj_samples/t32_s1.7_vanilla_seed0/stage_0100.parquet	344894	1414cdb0faa1891eca16da50d453c258
traj_samples/t32_s1.7_vanilla_seed0/stage_0125.json	391	67940c6980316d161be8fe8ef2ead427
traj_samples/t32_s1.7_vanilla_seed0/stage_0125.parquet	352976	705abcf4e3a3c644746479a1fa6e25cd
traj_samples/t32_s1.7_vanilla_seed0/stage_0150.json	391	8290ab84a99c6955612c0279ae25c6c7
traj_samples/t32_s1.7_vanilla_seed0/stage_0150.parquet	335782	7822b89178c3a7d4fbfa42014fb7b7a9
traj_samples/t32_s1.7_vanilla_seed0/stage_0175.json	389	a7e78e1a057b3d46bea5f50d4f99418f
traj_samples/t32_s1.7_vanilla_seed0/stage_0175.parquet	366875	40b298aa1f9b9c82a89858ec0d4daa8d
traj_samples/t32_s1.7_vanilla_seed0/stage_0200.json	390	2cc51a59e0108ed93d0b57854ecf7ba0
traj_samples/t32_s1.7_vanilla_seed0/stage_0200.parquet	361986	7076012a9be9b72f4db60a088ec07ca5
traj_samples/t32_s1.7_vanilla_seed0/stage_0225.json	392	663d0ec1e2dbcf762750cd5b663452bc
traj_samples/t32_s1.7_vanilla_seed0/stage_0225.parquet	355564	fdbfdd6be1b82308ddf51407149c369f
traj_samples/t32_s1.7_vanilla_seed0/stage_0250.json	388	b4abf8391212da6aaa9f05189abfdf54
traj_samples/t32_s1.7_vanilla_seed0/stage_0250.parquet	355550	00600299c7558505e728ec7b4ceeef05
traj_samples/t32_s4_ours_seed0/stage_0025.json	379	9ebb065a5f310cab4b15d02270519c21
traj_samples/t32_s4_ours_seed0/stage_0025.parquet	188182	edc9162d6d99830bb103c3c5174253c8
traj_samples/t32_s4_ours_seed0/stage_0050.json	381	b48ee0506a8befd4774ad0268743321b
traj_samples/t32_s4_ours_seed0/stage_0050.parquet	518239	dbec5026641a97247364b60e6c9158d9
traj_samples/t32_s4_ours_seed0/stage_0075.json	383	a862173f3060b4a68bf2c82739004f41
traj_samples/t32_s4_ours_seed0/stage_0075.parquet	361671	e02d306b1f6f95bc92b5dad4ddb00d07
traj_samples/t32_s4_ours_seed0/stage_0100.json	384	0c1a73926904ac5af65e90269f8e0cb7
traj_samples/t32_s4_ours_seed0/stage_0100.parquet	372522	d4d72cb47aea2d7ab51229d6007c2747
traj_samples/t32_s4_ours_seed0/stage_0125.json	386	0eaa95e6015e2769d6a4dcaae9ad73e1
traj_samples/t32_s4_ours_seed0/stage_0125.parquet	377852	fe409c2fc6504909904db8f2cc4648e3
traj_samples/t32_s4_ours_seed0/stage_0150.json	387	f079abdf2a7506adb0305d8a42f71216
traj_samples/t32_s4_ours_seed0/stage_0150.parquet	369555	b7676d22ae940ccd84da01f4e1445c5d
traj_samples/t32_s4_ours_seed0/stage_0175.json	386	4c9f9ebd40a06b9cacef9b2764a2f4cc
traj_samples/t32_s4_ours_seed0/stage_0175.parquet	364393	53a71234b2f6bfcafd6876af412180c9
traj_samples/t32_s4_ours_seed0/stage_0200.json	386	38a691f3e29f125105563a8f4a1fb6bf
traj_samples/t32_s4_ours_seed0/stage_0200.parquet	348901	22898c2497a02b613cd336210cf1f313
traj_samples/t32_s4_ours_seed0/stage_0225.json	384	9bf5fba9806ae089f7d8a03f484493fe
traj_samples/t32_s4_ours_seed0/stage_0225.parquet	382499	e7a11715919072aa5da01d9573a0a9d8
traj_samples/t32_s4_ours_seed0/stage_0250.json	386	1764af85e0ceec3275448b97cf92708b
traj_samples/t32_s4_ours_seed0/stage_0250.parquet	370293	6302147527041716e978f5b63a12244c
traj_samples/t32_s4_vanilla_seed0/stage_0025.json	387	d54f6b1940a7a444d8c31bf9afd74524
traj_samples/t32_s4_vanilla_seed0/stage_0025.parquet	233828	5589bded8fa3b180c974fc4f8190bffa
traj_samples/t32_s4_vanilla_seed0/stage_0050.json	388	7dbe767a3131890c8975084e7b4aeaa0
traj_samples/t32_s4_vanilla_seed0/stage_0050.parquet	365188	b665b67fca10e660fa03ffea70e63e8f
traj_samples/t32_s4_vanilla_seed0/stage_0075.json	386	826c3aead18d03368f8321b39dfc4ac5
traj_samples/t32_s4_vanilla_seed0/stage_0075.parquet	331609	70d5e25e65239ac57cf7dd065b52b076
traj_samples/t32_s4_vanilla_seed0/stage_0100.json	389	02f8d730ebbaf1319ff6e31ae20a82a9
traj_samples/t32_s4_vanilla_seed0/stage_0100.parquet	347269	8b8892f82a933b9bce820d7399363fb9
traj_samples/t32_s4_vanilla_seed0/stage_0125.json	389	1cb2d2c97e2d8648485769937e2d7295
traj_samples/t32_s4_vanilla_seed0/stage_0125.parquet	335153	32b810ce642aea141553014c17b41fc2
traj_samples/t32_s4_vanilla_seed0/stage_0150.json	390	802962dfc3f7c389a478731fb1164846
traj_samples/t32_s4_vanilla_seed0/stage_0150.parquet	340709	f5ca50764c59d7c417b6bd13216ea68b
traj_samples/t32_s4_vanilla_seed0/stage_0175.json	390	bbf18916e0666ab0c8b8dd013a67fcd8
traj_samples/t32_s4_vanilla_seed0/stage_0175.parquet	341198	78a02120d4f064b7a09b7bed065e6ff0
traj_samples/t32_s4_vanilla_seed0/stage_0200.json	390	b3bfdb4f06424ed33c23c1af6dbe7b7f
traj_samples/t32_s4_vanilla_seed0/stage_0200.parquet	343711	278b6811534e6d189f609f056c42eab7
traj_samples/t32_s4_vanilla_seed0/stage_0225.json	385	80ddff2016f48f41ee26cd84af6ee01a
traj_samples/t32_s4_vanilla_seed0/stage_0225.parquet	342256	42c3deac3ebc67c79ca6410c8bbd0fcc
traj_samples/t32_s4_vanilla_seed0/stage_0250.json	389	0d4a3bec99470911f3bc8356018051b1
traj_samples/t32_s4_vanilla_seed0/stage_0250.parquet	356758	6a06842faeaaa2b19f73a46c9ce74641
traj_samples/t32_s8_ours_seed0/stage_0025.json	383	3f3c035d7a9aa075bc0e3fa1b21f92a6
traj_samples/t32_s8_ours_seed0/stage_0025.parquet	207231	7c77ced5a3807611effa2d07de2ca405
traj_samples/t32_s8_ours_seed0/stage_0050.json	385	c4aceb52a2ad94f1bfdf499365962924
traj_samples/t32_s8_ours_seed0/stage_0050.parquet	373485	68752ead7f92c3a0ec1c9ef6ac8d3776
traj_samples/t32_s8_ours_seed0/stage_0075.json	385	267b2668afe2bb677bb329905e0d6014
traj_samples/t32_s8_ours_seed0/stage_0075.parquet	358262	68950615fd3124426cee5ff700af20e3
traj_samples/t32_s8_ours_seed0/stage_0100.json	386	4a6da827aaa9bd6e22e745e2f96b4aa7
traj_samples/t32_s8_ours_seed0/stage_0100.parquet	350589	9539c567465659bf5c691801dd4669ab
traj_samples/t32_s8_ours_seed0/stage_0125.json	387	79aceb6b3dc8ebff23677a6ac9cb97a7
traj_samples/t32_s8_ours_seed0/stage_0125.parquet	384959	1e7a242d85d9f84c3e502a4efd0264d4
traj_samples/t32_s8_ours_seed0/stage_0150.json	386	f19d127fd289a609ca35b48e4be53ccb
traj_samples/t32_s8_ours_seed0/stage_0150.parquet	357272	1ec4e003b88bc817bdc4f5db00fb7f8a
traj_samples/t32_s8_ours_seed0/stage_0175.json	386	6e23a1f3bfd567f479f463fc7d752ff9
traj_samples/t32_s8_ours_seed0/stage_0175.parquet	347115	3582571a4d9937c40a09f7bf5941fa9e
traj_samples/t32_s8_ours_seed0/stage_0200.json	385	eb03daf8f65438a3935e90aeda070fcb
traj_samples/t32_s8_ours_seed0/stage_0200.parquet	352856	eb1ea4ac80dcc973303ed7805451ee0a
traj_samples/t32_s8_ours_seed0/stage_0225.json	386	a8d5755bbab54bc8f7c0bdb051955a54
traj_samples/t32_s8_ours_seed0/stage_0225.parquet	356639	5cb1c83248e2b92a5f9fc4e6817f3689
traj_samples/t32_s8_ours_seed0/stage_0250.json	387	bafe3781c8e203027e686f22ef374e40
traj_samples/t32_s8_ours_seed0/stage_0250.parquet	349113	9f1f2df5e77e565ed26db63467b4db76
traj_samples/t32_s8_vanilla_seed0/stage_0025.json	386	820cb0f78f905708340ca0f4231228c2
traj_samples/t32_s8_vanilla_seed0/stage_0025.parquet	205094	86c9f807a917e1736a29fc295f04d91f
traj_samples/t32_s8_vanilla_seed0/stage_0050.json	388	55a4c7470d7b8742a12aad3181f4a471
traj_samples/t32_s8_vanilla_seed0/stage_0050.parquet	380100	58c0901bb5dfd4c47605cc4bf357dfe5
traj_samples/t32_s8_vanilla_seed0/stage_0075.json	385	a0f35d49ec32a963cdbb4eb7bc317aab
traj_samples/t32_s8_vanilla_seed0/stage_0075.parquet	302371	87759d2a61af9a9978555fba6febf03d
traj_samples/t32_s8_vanilla_seed0/stage_0100.json	385	70e24a5dc32b6cf4fecc3427d23db19d
traj_samples/t32_s8_vanilla_seed0/stage_0100.parquet	340996	5af3a1bd8144c31907d5fac145214112
traj_samples/t32_s8_vanilla_seed0/stage_0125.json	390	86454f1b2a66b53b55f673b28018b1d5
traj_samples/t32_s8_vanilla_seed0/stage_0125.parquet	338714	560400cf7a77a03dfddd662d7ffa50a6
traj_samples/t32_s8_vanilla_seed0/stage_0150.json	388	ebcdcfd516fddc0288dfb2e7cb1cdc80
traj_samples/t32_s8_vanilla_seed0/stage_0150.parquet	326802	111925ee78f4604d42891094867870be
traj_samples/t32_s8_vanilla_seed0/stage_0175.json	389	3c4e951e597b4e576fd3bf3d2f77c53f
traj_samples/t32_s8_vanilla_seed0/stage_0175.parquet	343107	be8919520c227180570c89a6b7417e09
traj_samples/t32_s8_vanilla_seed0/stage_0200.json	390	8fd74c132dca182aa5b97ed4d54c303c
traj_samples/t32_s8_vanilla_seed0/stage_0200.parquet	332137	511629552b9083a3d08eafe9e6da42da
traj_samples/t32_s8_vanilla_seed0/stage_0225.json	389	5cd221d68ab4fe8a36e9136c7b48ef13
traj_samples/t32_s8_vanilla_seed0/stage_0225.parquet	350863	f8076a215253c783fa6c7c2ca4794d77
traj_samples/t32_s8_vanilla_seed0/stage_0250.json	389	3e2c5a3192cd29d2fcca57466dffb68f
traj_samples/t32_s8_vanilla_seed0/stage_0250.parquet	329640	e8b54ad6af2d5a83cfc06448d0c8252a
traj_samples/t4_s1.7_ours_seed0/stage_0025.json	381	cc174360c8de5d4258d8d1caf774a0c6
traj_samples/t4_s1.7_ours_seed0/stage_0025.parquet	207406	c19879bd0c0bf11c56ce8831cc9dd95b
traj_samples/t4_s1.7_ours_seed0/stage_0050.json	386	ed53e370f8e572aa45004c10ae03534c
traj_samples/t4_s1.7_ours_seed0/stage_0050.parquet	318061	7be2c2521c09c65341302ab6f2719f7c
traj_samples/t4_s1.7_ours_seed0/stage_0075.json	384	4ac0148c5cb2c8997d2d04a8a14252f1
traj_samples/t4_s1.7_ours_seed0/stage_0075.parquet	375279	76c15edcb2782ad53b85dd1a790fdd74
traj_samples/t4_s1.7_ours_seed0/stage_0100.json	386	58a18c499639e376bfec88d6eb479b4e
traj_samples/t4_s1.7_ours_seed0/stage_0100.parquet	385060	53466fe143a6d2a8eca60f275fb96f94
traj_samples/t4_s1.7_ours_seed0/stage_0125.json	388	5ccfc0c7a2b08ce97cf273f64ce5837e
traj_samples/t4_s1.7_ours_seed0/stage_0125.parquet	397491	e155ce52bacf66f15a208ac32d589fdc
traj_samples/t4_s1.7_ours_seed0/stage_0150.json	387	7a53bbd6503771befd593b6df9290c43
traj_samples/t4_s1.7_ours_seed0/stage_0150.parquet	378514	1aa9760cbeb4673517763793f84e7597
traj_samples/t4_s1.7_ours_seed0/stage_0175.json	386	1313285c8ac12a5fdf573e0aaa46dce0
traj_samples/t4_s1.7_ours_seed0/stage_0175.parquet	393657	c689904652d2feced7752d9aeb8a6ebd
traj_samples/t4_s1.7_ours_seed0/stage_0200.json	387	e7d1d7b09d97a072d9c9800dcf5beda1
traj_samples/t4_s1.7_ours_seed0/stage_0200.parquet	376624	c54427c5580e13de96150af3dc3607d9
traj_samples/t4_s1.7_ours_seed0/stage_0225.json	387	a9546f413203aec2d0d648bb0aa5c0c6
traj_samples/t4_s1.7_ours_seed0/stage_0225.parquet	376265	5a1d71751237ef263e961aa35158ee68
traj_samples/t4_s1.7_ours_seed0/stage_0250.json	387	769770dd188e6bc8a7079b4a06a5e267
traj_samples/t4_s1.7_ours_seed0/stage_0250.parquet	412903	2e9d37525da347a5e437c7cb6635087a
traj_samples/t4_s1.7_vanilla_seed0/stage_0025.json	385	e17b5f27372bc9c2727d9ad8db53237c
traj_samples/t4_s1.7_vanilla_seed0/stage_0025.parquet	217986	d6249ce5d834588b68ed8d0243a8b30d
traj_samples/t4_s1.7_vanilla_seed0/stage_0050.json	388	33e10ca41e752e4622d9bea83e8daef2
traj_samples/t4_s1.7_vanilla_seed0/stage_0050.parquet	411557	2c3ac1a6ac0808dc2328ec2be980b240
traj_samples/t4_s1.7_vanilla_seed0/stage_0075.json	386	08d774d6f1a7e3631ef72cea93a8f1b5
traj_samples/t4_s1.7_vanilla_seed0/stage_0075.parquet	338186	c34b09cbe586853fd0a618494afc69d8
traj_samples/t4_s1.7_vanilla_seed0/stage_0100.json	389	ef51824ee2e272761467bb945448e4bd
traj_samples/t4_s1.7_vanilla_seed0/stage_0100.parquet	337642	2b2ca311ce9997934b6ee93d925cee1b
traj_samples/t4_s1.7_vanilla_seed0/stage_0125.json	391	53e3d73bf035b05cf4b70a2c16e70a85
traj_samples/t4_s1.7_vanilla_seed0/stage_0125.parquet	379101	15dc0c2c9985d0fbb77db2f3a4165a29
traj_samples/t4_s1.7_vanilla_seed0/stage_0150.json	388	94ed5ed218a898a4de8b7d0a0f060e7b
traj_samples/t4_s1.7_vanilla_seed0/stage_0150.parquet	341024	17ec61f56fb1509e80ea97213054ca89
traj_samples/t4_s1.7_vanilla_seed0/stage_0175.json	391	8eed45a88265e5bb1a03e14cfd8597a9
traj_samples/t4_s1.7_vanilla_seed0/stage_0175.parquet	351919	8167537c3e3c0aca0428a33639720392
traj_samples/t4_s1.7_vanilla_seed0/stage_0200.json	387	7d7c5d62d9bcbe356a79ddb6b10318a0
traj_samples/t4_s1.7_vanilla_seed0/stage_0200.parquet	389270	e75f9793a524b002ce04a4b855b927a8
traj_samples/t4_s1.7_vanilla_seed0/stage_0225.json	389	c8a723c21b975e255992f1106e4fa7d5
traj_samples/t4_s1.7_vanilla_seed0/stage_0225.parquet	360618	2126ced38e10f65c7dbdba4860bf20a7
traj_samples/t4_s1.7_vanilla_seed0/stage_0250.json	391	16f12ea47e8134f3fbbf943472f80bdc
traj_samples/t4_s1.7_vanilla_seed0/stage_0250.parquet	370739	67a513d0a31846425a41c3b0673c59e4
traj_samples/t4_s4_ours_seed0/stage_0025.json	383	5b7435db91a27c8f72d0da1291cc31c2
traj_samples/t4_s4_ours_seed0/stage_0025.parquet	247010	dd4b8adbc47ed5dee49484b6869e96b5
traj_samples/t4_s4_ours_seed0/stage_0050.json	383	e599b3f5dc642b2dfbb74cab57d6a291
traj_samples/t4_s4_ours_seed0/stage_0050.parquet	398841	9a893061d19b06103ef8210e59414c3d
traj_samples/t4_s4_ours_seed0/stage_0075.json	381	e8713e329d27eadac8f99317095fee10
traj_samples/t4_s4_ours_seed0/stage_0075.parquet	328142	b60d545c5d571fd319c4545dfb420e33
traj_samples/t4_s4_ours_seed0/stage_0100.json	384	99926f9fb53e85e3c46ec60393a92f54
traj_samples/t4_s4_ours_seed0/stage_0100.parquet	332962	ce3af00be94a2f7997a62bbb7cd0e327
traj_samples/t4_s4_ours_seed0/stage_0125.json	386	8aaa96028015b2cdd383f27be12d99ef
traj_samples/t4_s4_ours_seed0/stage_0125.parquet	349222	ac5dd4127863f01a2d4f7b72e43b6330
traj_samples/t4_s4_ours_seed0/stage_0150.json	385	d830eabb3ed8082462cf3de361ce8bb8
traj_samples/t4_s4_ours_seed0/stage_0150.parquet	331895	3327dd902d87c3cfa51c9885087e0b67
traj_samples/t4_s4_ours_seed0/stage_0175.json	383	87bff4468a8d698dcc9330f715f188ac
traj_samples/t4_s4_ours_seed0/stage_0175.parquet	340735	b5100ed9ce42bc202ff13c61c1ca45ef
traj_samples/t4_s4_ours_seed0/stage_0200.json	385	24e64f4fc68bd9a74ac91259ff22af18
traj_samples/t4_s4_ours_seed0/stage_0200.parquet	340583	544623cc3f9152a7bd0e0b8fbea02328
traj_samples/t4_s4_ours_seed0/stage_0225.json	386	23bf32ecf72d3600224863f32591f1d4
traj_samples/t4_s4_ours_seed0/stage_0225.parquet	366190	a6679efe32db83ee912283be5dddf669
traj_samples/t4_s4_ours_seed0/stage_0250.json	386	021ce65a911da4cbac2095a49c6c8695
traj_samples/t4_s4_ours_seed0/stage_0250.parquet	353876	380d7d02d86f14208995b42e86458e04
traj_samples/t4_s4_vanilla_seed0/stage_0025.json	386	3eec37efac58b36bf6f0f8473a869635
traj_samples/t4_s4_vanilla_seed0/stage_0025.parquet	227747	c0d8b72951c577806935255b8e3bc583
traj_samples/t4_s4_vanilla_seed0/stage_0050.json	386	f86ee4c301394f189a858079388671e7
traj_samples/t4_s4_vanilla_seed0/stage_0050.parquet	395263	98a5404e389ad8facea3a3fff9a61f7f
traj_samples/t4_s4_vanilla_seed0/stage_0075.json	387	8fc896ed22f17d0085a7c7bf6a8befe0
traj_samples/t4_s4_vanilla_seed0/stage_0075.parquet	329588	f640042abece21e76f1b5a94ac1c7a2e
traj_samples/t4_s4_vanilla_seed0/stage_0100.json	389	81c05114eacf8abba01cc1c65f3fc154
traj_samples/t4_s4_vanilla_seed0/stage_0100.parquet	322796	3d1c43098a5ab9857a900b7528bd02da
traj_samples/t4_s4_vanilla_seed0/stage_0125.json	389	2f4d4070a94bd4967bd32cbb22b806cd
traj_samples/t4_s4_vanilla_seed0/stage_0125.parquet	336871	143817289c00b5e4a66a85852d34af84
traj_samples/t4_s4_vanilla_seed0/stage_0150.json	388	130d327e33481f46b020a42bd5d77f90
traj_samples/t4_s4_vanilla_seed0/stage_0150.parquet	320423	e848640af6555533c6e8ceefb4d75a8a
traj_samples/t4_s4_vanilla_seed0/stage_0175.json	386	514bdd0eefa5acff4328bcd43997a1a5
traj_samples/t4_s4_vanilla_seed0/stage_0175.parquet	360273	e7fcc2470957da108f4416335806356a
traj_samples/t4_s4_vanilla_seed0/stage_0200.json	389	b1803bf27f25b3773b008bfa90566196
traj_samples/t4_s4_vanilla_seed0/stage_0200.parquet	317765	b0099d12d3bd93342d9d985c7205ad9e
traj_samples/t4_s4_vanilla_seed0/stage_0225.json	387	111d574c085675e884be8fc4894f9214
traj_samples/t4_s4_vanilla_seed0/stage_0225.parquet	343568	f60b88c07bbc287cd7aeaccbf38e87ca
traj_samples/t4_s4_vanilla_seed0/stage_0250.json	389	a1975586f2f0bd8fc567cba4c745dd60
traj_samples/t4_s4_vanilla_seed0/stage_0250.parquet	337503	bae0c26b428b9ae9f2b7643dc6b798ae
traj_samples/t4_s8_ours_seed0/stage_0025.json	383	2b3be2e0f67140c0220172b936369f43
traj_samples/t4_s8_ours_seed0/stage_0025.parquet	217401	fc393d1daf2626f8519be2ceb638c2f4
traj_samples/t4_s8_ours_seed0/stage_0050.json	382	07182328b947424177fd1ae0b0530eb7
traj_samples/t4_s8_ours_seed0/stage_0050.parquet	355639	94d1c4d29c3ebba0d25f2f5c673d3de2
traj_samples/t4_s8_ours_seed0/stage_0075.json	383	8f4ced789f59c932662e7d72557a3e6b
traj_samples/t4_s8_ours_seed0/stage_0075.parquet	357122	8235e34480a6992a4835e0eb45c27fcf
traj_samples/t4_s8_ours_seed0/stage_0100.json	386	655237760ee9297af191e5f4d30e2b27
traj_samples/t4_s8_ours_seed0/stage_0100.parquet	344595	b4d5ceddc1d9314006415adde340c38f
traj_samples/t4_s8_ours_seed0/stage_0125.json	382	efc65497044f7f1cd6b843aadd19947c
traj_samples/t4_s8_ours_seed0/stage_0125.parquet	344075	5d837dc52ab3e722c51b2351e04f60ba
traj_samples/t4_s8_ours_seed0/stage_0150.json	384	03bc6f5c1113d398401768e2762f8f7e
traj_samples/t4_s8_ours_seed0/stage_0150.parquet	338925	426b91964db006648e6878815896ab0f
traj_samples/t4_s8_ours_seed0/stage_0175.json	386	e119efd6bd97c40ff6fc75dcc1027e59
traj_samples/t4_s8_ours_seed0/stage_0175.parquet	359395	ffc3bee7436b8c4f814f8cdf3c2d2d54
traj_samples/t4_s8_ours_seed0/stage_0200.json	385	b755cd256c9d954dca7ca5d65a6ce004
traj_samples/t4_s8_ours_seed0/stage_0200.parquet	335554	9e3afddd4a28c635fd9ce70856fab44c
traj_samples/t4_s8_ours_seed0/stage_0225.json	382	201bc96b5355870e537d5ce1485179af
traj_samples/t4_s8_ours_seed0/stage_0225.parquet	350446	4afec8049ee3ab2da6c687bd7ef96a96
traj_samples/t4_s8_ours_seed0/stage_0250.json	385	3ec27f4c7c7a84386b888541e3faa607
traj_samples/t4_s8_ours_seed0/stage_0250.parquet	345733	b339d0309b97d24732ec8662155d0667
traj_samples/t4_s8_vanilla_seed0/stage_0025.json	387	f4341fae0c86e1555683b9d9b49fdcf3
traj_samples/t4_s8_vanilla_seed0/stage_0025.parquet	205770	4395d2095bdea62f5fafd2bea64848d5
traj_samples/t4_s8_vanilla_seed0/stage_0050.json	387	b06e36035b305685b940c3f648e54998
traj_samples/t4_s8_vanilla_seed0/stage_0050.parquet	344335	47e5747f28451419b5762f40ac061b4f
traj_samples/t4_s8_vanilla_seed0/stage_0075.json	387	00174ed372a2bc9c9656de7a93428321
traj_samples/t4_s8_vanilla_seed0/stage_0075.parquet	320120	d40d370c775bd0a0313ed9bd8b1c6fe7
traj_samples/t4_s8_vanilla_seed0/stage_0100.json	389	5c0e9346e698e5c3a71cc8f6ec413c0e
traj_samples/t4_s8_vanilla_seed0/stage_0100.parquet	346387	045c755237914cf7e1ba34f420cbb630
traj_samples/t4_s8_vanilla_seed0/stage_0125.json	389	314be461371175d2835139f84253c72c
traj_samples/t4_s8_vanilla_seed0/stage_0125.parquet	367193	7f76a76f8fd24474a101399214fde325
traj_samples/t4_s8_vanilla_seed0/stage_0150.json	389	a8545c2122af61443082598abe87a864
traj_samples/t4_s8_vanilla_seed0/stage_0150.parquet	302351	fcae59643ecafd8a8585afeb3d43d38a
traj_samples/t4_s8_vanilla_seed0/stage_0175.json	389	441f2cad16524aa0ce06886a45f935cd
traj_samples/t4_s8_vanilla_seed0/stage_0175.parquet	346434	6a0ec0b771434c96f7ecf2277009a017
traj_samples/t4_s8_vanilla_seed0/stage_0200.json	389	8f7d754103ff59988ee9246ff7232aa6
traj_samples/t4_s8_vanilla_seed0/stage_0200.parquet	322399	6beacd412fe3f6603d0df989568c18fb
traj_samples/t4_s8_vanilla_seed0/stage_0225.json	387	a4720416a6a0920c2003be89c62f8c8e
traj_samples/t4_s8_vanilla_seed0/stage_0225.parquet	352429	fef76d181ca97c44f8ee19dca6bab882
traj_samples/t4_s8_vanilla_seed0/stage_0250.json	385	8ccf4791cd1954f6831846d4831f87d6
traj_samples/t4_s8_vanilla_seed0/stage_0250.parquet	359974	2bb76858f80fac17eac71c7033a962e8
traj_samples/t8_s1.7_ours_seed0/stage_0025.json	386	d34f8a7fe9dc41dd4506c1cc8d0eac14
traj_samples/t8_s1.7_ours_seed0/stage_0025.parquet	252864	fe817d13a5ebd3fad34d7066912d6ab4
traj_samples/t8_s1.7_ours_seed0/stage_0050.json	385	3c6f701395ab3e2192a4ad2f9c57ab95
traj_samples/t8_s1.7_ours_seed0/stage_0050.parquet	343171	177641cbb7796e7fc2121267cdb4c638
traj_samples/t8_s1.7_ours_seed0/stage_0075.json	386	7754f49243c38bebd74cf3077eb7f2e4
traj_samples/t8_s1.7_ours_seed0/stage_0075.parquet	375649	6ae8fe24e7d2f11e3c5fdc1ccb7b8348
traj_samples/t8_s1.7_ours_seed0/stage_0100.json	388	f20d0aad264ce25db0326b29665df69f
traj_samples/t8_s1.7_ours_seed0/stage_0100.parquet	349491	6f967cbccea8197fb36424c3f3467456
traj_samples/t8_s1.7_ours_seed0/stage_0125.json	388	9b5397073feb676fa50d53e985dad9b6
traj_samples/t8_s1.7_ours_seed0/stage_0125.parquet	424285	5ca3904ec521a6841e8e233d5c9625c5
traj_samples/t8_s1.7_ours_seed0/stage_0150.json	384	ad3e28f6b43de2092fd2730994e72a12
traj_samples/t8_s1.7_ours_seed0/stage_0150.parquet	367236	db1a494cc8cbf7c12c54a71b907d3808
traj_samples/t8_s1.7_ours_seed0/stage_0175.json	388	c1c3aca0c24edcbe194998d2aaeb2ec9
traj_samples/t8_s1.7_ours_seed0/stage_0175.parquet	390288	28561689ba3aecb0fa6fb874ecc23297
traj_samples/t8_s1.7_ours_seed0/stage_0200.json	386	fb3add9d4203eb92e9951fffa05cc3ba
traj_samples/t8_s1.7_ours_seed0/stage_0200.parquet	374463	76d31c399f4b66922665de717a35821b
traj_samples/t8_s1.7_ours_seed0/stage_0225.json	387	3e10b97561c218b7cb0760c43796bf33
traj_samples/t8_s1.7_ours_seed0/stage_0225.parquet	391350	bf69e8b168c4434e6ae9303e7e1bbddf
traj_samples/t8_s1.7_ours_seed0/stage_0250.json	387	41dc5c6dae40d5e014397cd27c249766
traj_samples/t8_s1.7_ours_seed0/stage_0250.parquet	389723	e5a38410253c2eab58db39f1439f7770
traj_samples/t8_s1.7_vanilla_seed0/stage_0025.json	386	aed2805e7160b56d7cd0e9d9885ef67b
traj_samples/t8_s1.7_vanilla_seed0/stage_0025.parquet	215131	95300af24b996b9386d8623559d11113
traj_samples/t8_s1.7_vanilla_seed0/stage_0050.json	389	f0c3bf1c9dc27b7172231106d28f48a1
traj_samples/t8_s1.7_vanilla_seed0/stage_0050.parquet	403718	fe65b7ce4bd39440c67e5444c27a2654
traj_samples/t8_s1.7_vanilla_seed0/stage_0075.json	387	45559ff58e8d82a386d686299b514112
traj_samples/t8_s1.7_vanilla_seed0/stage_0075.parquet	364944	ca37e2db22a2a64ba75c127a2dc1a437
traj_samples/t8_s1.7_vanilla_seed0/stage_0100.json	391	0687132ab2a531a7fac8bae07c1b0c79
traj_samples/t8_s1.7_vanilla_seed0/stage_0100.parquet	355413	d6bfaf072551ca154afc2c9f6ad80e46
traj_samples/t8_s1.7_vanilla_seed0/stage_0125.json	389	f1b2ebea2cf591b2e768ea45d90f3e31
traj_samples/t8_s1.7_vanilla_seed0/stage_0125.parquet	353894	6b682c8a35a911d297c7f903a72acfc9
traj_samples/t8_s1.7_vanilla_seed0/stage_0150.json	388	20f991a0752a352d992898ff69286cad
traj_samples/t8_s1.7_vanilla_seed0/stage_0150.parquet	346584	e9b339eb9bd59f30daeae52654c3d6d7
traj_samples/t8_s1.7_vanilla_seed0/stage_0175.json	389	6c6377c6b567f400c33423aabec2be3e
traj_samples/t8_s1.7_vanilla_seed0/stage_0175.parquet	359060	8abf2cbe52cb9c4bf99e20ff01983721
traj_samples/t8_s1.7_vanilla_seed0/stage_0200.json	391	f52216a590f3c4278b6e1d69e8342e2d
traj_samples/t8_s1.7_vanilla_seed0/stage_0200.parquet	342948	8c38657a59ce2b3240e6b4834d6bbbec
traj_samples/t8_s1.7_vanilla_seed0/stage_0225.json	391	d5798084d05035cab344ad22319f69e9
traj_samples/t8_s1.7_vanilla_seed0/stage_0225.parquet	367951	67fd23d1059c6d419210d2c663c8fcf2
traj_samples/t8_s1.7_vanilla_seed0/stage_0250.json	390	b31e0d8d49fa579557999000e84b4a1b
traj_samples/t8_s1.7_vanilla_seed0/stage_0250.parquet	353634	7d416a3b901cb08d50d5e8e2495060d0
traj_samples/t8_s4_ours_seed0/stage_0025.json	383	68299dc8bda2e7ba05257bb879cd987f
traj_samples/t8_s4_ours_seed0/stage_0025.parquet	277364	7c913d02aad10a8d1c4762e64e1fc907
traj_samples/t8_s4_ours_seed0/stage_0050.json	384	6a24dae61624312d827c141faaaec716
traj_samples/t8_s4_ours_seed0/stage_0050.parquet	452055	b058cbb863292086f7dd02b8050b1645
traj_samples/t8_s4_ours_seed0/stage_0075.json	383	15cf83b17bb684fa8d0d30bdc473026f
traj_samples/t8_s4_ours_seed0/stage_0075.parquet	334909	6e1e935de284fd4c9a79c53df252c2e8
traj_samples/t8_s4_ours_seed0/stage_0100.json	385	838aa902ba32e573b1f90eaae3a40551
traj_samples/t8_s4_ours_seed0/stage_0100.parquet	372882	4fab7a8ba6396e468ac799849f386f1a
traj_samples/t8_s4_ours_seed0/stage_0125.json	385	b1cb5c926aa07ed77e4268c04c9f4caa
traj_samples/t8_s4_ours_seed0/stage_0125.parquet	367156	db223b55612b4369a4f23cfa7d629fae
traj_samples/t8_s4_ours_seed0/stage_0150.json	385	153c7f15b0df2d0f68cf6cdc530c30e1
traj_samples/t8_s4_ours_seed0/stage_0150.parquet	358477	0d81a7bf4942c1a04911305e7992409a
traj_samples/t8_s4_ours_seed0/stage_0175.json	383	502c9ab39be978075f585074bca6a8a3
traj_samples/t8_s4_ours_seed0/stage_0175.parquet	340425	450388130ebed56180ea04a4b1793196
traj_samples/t8_s4_ours_seed0/stage_0200.json	385	d7c8915d36ac58199812378a3fddea95
traj_samples/t8_s4_ours_seed0/stage_0200.parquet	352596	dd99d98929f90c84ed9cf406b562d85c
traj_samples/t8_s4_ours_seed0/stage_0225.json	384	e607cae6b722692811ec4b9fdf27e3aa
traj_samples/t8_s4_ours_seed0/stage_0225.parquet	344195	ac5c9af53f7b3808ce04dd8b9e98088a
traj_samples/t8_s4_ours_seed0/stage_0250.json	385	d72f358ccdab5134dcfa12c8e8a38869
traj_samples/t8_s4_ours_seed0/stage_0250.parquet	347729	683638d9fd52733d7c1e29683e1b1d00
traj_samples/t8_s4_vanilla_seed0/stage_0025.json	386	6100793b622836eca95502196603f671
traj_samples/t8_s4_vanilla_seed0/stage_0025.parquet	217938	8b6710ddd94e7d13a82a1c416cb00e3d
traj_samples/t8_s4_vanilla_seed0/stage_0050.json	382	92a8ce1922d482d121b2994b704a353a
traj_samples/t8_s4_vanilla_seed0/stage_0050.parquet	342846	9e9795460c41ef88f6426ff25825eac8
traj_samples/t8_s4_vanilla_seed0/stage_0075.json	387	a928dd732472267b53151c9a381ae4ef
traj_samples/t8_s4_vanilla_seed0/stage_0075.parquet	326936	b0b51c01102e715778af6150d6227b5f
traj_samples/t8_s4_vanilla_seed0/stage_0100.json	384	3911e4695da256d6c7424749df7f2d9b
traj_samples/t8_s4_vanilla_seed0/stage_0100.parquet	357588	85cc54d67f1e55159f916a2edd144176
traj_samples/t8_s4_vanilla_seed0/stage_0125.json	388	3a41877320d7cfbfa430f7ac5e6185bc
traj_samples/t8_s4_vanilla_seed0/stage_0125.parquet	349899	35ca7935708d0139aabc2f4f1e6ad20e
traj_samples/t8_s4_vanilla_seed0/stage_0150.json	389	07aa8d489d92a32f3b0a14bb5b100fa6
traj_samples/t8_s4_vanilla_seed0/stage_0150.parquet	321816	96dfd1eba4db1ef3199b08f942b8de50
traj_samples/t8_s4_vanilla_seed0/stage_0175.json	389	40eef45208a1abfdad0bc0cf5ff5881f
traj_samples/t8_s4_vanilla_seed0/stage_0175.parquet	334287	efab5708df59031ec8b57048193f002a
traj_samples/t8_s4_vanilla_seed0/stage_0200.json	388	5495edadcd48353ccaee611ebcd479e0
traj_samples/t8_s4_vanilla_seed0/stage_0200.parquet	346822	cf295c84a653b070e9d2fd1680e4aeff
traj_samples/t8_s4_vanilla_seed0/stage_0225.json	388	6a97d1e1a1a41b568a820f3781c3c063
traj_samples/t8_s4_vanilla_seed0/stage_0225.parquet	336347	24edb307bb53604b1d627876f61eb22b
traj_samples/t8_s4_vanilla_seed0/stage_0250.json	388	449d196c431f3485609c7f0ad2efc698
traj_samples/t8_s4_vanilla_seed0/stage_0250.parquet	353200	f89e6f5dbd6eb7436d874591c6424c8a
traj_samples/t8_s8_ours_seed0/stage_0025.json	379	04e783d18eff4d8d89d748e444f46045
traj_samples/t8_s8_ours_seed0/stage_0025.parquet	223012	59e9bd19cfb95f5b36fe5d6bbf9e4f17
traj_samples/t8_s8_ours_seed0/stage_0050.json	381	700a8c08b53ca38c43f029196b8f611c
traj_samples/t8_s8_ours_seed0/stage_0050.parquet	336975	74601ccfc7a68d230130a46d77c0c6cc
traj_samples/t8_s8_ours_seed0/stage_0075.json	381	ee8f95c7069e3e4cc72202a76e97d762
traj_samples/t8_s8_ours_seed0/stage_0075.parquet	361084	c8e4b501d82c51a1a569f5596274674f
traj_samples/t8_s8_ours_seed0/stage_0100.json	385	b9dad803339415cdc8cb577ae0a876c0
traj_samples/t8_s8_ours_seed0/stage_0100.parquet	341559	650744ddb4ecd778c15ad7a2104d2c6a
traj_samples/t8_s8_ours_seed0/stage_0125.json	384	7b5302fe41e2cff256242976cea89964
traj_samples/t8_s8_ours_seed0/stage_0125.parquet	359887	587a45476d3fd35ff5ac420931a82676
traj_samples/t8_s8_ours_seed0/stage_0150.json	386	23860b1b4d104a965e7edc09f7f4fc4c
traj_samples/t8_s8_ours_seed0/stage_0150.parquet	335313	2279d631eade33d25b59e3c4787f0e75
traj_samples/t8_s8_ours_seed0/stage_0175.json	386	9abec6e4983b551f3b1d5ad234bd35b6
traj_samples/t8_s8_ours_seed0/stage_0175.parquet	350794	3354ede6eb2d3caa3b98956436eac249
traj_samples/t8_s8_ours_seed0/stage_0200.json	383	c4d85d4012a9ea49be529677c296684a
traj_samples/t8_s8_ours_seed0/stage_0200.parquet	346826	99e6f57973708125dd84a297c24973cb
traj_samples/t8_s8_ours_seed0/stage_0225.json	386	cfb6bb3b0b2c07f118529afe5d77799d
traj_samples/t8_s8_ours_seed0/stage_0225.parquet	339388	8c65f25cceecede6b1706679ca260f88
traj_samples/t8_s8_ours_seed0/stage_0250.json	382	97fdc3385bb37d7bca7aa3ef4c2237fb
traj_samples/t8_s8_ours_seed0/stage_0250.parquet	336781	5642b08a348cfd2ddfd12720ad11dcd5
traj_samples/t8_s8_vanilla_seed0/stage_0025.json	386	493f4cc0416a7d6ae56b10bcbea36749
traj_samples/t8_s8_vanilla_seed0/stage_0025.parquet	238750	fbd392872981d71d5e9384196b3f66f8
traj_samples/t8_s8_vanilla_seed0/stage_0050.json	387	68b644f4cfb1e201f3e3422879f03bf3
traj_samples/t8_s8_vanilla_seed0/stage_0050.parquet	340037	2c8b05d0d0a2ea135622cce736e8552d
traj_samples/t8_s8_vanilla_seed0/stage_0075.json	386	d2474cf27e441b8fd9480ca04f10e3bc
traj_samples/t8_s8_vanilla_seed0/stage_0075.parquet	333161	a0570d564b31b410961faf16d4975eff
traj_samples/t8_s8_vanilla_seed0/stage_0100.json	389	bcd995d0efcf50d03aa5e243cfee07e4
traj_samples/t8_s8_vanilla_seed0/stage_0100.parquet	327301	2ed5b818a84265e5d9e250c32237514f
traj_samples/t8_s8_vanilla_seed0/stage_0125.json	384	1524c75ed2de146e354f441648d19e38
traj_samples/t8_s8_vanilla_seed0/stage_0125.parquet	350940	ee8c50ae2f98c052195bfef7bde54e2d
traj_samples/t8_s8_vanilla_seed0/stage_0150.json	389	c786aa451b58e1539363f915e48eae5c
traj_samples/t8_s8_vanilla_seed0/stage_0150.parquet	346126	95d240caee5900dfceb3a742b9135151
traj_samples/t8_s8_vanilla_seed0/stage_0175.json	387	8c4c153abbae48c4e2b3dbfe446fb953
traj_samples/t8_s8_vanilla_seed0/stage_0175.parquet	328714	63e022747d83db6adfab0d77150d2aac
traj_samples/t8_s8_vanilla_seed0/stage_0200.json	388	1e4ceedceb02d5ed8e5f999dbd7d5847
traj_samples/t8_s8_vanilla_seed0/stage_0200.parquet	316975	2b48ba76b7da6d356a4f41a33ff5bc20
traj_samples/t8_s8_vanilla_seed0/stage_0225.json	388	93eed29e26760cc3ebb4a287e201ca70
traj_samples/t8_s8_vanilla_seed0/stage_0225.parquet	356180	d60f8b7835871e0ce48794410fbebd5e
traj_samples/t8_s8_vanilla_seed0/stage_0250.json	389	b28c1b34c4f4f0fc2f12b31790c2ff14
traj_samples/t8_s8_vanilla_seed0/stage_0250.parquet	346947	dc0f92809500ebd98d380b19cacf631e
