wave,arm,step,val_acc,resp_len,clip_ratio,tps,tokens,h_target,h9_budget
legacy,a1_gkd_mix0.5,1,,3896.7421875,0.046875,126.34830755740404,514466,,
legacy,a1_gkd_mix0.5,2,,4544.8671875,0.0703125,99.88934953138232,598092,,
legacy,a1_gkd_mix0.5,3,,3655.4609375,0.046875,94.08398174121976,485080,,
legacy,a1_gkd_mix0.5,4,,4786.7734375,0.078125,140.60882718488574,629359,,
legacy,a1_gkd_mix0.5,5,,3764.734375,0.046875,113.48435458913445,499981,,
legacy,a1_gkd_mix0.5,6,,3372.3125,0.03125,105.27104583010077,447761,,
legacy,a1_gkd_mix0.5,7,,4612.09375,0.078125,132.85403438284993,606006,,
legacy,a1_gkd_mix0.5,8,,3377.9453125,0.0390625,92.94008155167103,449061,,
legacy,a1_gkd_mix0.5,9,,4583.8125,0.046875,117.55420197173953,604153,,
legacy,a1_gkd_mix0.5,10,,3887.5859375,0.0625,110.72967142239213,514305,,
legacy,a1_gkd_mix0.5,11,,4226.0234375,0.0625,125.2880006171763,557908,,
legacy,a1_gkd_mix0.5,12,,4156.6640625,0.0546875,103.60461851209402,549483,,
legacy,a1_gkd_mix0.5,13,,3591.9921875,0.046875,113.51206571608782,477544,,
legacy,a1_gkd_mix0.5,14,,4339.6484375,0.078125,141.16822962090373,571229,,
legacy,a1_gkd_mix0.5,15,,4004.71875,0.03125,118.08726261556149,528122,,
legacy,a1_gkd_mix0.5,16,,4586.4140625,0.0625,136.72698872163892,603452,,
legacy,a1_gkd_mix0.5,17,,4965.5546875,0.1015625,184.7214099764824,650851,,
legacy,a1_gkd_mix0.5,18,,4889.9140625,0.078125,165.2333394922316,642530,,
legacy,a1_gkd_mix0.5,19,,4785.40625,0.0703125,166.05160426720977,629300,,
legacy,a1_gkd_mix0.5,20,,5448.6875,0.09375,173.11406491696835,715559,,
legacy,a1_gkd_mix0.5,21,,4927.1484375,0.09375,169.5191152021289,647649,,
legacy,a1_gkd_mix0.5,22,,4447.0390625,0.0546875,162.76351672410965,587138,,
legacy,a1_gkd_mix0.5,23,,4915.6875,0.1015625,168.23145432397723,645945,,
legacy,a1_gkd_mix0.5,24,,4738.9296875,0.09375,183.1682202257216,626340,,
legacy,a1_gkd_mix0.5,25,0.532,5619.6171875,0.0859375,202.0284312441945,735442,,
legacy,a1_gkd_mix0.5,26,,5433.3359375,0.0859375,180.40331560000777,712209,,
legacy,a1_gkd_mix0.5,27,,5062.21875,0.0625,168.98226446285844,664926,,
legacy,a1_gkd_mix0.5,28,,5403.8671875,0.1171875,185.08462604135275,709812,,
legacy,a1_gkd_mix0.5,29,,4607.3515625,0.0703125,133.89609835669398,605894,,
legacy,a1_gkd_mix0.5,30,,5317.7421875,0.109375,180.20756544172764,696982,,
legacy,a1_gkd_mix0.5,31,,6135.6015625,0.140625,217.91856000944972,801702,,
legacy,a1_gkd_mix0.5,32,,6241.7578125,0.1328125,234.51859224960208,814117,,
legacy,a1_gkd_mix0.5,33,,6535.4609375,0.1328125,228.14370793104172,853492,,
legacy,a1_gkd_mix0.5,34,,6536.265625,0.1015625,241.24882115796208,854465,,
legacy,a1_gkd_mix0.5,35,,6190.78125,0.140625,217.63152894377708,810690,,
legacy,a1_gkd_mix0.5,36,,6769.6640625,0.125,249.51258664950728,882915,,
legacy,a1_gkd_mix0.5,37,,6296.5234375,0.15625,226.85663206875324,822117,,
legacy,a1_gkd_mix0.5,38,,6943.203125,0.1796875,265.74162321165204,906090,,
legacy,a1_gkd_mix0.5,39,,6703.65625,0.15625,268.2036625370383,873025,,
legacy,a1_gkd_mix0.5,40,,6930.6953125,0.171875,271.3408047631383,902836,,
legacy,a1_gkd_mix0.5,41,,7142.2421875,0.1953125,273.4470896832645,930552,,
legacy,a1_gkd_mix0.5,42,,7091.015625,0.1875,293.3984116949141,924046,,
legacy,a1_gkd_mix0.5,43,,7876.9296875,0.2578125,375.1702494472265,1023284,,
legacy,a1_gkd_mix0.5,44,,6731.265625,0.1796875,237.07791482657194,878208,,
legacy,a1_gkd_mix0.5,45,,6306.015625,0.1171875,234.4664881117642,824251,,
legacy,a1_gkd_mix0.5,46,,7868.5546875,0.234375,337.8794025182724,1022698,,
legacy,a1_gkd_mix0.5,47,,7779.7421875,0.2265625,304.36883918195963,1011667,,
legacy,a1_gkd_mix0.5,48,,8026.7734375,0.2578125,323.451559137553,1044138,,
legacy,a1_gkd_mix0.5,49,,7612.921875,0.1484375,280.3421665430069,993069,,
legacy,a1_gkd_mix0.5,50,0.558,7926.203125,0.2421875,340.0517236739397,1031618,,
legacy,a1_gkd_mix0.5,51,,8401.46875,0.3359375,450.33605352044106,1092357,,
legacy,a1_gkd_mix0.5,52,,7345.75,0.203125,289.7250273488462,957146,,
legacy,a1_gkd_mix0.5,53,,8373.09375,0.3046875,372.23570261336863,1086667,,
legacy,a1_gkd_mix0.5,54,,8081.4921875,0.2265625,321.71285961195827,1050407,,
legacy,a1_gkd_mix0.5,55,,7462.703125,0.2109375,287.8148354012519,971713,,
legacy,a1_gkd_mix0.5,56,,7649.234375,0.21875,280.9885454252362,996398,,
legacy,a1_gkd_mix0.5,57,,7318.4375,0.2421875,308.14825692772865,953611,,
legacy,a1_gkd_mix0.5,58,,7107.3828125,0.1328125,248.61138282716274,924547,,
legacy,a1_gkd_mix0.5,59,,7336.0390625,0.2421875,308.7383472919464,955192,,
legacy,a1_gkd_mix0.5,60,,7646.9921875,0.203125,334.11703666858375,997202,,
legacy,a1_gkd_mix0.5,61,,6499.6640625,0.1640625,247.05811853706837,850456,,
legacy,a1_gkd_mix0.5,62,,8191.609375,0.2265625,313.77136422879994,1066882,,
legacy,a1_gkd_mix0.5,63,,7513.6796875,0.171875,273.446432614699,979110,,
legacy,a1_gkd_mix0.5,64,,7310.8671875,0.2109375,318.6239437479526,955477,,
legacy,a1_gkd_mix0.5,65,,7156.1015625,0.1796875,277.74302378483117,932837,,
legacy,a1_gkd_mix0.5,66,,8105.2265625,0.2734375,323.5597638320178,1054274,,
legacy,a1_gkd_mix0.5,67,,8667.25,0.2890625,392.5192180965096,1125758,,
legacy,a1_gkd_mix0.5,68,,7112.359375,0.171875,288.00084433332086,925277,,
legacy,a1_gkd_mix0.5,69,,8408.7734375,0.2890625,370.51671385765076,1092040,,
legacy,a1_gkd_mix0.5,70,,8613.5078125,0.2734375,352.3678790759295,1119902,,
legacy,a1_gkd_mix0.5,71,,9264.8203125,0.2890625,401.68631519190967,1202399,,
legacy,a1_gkd_mix0.5,72,,8655.46875,0.2734375,353.0615545399487,1124871,,
legacy,a1_gkd_mix0.5,73,,9227.1484375,0.2890625,401.2153126746416,1198885,,
legacy,a3_offpolicy,1,,6984.7734375,0.078125,155.822240781039,909734,,
legacy,a3_offpolicy,2,,7420.6484375,0.1171875,140.17833471670747,966192,,
legacy,a3_offpolicy,3,,6840.2265625,0.0703125,127.53808730468154,892730,,
legacy,a3_offpolicy,4,,7132.3515625,0.1015625,134.1564598120749,929593,,
legacy,a3_offpolicy,5,,6935.2578125,0.09375,134.74429988861084,905808,,
legacy,a3_offpolicy,6,,6692,0.109375,125.61611825972795,872681,,
legacy,a3_offpolicy,7,,7517.484375,0.1328125,143.2325715571642,977896,,
legacy,a3_offpolicy,8,,6530.5625,0.0625,130.5110100992024,852596,,
legacy,a3_offpolicy,9,,6883.2734375,0.0703125,129.55798237025738,898484,,
legacy,a3_offpolicy,10,,6839.0546875,0.1015625,129.56180312111974,892093,,
legacy,a3_offpolicy,11,,6861.703125,0.0859375,125.91322841122746,895275,,
legacy,a3_offpolicy,12,,6778.625,0.0859375,127.22117605805397,885094,,
legacy,a3_offpolicy,13,,6435.953125,0.0703125,126.88057861104608,841571,,
legacy,a3_offpolicy,14,,6894.6484375,0.078125,135.9542818814516,898269,,
legacy,a3_offpolicy,15,,6813.3125,0.0703125,132.06653998419642,887622,,
legacy,a3_offpolicy,16,,6602.265625,0.1015625,130.25541457533836,861481,,
legacy,a3_offpolicy,17,,6687.6640625,0.0625,124.7234225794673,871281,,
legacy,a3_offpolicy,18,,6300.3984375,0.0625,115.58622698485851,823072,,
legacy,a3_offpolicy,19,,6292.71875,0.0703125,118.99126759171486,822236,,
legacy,a3_offpolicy,20,,6757,0.0703125,124.39102697372437,883023,,
legacy,a3_offpolicy,21,,7203.7421875,0.1171875,138.85690815374255,939053,,
legacy,a3_offpolicy,22,,7157.453125,0.09375,129.06376790255308,934071,,
legacy,a3_offpolicy,23,,7488.796875,0.109375,139.01909932121634,975303,,
legacy,a3_offpolicy,24,,6752.484375,0.0703125,130.80220998823643,884075,,
legacy,a3_offpolicy,25,0.46,6805.921875,0.09375,158.33674047514796,887289,,
legacy,a3_offpolicy,26,,7477.5546875,0.1171875,144.17705364897847,973869,,
legacy,a3_offpolicy,27,,6352.859375,0.0625,120.68966305628419,830128,,
legacy,a3_offpolicy,28,,7411.7578125,0.125,141.3004318624735,966822,,
legacy,a3_offpolicy,29,,6403.6015625,0.0546875,118.62851100414991,835814,,
legacy,a3_offpolicy,30,,6786.921875,0.1015625,125.3383748754859,885037,,
legacy,a3_offpolicy,31,,7176.078125,0.0859375,132.18223008140922,934883,,
legacy,a3_offpolicy,32,,6315.328125,0.046875,120.70445775613189,823534,,
legacy,a3_offpolicy,33,,7321.3046875,0.109375,143.46910190954804,954080,,
legacy,a3_offpolicy,34,,6989.7890625,0.0625,130.01789731904864,912516,,
legacy,a3_offpolicy,35,,7132.4609375,0.125,133.01843489706516,931225,,
legacy,a3_offpolicy,36,,7307.53125,0.1015625,139.19824868440628,951762,,
legacy,a3_offpolicy,37,,6399.921875,0.09375,123.80418474972248,835352,,
legacy,a3_offpolicy,38,,6702.859375,0.0859375,129.8945990279317,875326,,
legacy,a3_offpolicy,39,,6193.3125,0.0390625,107.1377916187048,807701,,
legacy,a3_offpolicy,40,,6841.390625,0.0703125,127.59533967077732,891405,,
legacy,a3_offpolicy,41,,6804.1015625,0.0625,131.98540905490518,887270,,
legacy,a3_offpolicy,42,,7536.2421875,0.1484375,144.68685188516974,981035,,
legacy,a3_offpolicy,43,,6805.0078125,0.0859375,131.17707542330027,886078,,
legacy,a3_offpolicy,44,,6796.4296875,0.0625,128.23154239356518,886549,,
legacy,a3_offpolicy,45,,6370.0859375,0.0546875,131.03994369134307,832452,,
legacy,a3_offpolicy,46,,6232.75,0.0625,119.81460097432137,813315,,
legacy,a3_offpolicy,47,,6929.6015625,0.078125,128.71986611559987,902849,,
legacy,a3_offpolicy,48,,7301.953125,0.0859375,133.67971392720938,951361,,
legacy,a3_offpolicy,49,,7021.53125,0.0703125,132.74900609254837,917371,,
legacy,a3_offpolicy,50,0.56,6749.3203125,0.109375,163.47597973048687,880977,,
legacy,a3_offpolicy,51,,6406.328125,0.078125,153.7907229810953,836979,,
legacy,a3_offpolicy,52,,7111.6796875,0.1015625,132.10253277793527,927185,,
legacy,a3_offpolicy,53,,6641.09375,0.0859375,117.48319099843502,864971,,
legacy,a3_offpolicy,54,,6595.5,0.078125,120.36980029568076,860200,,
legacy,a3_offpolicy,55,,6386.046875,0.0625,127.06979639455676,833901,,
legacy,a3_offpolicy,56,,6810.5,0.0859375,123.18142033740878,889040,,
legacy,a3_offpolicy,57,,6998.703125,0.0625,123.1660026870668,912685,,
legacy,a3_offpolicy,58,,7066.3359375,0.078125,129.8387200050056,919293,,
legacy,a3_offpolicy,59,,6381.0625,0.078125,119.41177370399237,832955,,
legacy,a3_offpolicy,60,,6916.453125,0.0703125,135.62849704921246,903693,,
legacy,a3_offpolicy,61,,6699.9140625,0.0625,130.34191006422043,876088,,
legacy,a3_offpolicy,62,,6701.1015625,0.0703125,128.27840876206756,876097,,
legacy,a3_offpolicy,63,,7054.4453125,0.0625,126.74208623543382,920328,,
legacy,a3_offpolicy,64,,7469.1796875,0.125,139.20451728999615,975741,,
legacy,a3_offpolicy,65,,6773.515625,0.0625,133.63952826708555,883866,,
legacy,a3_offpolicy,66,,7187.703125,0.109375,136.14619313180447,936831,,
legacy,a3_offpolicy,67,,6940.515625,0.109375,130.52978759631515,904736,,
legacy,a3_offpolicy,68,,5939.8828125,0.0234375,111.36816107854247,775200,,
legacy,a3_offpolicy,69,,6840.53125,0.0859375,129.37557781487703,891305,,
legacy,a3_offpolicy,70,,6938.8984375,0.1015625,132.98254745453596,905552,,
legacy,a3_offpolicy,71,,6448.2890625,0.0546875,123.52283249050379,841883,,
legacy,a3_offpolicy,72,,6412.96875,0.0625,119.03255332261324,837831,,
legacy,a3_offpolicy,73,,7243.75,0.1015625,138.19390244409442,945010,,
legacy,a3_offpolicy,74,,7357.03125,0.109375,148.81410921365023,959271,,
legacy,a3_offpolicy,75,0.468,6576.6796875,0.0703125,153.56678748130798,858145,,
legacy,a3_offpolicy,76,,6663.4453125,0.0703125,126.01327076926827,869789,,
legacy,a3_offpolicy,77,,6991.078125,0.109375,130.57766428217292,910809,,
legacy,a3_offpolicy,78,,6416.734375,0.0546875,116.92411628365517,838448,,
legacy,a3_offpolicy,79,,7487.5078125,0.09375,138.84118169918656,975174,,
legacy,a3_offpolicy,80,,7103.5859375,0.0625,137.7303391955793,926056,,
legacy,a3_offpolicy,81,,7183.21875,0.078125,141.98224067687988,936938,,
legacy,a3_offpolicy,82,,6557.234375,0.0625,123.23684770613909,855399,,
legacy,a3_offpolicy,83,,7044.796875,0.1015625,137.5344518199563,919765,,
legacy,a3_offpolicy,84,,6695.296875,0.1015625,128.86400258168578,872722,,
legacy,a3_offpolicy,85,,6838,0.0625,124.69361113756895,891444,,
legacy,a3_offpolicy,86,,7706.1640625,0.140625,142.68201425671577,1003794,,
legacy,a3_offpolicy,87,,6510.4375,0.0625,117.01464549079537,851342,,
legacy,a3_offpolicy,88,,7387.71875,0.109375,145.32929396256804,963303,,
legacy,a3_offpolicy,89,,6197.0078125,0.0703125,118.7938833385706,810297,,
legacy,a3_offpolicy,90,,7237.796875,0.109375,140.03591003641486,942622,,
legacy,a3_offpolicy,91,,6875.0546875,0.0859375,122.59541073068976,897402,,
legacy,a3_offpolicy,92,,6540.9296875,0.0859375,125.19148476421833,855762,,
legacy,a3_offpolicy,93,,6648.8203125,0.0859375,126.93579258024693,866991,,
legacy,a3_offpolicy,94,,6568.90625,0.0859375,125.32816781103611,858331,,
legacy,a3_offpolicy,95,,6400.40625,0.0859375,123.33675706759095,836201,,
legacy,a3_offpolicy,96,,6712.1875,0.078125,127.412129573524,876256,,
legacy,a3_offpolicy,97,,6852.6171875,0.09375,137.5284078605473,894346,,
legacy,a3_offpolicy,98,,7525.1796875,0.125,148.92025665193796,980216,,
legacy,a3_offpolicy,101,,6741.9765625,0.0703125,276.08182034268975,879162,,
legacy,a3_offpolicy,102,,6621.6328125,0.0546875,128.99144629761577,864405,,
legacy,a3_offpolicy,103,,6981.9296875,0.09375,134.6232268512249,909456,,
legacy,a3_offpolicy,104,,6585.65625,0.1015625,125.11553305387497,858994,,
legacy,a3_offpolicy,105,,6892.2109375,0.078125,130.19405522197485,898908,,
legacy,a3_offpolicy,106,,6867.078125,0.1015625,131.20015244930983,896668,,
legacy,a3_offpolicy,107,,6823.859375,0.046875,132.3817475065589,889962,,
legacy,a3_offpolicy,108,,6855.671875,0.09375,134.27709141746163,893297,,
legacy,a3_offpolicy,109,,6615.9609375,0.1015625,128.15696150809526,862940,,
legacy,a3_offpolicy,110,,7208.5234375,0.125,133.34428989887238,939063,,
legacy,a3_offpolicy,111,,6668.1953125,0.0859375,130.49624072760344,870982,,
legacy,a3_offpolicy,112,,7249.3828125,0.09375,139.34754622355103,945595,,
legacy,a3_offpolicy,113,,7021.5859375,0.046875,130.10836716368794,916080,,
legacy,a3_offpolicy,114,,6750.8671875,0.046875,127.15071299299598,879613,,
legacy,a3_offpolicy,115,,6245.3515625,0.078125,119.58807870745659,815625,,
legacy,a3_offpolicy,116,,6547.4921875,0.0546875,121.47413665056229,856214,,
legacy,a3_offpolicy,117,,6730.5546875,0.078125,127.02321302890778,877649,,
legacy,a3_offpolicy,118,,6773.8984375,0.0703125,123.84143044427037,884354,,
legacy,a3_offpolicy,119,,7225.7265625,0.078125,135.7416386269033,940427,,
legacy,a3_offpolicy,120,,6787.7734375,0.0703125,129.56558167934418,885001,,
legacy,a3_offpolicy,121,,7134.1328125,0.1015625,137.26572943851352,929924,,
legacy,a3_offpolicy,122,,6602.015625,0.078125,124.90066923201084,861714,,
legacy,a3_offpolicy,123,,6375.578125,0.0703125,126.98669332638383,831833,,
legacy,a3_offpolicy,126,,6722.1953125,0.1015625,186.51398643106222,876251,,
legacy,a3_offpolicy,127,,7268.046875,0.1015625,137.7820703908801,948193,,
legacy,a3_offpolicy,128,,7091.875,0.0859375,140.46174395643175,926713,,
legacy,a3_offpolicy,129,,6752.0078125,0.0859375,132.065214227885,881720,,
legacy,a3_offpolicy,130,,7255.1484375,0.125,129.67099554091692,947598,,
legacy,a3_offpolicy,131,,7672.3828125,0.140625,142.84068342857063,1001415,,
legacy,a3_offpolicy,132,,7356.515625,0.0859375,144.1601450201124,958695,,
legacy,a3_offpolicy,133,,7295.2734375,0.140625,131.37202098220587,950360,,
legacy,a3_offpolicy,134,,6982.9296875,0.078125,131.9251409638673,909712,,
legacy,a3_offpolicy,135,,6946.71875,0.09375,128.68501108139753,903950,,
legacy,a3_offpolicy,136,,6227.7734375,0.0390625,119.54627851396799,814279,,
legacy,a3_offpolicy,137,,7049.90625,0.09375,137.61659687571228,918923,,
legacy,a3_offpolicy,138,,6103.359375,0.0390625,113.53632704727352,797363,,
legacy,a3_offpolicy,139,,6586.9375,0.0703125,122.87500467523932,860080,,
legacy,a3_offpolicy,140,,6473.96875,0.0703125,120.41738618724048,845894,,
legacy,a3_offpolicy,141,,7229.6875,0.09375,135.36774340830743,942023,,
legacy,a3_offpolicy,142,,7441.7109375,0.1015625,140.26882819086313,967980,,
legacy,a3_offpolicy,143,,6679.15625,0.09375,122.5250678062439,871932,,
legacy,a3_offpolicy,144,,7044.3125,0.1171875,133.3702847212553,919231,,
legacy,a3_offpolicy,145,,7251.09375,0.1015625,135.18822384625673,945086,,
legacy,a3_offpolicy,146,,6579.140625,0.0390625,121.77951231598854,859117,,
legacy,a3_offpolicy,147,,6648.9765625,0.0703125,120.8771273624152,866420,,
legacy,a3_offpolicy,148,,6915.828125,0.109375,135.2315790913999,902351,,
legacy,a3_offpolicy,149,,6767.1484375,0.0859375,125.8628031052649,883102,,
legacy,a3_offpolicy,150,0.358,6260.390625,0.0546875,145.4114880003035,817509,,
legacy,a3_offpolicy,151,,7025.3515625,0.09375,136.79355858825147,915981,,
legacy,a3_offpolicy,152,,7016.5390625,0.078125,126.23771694675088,914369,,
legacy,a3_offpolicy,153,,7000.0078125,0.078125,131.63811477087438,913408,,
legacy,a3_offpolicy,154,,7567.96875,0.109375,135.0639551449567,984769,,
legacy,a3_offpolicy,155,,6699.6015625,0.0625,129.7880222145468,875857,,
legacy,a3_offpolicy,156,,7091.7734375,0.078125,135.89797156117857,924594,,
legacy,a3_offpolicy,157,,6576.484375,0.0546875,124.6877755317837,859049,,
legacy,a3_offpolicy,158,,5970.2265625,0.0546875,125.79540931992233,778974,,
legacy,a3_offpolicy,159,,6182.40625,0.046875,111.59224068745971,808034,,
legacy,a3_offpolicy,160,,6646.796875,0.09375,123.67416723072529,866590,,
legacy,a3_offpolicy,161,,6027.9375,0.0546875,125.13237470574677,788172,,
legacy,a3_offpolicy,162,,6614.203125,0.0859375,124.90396628901362,863903,,
legacy,a3_offpolicy,163,,6646.5546875,0.078125,123.1556919068098,867446,,
legacy,a3_offpolicy,164,,6674.5,0.0859375,130.97600708529353,873511,,
legacy,a3_offpolicy,165,,7425.7734375,0.1171875,179.67507252283394,968132,,
legacy,a3_offpolicy,166,,6393.6484375,0.0703125,123.47628157399595,834742,,
legacy,a3_offpolicy,167,,6711.15625,0.0859375,127.07695597782731,875559,,
legacy,a3_offpolicy,168,,6653.5859375,0.0625,122.58318821527064,867895,,
legacy,a4_dagger_anneal,1,,6984.7734375,0.078125,156.9104450531304,909734,,
legacy,a4_dagger_anneal,2,,7420.6484375,0.1171875,148.85827276483178,966192,,
legacy,a4_dagger_anneal,3,,6788.328125,0.0703125,131.44940047338605,886087,,
legacy,a4_dagger_anneal,4,,6935.140625,0.1015625,136.18561928346753,904350,,
legacy,a4_dagger_anneal,5,,6863.6953125,0.09375,135.45197801664472,896648,,
legacy,a4_dagger_anneal,6,,6692,0.109375,134.46279821917415,872681,,
legacy,a4_dagger_anneal,7,,7418.5234375,0.1328125,144.46751675382257,965229,,
legacy,a4_dagger_anneal,8,,6281.625,0.0625,127.54724173992872,820732,,
legacy,a4_dagger_anneal,9,,6628.3125,0.0703125,129.11932887136936,865849,,
legacy,a4_dagger_anneal,10,,6647.4140625,0.09375,127.8231899254024,867563,,
legacy,a4_dagger_anneal,11,,6667.7578125,0.0859375,139.3779200911522,870450,,
legacy,a4_dagger_anneal,12,,6827.9453125,0.09375,139.8632856607437,891407,,
legacy,a4_dagger_anneal,13,,6298.8671875,0.0703125,127.62667408585548,824024,,
legacy,a4_dagger_anneal,14,,6291.6796875,0.0703125,114.80309857800603,821089,,
legacy,a4_dagger_anneal,15,,6637.9453125,0.0703125,130.05300314724445,865175,,
legacy,a4_dagger_anneal,16,,6192.1875,0.1015625,120.57956451922655,808991,,
legacy,a4_dagger_anneal,17,,6602.890625,0.0703125,168.18256611377,860430,,
legacy,a4_dagger_anneal,18,,6118.453125,0.0703125,142.5237203091383,799783,,
legacy,a4_dagger_anneal,19,,6162.8828125,0.0703125,120.72431530058384,805617,,
legacy,a4_dagger_anneal,20,,6499.3046875,0.0703125,120.98093977570534,850038,,
legacy,a4_dagger_anneal,21,,6947.2265625,0.1328125,137.93688943237066,906219,,
legacy,a4_dagger_anneal,22,,7024.53125,0.09375,149.5397554039955,917057,,
legacy,a4_dagger_anneal,23,,7328.6875,0.1171875,151.74586369097233,954809,,
legacy,a4_dagger_anneal,24,,6475.734375,0.078125,172.81631928682327,848651,,
legacy,a4_dagger_anneal,25,0.488,6852.6953125,0.1171875,207.72449396923184,893276,,
legacy,a4_dagger_anneal,26,,6683.3203125,0.0859375,135.9307045377791,872207,,
legacy,a4_dagger_anneal,27,,6085.90625,0.0625,120.11503414064646,795958,,
legacy,a4_dagger_anneal,28,,6945.421875,0.125,168.8697486743331,907131,,
legacy,a4_dagger_anneal,29,,6289.09375,0.0625,156.0551188327372,821157,,
legacy,a4_dagger_anneal,30,,6774.7734375,0.109375,176.81347116455436,883482,,
legacy,a4_dagger_anneal,31,,7189.0546875,0.109375,177.59388125687838,936544,,
legacy,a4_dagger_anneal,32,,6230.21875,0.0546875,136.3913155645132,812640,,
legacy,a4_dagger_anneal,33,,7144.2890625,0.109375,169.8868375532329,931422,,
legacy,a4_dagger_anneal,34,,6408.453125,0.0546875,141.77966402843595,838105,,
legacy,a4_dagger_anneal,35,,6783.2578125,0.125,178.31126343086362,886527,,
legacy,a4_dagger_anneal,36,,6843.2109375,0.09375,167.35294526070356,892329,,
legacy,a4_dagger_anneal,37,,6408.109375,0.125,181.22224374487996,836400,,
legacy,a4_dagger_anneal,38,,6330.1171875,0.0859375,175.48474025726318,827615,,
legacy,a4_dagger_anneal,39,,5775.265625,0.046875,151.57014175504446,754191,,
legacy,a4_dagger_anneal,40,,6728.125,0.109375,196.33639781922102,876907,,
legacy,a4_dagger_anneal,41,,6346.0625,0.0625,166.04874209314585,828641,,
legacy,a4_dagger_anneal,42,,7212.9921875,0.140625,182.69111616536975,939659,,
legacy,a4_dagger_anneal,43,,6423.2890625,0.09375,148.68228962272406,837218,,
legacy,a4_dagger_anneal,44,,6692.28125,0.09375,183.354770924896,873218,,
legacy,a4_dagger_anneal,45,,6253.7578125,0.0625,167.57704995572567,817562,,
legacy,a4_dagger_anneal,46,,5799.28125,0.0546875,119.49727629497647,757831,,
legacy,a4_dagger_anneal,47,,6362.296875,0.0859375,163.53518690541387,830234,,
legacy,a4_dagger_anneal,48,,6714.5625,0.0859375,213.1392836049199,876175,,
legacy,a4_dagger_anneal,49,,7350.3203125,0.1015625,201.62965093553066,959456,,
legacy,a4_dagger_anneal,50,0.57,6849.5390625,0.140625,218.76158227398992,893805,,
legacy,a4_dagger_anneal,51,,6303.1171875,0.078125,183.1420015282929,823768,,
legacy,a4_dagger_anneal,52,,6689.8046875,0.1171875,194.93838771432638,873185,,
legacy,a4_dagger_anneal,53,,6268.6171875,0.1015625,177.96794760599732,817294,,
legacy,a4_dagger_anneal,54,,7281.6484375,0.1484375,255.078913487494,948027,,
legacy,a4_dagger_anneal,55,,6689.09375,0.09375,205.00265342742205,872691,,
legacy,a4_dagger_anneal,56,,7041.2109375,0.1328125,199.72820375487208,918571,,
legacy,a4_dagger_anneal,57,,6664.8515625,0.09375,173.3804684355855,869952,,
legacy,a4_dagger_anneal,58,,6805.6875,0.078125,187.59424079582095,885930,,
legacy,a4_dagger_anneal,59,,7095.8671875,0.15625,238.81637745723128,924450,,
legacy,a4_dagger_anneal,60,,7744.359375,0.171875,263.89030070230365,1009665,,
legacy,a4_dagger_anneal,61,,7383.8203125,0.1640625,253.15107279270887,963628,,
legacy,a4_dagger_anneal,62,,7351.3984375,0.1640625,230.66060197353363,959335,,
legacy,a4_dagger_anneal,63,,8014.609375,0.1796875,266.85299798101187,1043229,,
legacy,a4_dagger_anneal,64,,8752.1328125,0.265625,310.5517760440707,1139959,,
legacy,a4_dagger_anneal,65,,7900.0546875,0.1640625,243.99711813032627,1028063,,
legacy,a4_dagger_anneal,66,,8719.171875,0.2578125,315.98939864337444,1132859,,
legacy,a4_dagger_anneal,67,,7876.625,0.21875,256.82864247635007,1024558,,
legacy,a4_dagger_anneal,68,,7611.0625,0.1796875,277.4251561127603,989111,,
legacy,a4_dagger_anneal,69,,7818.4453125,0.1953125,269.20046453922987,1016478,,
legacy,a4_dagger_anneal,70,,8724.5234375,0.265625,314.5953488871455,1134112,,
legacy,a4_dagger_anneal,71,,8533.34375,0.2265625,320.4192201048136,1108770,,
legacy,a4_dagger_anneal,72,,7663.890625,0.203125,268.6454770937562,997949,,
legacy,a4_dagger_anneal,73,,8272.3515625,0.203125,277.6637458316982,1076671,,
legacy,a4_dagger_anneal,76,,7765.921875,0.1875,322.16185825131834,1010906,,
legacy,a4_dagger_anneal,77,,8025.578125,0.203125,274.57757855579257,1043225,,
legacy,a4_dagger_anneal,78,,7461.46875,0.1875,275.02284064516425,972174,,
legacy,a4_dagger_anneal,79,,8989.0625,0.234375,317.55583849549294,1167373,,
legacy,a4_dagger_anneal,80,,8227.578125,0.203125,305.7696989979595,1069927,,
legacy,a4_dagger_anneal,81,,8444.09375,0.1953125,283.1437085568905,1098330,,
legacy,a4_dagger_anneal,82,,7658.875,0.1875,278.2538706846535,996409,,
legacy,a4_dagger_anneal,83,,8502.828125,0.2421875,306.19241978786886,1106393,,
legacy,a4_dagger_anneal,84,,8199.109375,0.2421875,263.60019630007446,1065210,,
legacy,a4_dagger_anneal,85,,8761.1953125,0.25,342.3897729050368,1137613,,
legacy,a4_dagger_anneal,86,,8851.5546875,0.2734375,340.43758084997535,1150404,,
legacy,a4_dagger_anneal,87,,7928.7734375,0.1953125,275.4769643973559,1032889,,
legacy,a4_dagger_anneal,88,,9051.7265625,0.2734375,317.69100463576615,1176296,,
legacy,a4_dagger_anneal,89,,8248.578125,0.2421875,316.43183847516775,1072898,,
legacy,a4_dagger_anneal,90,,8975.6640625,0.265625,360.608271215111,1165069,,
legacy,a4_dagger_anneal,91,,9244.109375,0.3203125,375.9525147359818,1200641,,
legacy,a4_dagger_anneal,92,,9526.7421875,0.359375,399.729965319857,1237946,,
legacy,a4_dagger_anneal,93,,9585.3359375,0.359375,395.76136776059866,1242865,,
legacy,a4_dagger_anneal,94,,8753.2734375,0.2890625,341.2740910779685,1137930,,
legacy,a4_dagger_anneal,95,,10538.359375,0.421875,493.56682943738997,1365859,,
legacy,a4_dagger_anneal,96,,9552.796875,0.3203125,396.318454766646,1239854,,
legacy,a4_dagger_anneal,97,,10485.7421875,0.4296875,481.5199651233852,1359386,,
legacy,a4_dagger_anneal,98,,9978.046875,0.34375,392.6151871327311,1294183,,
legacy,a5_aggrevate,1,,7010.5234375,0.078125,436.38345716148615,913030,,
legacy,a5_aggrevate,2,,5670.34375,0.125,378.22843780741096,742153,,
legacy,a5_aggrevate,3,,5718.5,0.0859375,359.1069997474551,749149,,
legacy,a5_aggrevate,4,,5741.171875,0.140625,391.40785391256213,751522,,
legacy,a5_aggrevate,5,,5287.3671875,0.1328125,366.6419835872948,694878,,
legacy,a5_aggrevate,6,,5772.890625,0.140625,391.67190175130963,755035,,
legacy,a5_aggrevate,7,,4467.5390625,0.0703125,316.8602118343115,587503,,
legacy,a5_aggrevate,8,,5274.6015625,0.125,346.5735229924321,691833,,
legacy,a5_aggrevate,9,,5025.0390625,0.1484375,365.40484407916665,660630,,
legacy,a5_aggrevate,10,,5122.0546875,0.1484375,367.9675882719457,672317,,
legacy,a5_aggrevate,11,,4639.8046875,0.1328125,357.8051407188177,610872,,
legacy,a5_aggrevate,12,,5696.8359375,0.1875,394.97792207077146,746625,,
legacy,a5_aggrevate,13,,4437.109375,0.140625,349.6022860817611,585719,,
legacy,a5_aggrevate,14,,3967.046875,0.1015625,301.9550092704594,523536,,
legacy,a5_aggrevate,15,,5112.3046875,0.125,368.1525790691376,669893,,
legacy,a5_aggrevate,16,,4434.4453125,0.1328125,346.05778519809246,584000,,
legacy,a5_aggrevate,17,,4214.9453125,0.0859375,305.57895527780056,554773,,
legacy,a5_aggrevate,18,,5029,0.15625,366.6692470796406,660333,,
legacy,a5_aggrevate,19,,4823.078125,0.1328125,358.4366181381047,634122,,
legacy,a5_aggrevate,20,,4891.3984375,0.1328125,364.27064084261656,644226,,
legacy,a5_aggrevate,21,,5865.25,0.15625,395.39410192891955,767726,,
legacy,a5_aggrevate,22,,5084.3828125,0.1171875,376.26320277526975,668718,,
legacy,a5_aggrevate,23,,5143.65625,0.109375,349.18051048740745,675125,,
legacy,a5_aggrevate,24,,5560.6171875,0.15625,388.4122468829155,731516,,
legacy,a5_aggrevate,25,0.528,5086.375,0.1171875,375.7991501055658,667187,,
legacy,a5_aggrevate,26,,5079.21875,0.1015625,377.14328834600747,666882,,
legacy,a5_aggrevate,27,,5499,0.125,373.0326732173562,720834,,
legacy,a5_aggrevate,28,,5595.3359375,0.15625,376.6077695880085,734320,,
legacy,a5_aggrevate,29,,5061.15625,0.1171875,343.96780030429363,663981,,
legacy,a5_aggrevate,30,,5194.96875,0.140625,364.5203134957701,681267,,
legacy,a5_aggrevate,31,,5782.0390625,0.140625,387.42355871386826,756446,,
legacy,a5_aggrevate,32,,6016.1171875,0.171875,394.3413385245949,785235,,
legacy,a5_aggrevate,33,,5827.140625,0.140625,386.07519017904997,762827,,
legacy,a5_aggrevate,34,,6171.484375,0.1328125,398.61841212026775,807773,,
legacy,a5_aggrevate,35,,5515.46875,0.09375,346.353295462206,724250,,
legacy,a5_aggrevate,36,,6155.015625,0.1640625,395.39476507902145,804240,,
legacy,a5_aggrevate,37,,5633.375,0.1171875,389.4297092668712,737234,,
legacy,a5_aggrevate,38,,5878.96875,0.0703125,358.2671130839735,769868,,
legacy,a5_aggrevate,39,,5498.34375,0.0625,345.0921383276582,718745,,
legacy,a5_aggrevate,40,,6141.0234375,0.078125,360.01665690913796,801758,,
legacy,a5_aggrevate,41,,6101.75,0.1171875,368.05141016840935,797369,,
legacy,a5_aggrevate,42,,5522.90625,0.0625,335.8763867262751,723328,,
legacy,a5_aggrevate,43,,6005.3359375,0.09375,361.6675222981721,783720,,
legacy,a5_aggrevate,44,,5645.140625,0.078125,348.3196529876441,739184,,
legacy,a5_aggrevate,45,,5726.7265625,0.0625,350.7138168197125,750102,,
legacy,a5_aggrevate,46,,4872.1953125,0.0390625,317.16747359000146,639164,,
legacy,a5_aggrevate,47,,5917.34375,0.1015625,352.3070482518524,773280,,
legacy,a5_aggrevate,48,,5892.7265625,0.078125,392.01032081991434,770980,,
legacy,h10_task_subset,1,,1000.15625,0.0078125,189.27285096421838,144238,,
legacy,h10_task_subset,2,,1380.4609375,0.0078125,82.17343774065375,193462,,
legacy,h10_task_subset,3,,1237.90625,0.0234375,94.85624075308442,174666,,
legacy,h10_task_subset,4,,1250.90625,0.0078125,88.04791828989983,176322,,
legacy,h10_task_subset,5,,1659.609375,0.0390625,109.64572229236364,230091,,
legacy,h10_task_subset,6,,1478.578125,0.0234375,92.46993063762784,204740,,
legacy,h10_task_subset,7,,1299.671875,0.0078125,78.8055248260498,182695,,
legacy,h10_task_subset,8,,1372.4921875,0.0078125,74.15484504774213,193219,,
legacy,h10_task_subset,9,,1673.3828125,0.03125,98.25478146225214,229962,,
legacy,h10_task_subset,10,,1255.984375,0.0078125,74.6136818304658,178094,,
legacy,h10_task_subset,11,,1551.1875,0.015625,89.23856811225414,214936,,
legacy,h10_task_subset,12,,2250.5859375,0.0625,133.97282069548965,304511,,
legacy,h10_task_subset,13,,1728.5703125,0.03125,102.247004725039,237764,,
legacy,h10_task_subset,14,,1612.0859375,0.015625,89.14919644966722,225796,,
legacy,h10_task_subset,15,,2023.8359375,0.03125,117.59706020355225,275390,,
legacy,h10_task_subset,16,,1905.5234375,0.03125,103.27497701346874,261827,,
legacy,h10_task_subset,17,,1560.9453125,0.015625,88.14239494130015,217171,,
legacy,h10_task_subset,18,,1843.1328125,0.0078125,97.85631838813424,253765,,
legacy,h10_task_subset,19,,1435.09375,0.0078125,75.83592033013701,200052,,
legacy,h10_task_subset,20,,1681.8203125,0.0078125,89.91411318257451,231656,,
legacy,h10_task_subset,21,,1624.453125,0.0078125,86.89836865663528,223454,,
legacy,h10_task_subset,22,,1695.40625,0.0078125,84.8165047429502,233638,,
legacy,h10_task_subset,23,,1913.5703125,0.0078125,94.99032926931977,261727,,
legacy,h10_task_subset,24,,1777.9296875,0.0078125,88.2252004519105,243220,,
legacy,h10_task_subset,25,0.636,1994.1171875,0.015625,138.29671178758144,271096,,
legacy,h10_task_subset,26,,2120.5859375,0.015625,152.64663139544427,288738,,
legacy,h10_task_subset,27,,2131.9765625,0.0234375,107.99933221936226,289182,,
legacy,h10_task_subset,28,,2429.5703125,0.015625,114.39687660522759,327336,,
legacy,h10_task_subset,29,,2208.7734375,0.0234375,111.34086108207703,300000,,
legacy,h10_task_subset,30,,3075.1796875,0.0390625,151.4734039977193,409727,,
legacy,h10_task_subset,31,,2900.8984375,0.046875,143.65187772363424,389891,,
legacy,h10_task_subset,32,,3742.046875,0.1015625,189.79829868115485,495656,,
legacy,h10_task_subset,33,,5293.296875,0.1875,275.34190444275737,695525,,
legacy,h10_task_subset,34,,5725.3359375,0.2109375,312.62618031166494,750304,,
legacy,h10_task_subset,35,,6714.8125,0.2421875,365.4367748182267,875870,,
legacy,h10_task_subset,36,,9023.5390625,0.4296875,534.4434555526823,1173017,,
legacy,h10_task_subset,37,,8760.2578125,0.421875,515.7553089242429,1138759,,
legacy,h10_task_subset,38,,10360.953125,0.5234375,602.8422831557691,1342364,,
legacy,h10_task_subset,39,,9998.421875,0.4921875,583.5011912249029,1298236,,
legacy,h10_task_subset,40,,11695.734375,0.6171875,707.5142844635993,1512439,,
legacy,h10_task_subset,41,,11484.234375,0.6171875,687.3718602396548,1486821,,
legacy,h10_task_subset,42,,11888.171875,0.6171875,712.3308470025659,1537840,,
legacy,h10_task_subset,43,,11747.1875,0.6171875,711.290366338566,1519230,,
legacy,h10_task_subset,44,,12624.671875,0.6796875,760.4941859524697,1632281,,
legacy,h10_task_subset,45,,12028.0078125,0.6328125,723.8227734640241,1557032,,
legacy,h6_gen_sched,1,,97.0625,0.6640625,142.97270404919982,28107,128,
legacy,h6_gen_sched,2,,130.6484375,0.578125,11.535555616021156,33072,128,
legacy,h6_gen_sched,3,,179.515625,0.609375,15.111033819615841,40159,193,
legacy,h6_gen_sched,4,,200.9453125,0.5234375,11.66008035093546,42373,258,
legacy,h6_gen_sched,5,,248.515625,0.5546875,11.943987615406513,49905,323,
legacy,h6_gen_sched,6,,297.1953125,0.53125,12.42071956768632,54146,388,
legacy,h6_gen_sched,7,,352.25,0.515625,11.300548363476992,60746,453,
legacy,h6_gen_sched,8,,394.234375,0.4921875,12.798080760985613,67146,518,
legacy,h6_gen_sched,9,,498.1015625,0.515625,16.354716666042805,81182,583,
legacy,h6_gen_sched,10,,516.53125,0.4765625,16.025234892964363,82810,648,
legacy,h6_gen_sched,11,,553.390625,0.5078125,15.616823058575392,87811,713,
legacy,h6_gen_sched,12,,623.625,0.46875,17.41999054327607,97254,778,
legacy,h6_gen_sched,13,,651.1875,0.4453125,17.22791612520814,101121,843,
legacy,h6_gen_sched,14,,638.90625,0.3671875,16.449563685804605,97534,908,
legacy,h6_gen_sched,15,,765.4921875,0.390625,21.12337514013052,113501,973,
legacy,h6_gen_sched,16,,727.8125,0.2890625,19.706466261297464,109551,1038,
legacy,h6_gen_sched,17,,833.9765625,0.34375,25.592534884810448,122009,1103,
legacy,h6_gen_sched,18,,840.0390625,0.296875,21.024108175188303,124146,1168,
legacy,h6_gen_sched,19,,930.296875,0.3125,20.08691244572401,135846,1233,
legacy,h6_gen_sched,20,,886.328125,0.1640625,21.307708758860826,131577,1298,
legacy,h6_gen_sched,21,,985.421875,0.2890625,24.92821864411235,143108,1363,
legacy,h6_gen_sched,22,,979.9375,0.234375,23.1910910718143,143349,1428,
legacy,h6_gen_sched,23,,1028.015625,0.2890625,24.494097914546728,148323,1494,
legacy,h6_gen_sched,24,,1073.65625,0.265625,23.15497375279665,157185,1559,
legacy,h6_gen_sched,25,0.636,995.3359375,0.171875,60.11719378456473,143534,1624,
legacy,h6_gen_sched,26,,1130.1953125,0.296875,28.028833769261837,161407,1754,
legacy,h6_gen_sched,27,,1141.8359375,0.2109375,25.73935243114829,163117,1754,
legacy,h6_gen_sched,28,,1262.84375,0.3046875,31.327874325215816,179761,1819,
legacy,h6_gen_sched,29,,1174.5859375,0.2578125,26.673988834023476,166500,1884,
legacy,h6_gen_sched,30,,1355.6640625,0.3203125,35.836812771856785,189836,1949,
legacy,h6_gen_sched,31,,1434.78125,0.3828125,33.76921598985791,199997,2014,
legacy,h6_gen_sched,32,,1396.65625,0.28125,34.7780058644712,193944,2079,
legacy,h6_gen_sched,33,,1663.6484375,0.484375,39.69633048400283,229900,2144,
legacy,h6_gen_sched,34,,1754.2421875,0.5234375,41.75560725107789,242366,2209,
legacy,h6_gen_sched,35,,1778.90625,0.5078125,41.93918975442648,245970,2274,
legacy,h6_gen_sched,36,,2021.0859375,0.6640625,46.90638083219528,275097,2339,
legacy,h6_gen_sched,37,,2058.3828125,0.6640625,46.017713621258736,279635,2404,
legacy,h6_gen_sched,38,,2268.640625,0.796875,55.13761293888092,307746,2469,
legacy,h6_gen_sched,39,,2268.828125,0.75,52.20959075912833,305367,2534,
legacy,h6_gen_sched,40,,2443.9453125,0.7734375,54.140176206827164,328532,2599,
legacy,h6_gen_sched,41,,2473.53125,0.8203125,57.76873245835304,332957,2664,
legacy,h6_gen_sched,42,,2622.984375,0.8828125,60.999136585742235,352138,2729,
legacy,h6_gen_sched,43,,2550.8125,0.7890625,61.89154990017414,341541,2794,
legacy,h6_gen_sched,44,,2806.125,0.9296875,65.57978209853172,375790,2924,
legacy,h6_gen_sched,45,,2825.21875,0.90625,70.42564320191741,378709,2989,
legacy,h6_gen_sched,46,,2837.3984375,0.859375,71.46090412139893,378710,3054,
legacy,h6_gen_sched,47,,3016.8828125,0.9453125,72.98419936001301,402021,3119,
legacy,h6_gen_sched,48,,3043.0703125,0.921875,76.95137722790241,406224,3184,
legacy,h6_gen_sched,49,,3131.2578125,0.9296875,75.1780786961317,419416,3249,
legacy,h6_gen_sched,50,0.582,3213.5,0.9453125,102.77777939662337,428392,3314,
legacy,h6_gen_sched,51,,3176.8984375,0.90625,117.88122960366309,423612,3379,
legacy,h6_gen_sched,52,,3187.3671875,0.8828125,79.6765238456428,424873,3444,
legacy,h6_gen_sched,53,,3373.3046875,0.9296875,80.43790566548705,446694,3509,
legacy,h6_gen_sched,54,,3429.4453125,0.921875,84.7511269506067,454945,3574,
legacy,h6_gen_sched,55,,3513.15625,0.9375,86.33147494122386,466171,3639,
legacy,h6_gen_sched,56,,3555.0390625,0.9453125,96.6537466775626,472341,3704,
legacy,h6_gen_sched,57,,3663.9375,0.9140625,90.50078747607768,485835,3769,
legacy,h6_gen_sched,58,,3670.109375,0.9375,88.97849287092686,484576,3834,
legacy,h6_gen_sched,59,,3713.15625,0.90625,91.6654224190861,491463,3899,
legacy,h6_gen_sched,60,,3790.9453125,0.8984375,94.76375557854772,503628,3964,
legacy,h6_gen_sched,61,,3856.15625,0.890625,98.3201999887824,512087,4029,
legacy,h6_gen_sched,62,,3977.421875,0.9296875,100.70065967924893,527466,4094,
legacy,h6_gen_sched,63,,4030.640625,0.9296875,104.78186060488224,533281,4159,
legacy,h6_gen_sched,64,,4129.9921875,0.9609375,108.79797829501331,548325,4225,
legacy,h6_gen_sched,65,,4147.8984375,0.921875,105.98234372213483,547787,4290,
legacy,h6_gen_sched,66,,4170.1328125,0.9296875,110.4462914429605,550582,4355,
legacy,h6_gen_sched,67,,4279.4453125,0.9296875,113.96398479305208,564119,4420,
legacy,h6_gen_sched,68,,4297.203125,0.9140625,130.0731033422053,564937,4485,
legacy,h6_gen_sched,69,,4399.9765625,0.9296875,114.03533327952027,578914,4550,
legacy,h6_gen_sched,70,,4381.4375,0.8984375,115.66421815752983,578197,4615,
legacy,h6_gen_sched,71,,4479.84375,0.9296875,118.58767111226916,589922,4680,
legacy,h6_gen_sched,72,,4527.296875,0.890625,122.30106514319777,596465,4745,
legacy,h6_gen_sched,73,,4573.4921875,0.90625,128.9218298047781,603217,4810,
legacy,h6_gen_sched,74,,4780.2421875,0.953125,129.8993359990418,629442,4875,
legacy,h6_gen_sched,75,0.54,4766.2734375,0.9140625,161.29129892401397,626413,4940,
legacy,h6_gen_sched,76,,4831.8203125,0.9453125,133.07282994687557,635341,5005,
legacy,h6_gen_sched,77,,4744.71875,0.8828125,130.20567707531154,623275,5070,
legacy,h6_gen_sched,78,,4909.171875,0.921875,137.27754727564752,645480,5135,
legacy,h6_gen_sched,79,,5039.6796875,0.90625,141.73664979822934,661852,5200,
legacy,h6_gen_sched,80,,5066.0234375,0.921875,142.7705665193498,665248,5265,
legacy,h6_gen_sched,81,,5166.90625,0.9375,147.72745981253684,678850,5330,
legacy,h6_gen_sched,82,,5281.3125,0.9609375,151.05532434396446,692081,5395,
legacy,h6_gen_sched,83,,5380.53125,0.953125,156.75085418485105,706739,5460,
legacy,h6_gen_sched,84,,5280.5,0.9140625,151.8966017253697,691628,5525,
legacy,h6_gen_sched,85,,5482.84375,0.96875,161.27949201874435,717984,5590,
legacy,h6_gen_sched,86,,5577.921875,0.96875,161.3791553415358,731379,5655,
legacy,h6_gen_sched,87,,5546.8359375,0.9296875,161.4584496449679,728001,5720,
legacy,h6_gen_sched,88,,5659.828125,0.9453125,166.38804127275944,742133,5785,
legacy,h6_gen_sched,89,,5675.015625,0.9453125,169.33120684325695,743482,5850,
legacy,h6_gen_sched,90,,5826.8515625,0.96875,170.88035332225263,762021,5915,
legacy,h6_gen_sched,91,,5876.2421875,0.96875,176.26301173307002,769554,5980,
legacy,h6_gen_sched,92,,5838.6796875,0.9453125,182.30249100737274,765874,6045,
legacy,h6_gen_sched,93,,5988.8359375,0.9453125,183.36181315593421,782513,6110,
legacy,h6_gen_sched,94,,6059.9921875,0.96875,186.28553693927824,793190,6175,
legacy,h6_gen_sched,95,,6135.1171875,0.9609375,194.26606533676386,802244,6240,
legacy,h6_gen_sched,96,,6198.4921875,0.9609375,195.5545196197927,810503,6305,
legacy,h6_gen_sched,97,,6175.6015625,0.921875,193.84996348805726,807688,6370,
legacy,h6_gen_sched,98,,6324.5546875,0.9453125,209.5065251328051,826536,6435,
legacy,h7_gen512,1,,300.0859375,0.4140625,141.0729654841125,54094,,
legacy,h7_gen512,2,,325.4765625,0.4375,13.101487651467323,58010,,
legacy,h7_gen512,3,,318.8125,0.46875,14.342357717454433,57989,,
legacy,h7_gen512,4,,347.1875,0.5546875,12.496114440262318,61092,,
legacy,h7_gen512,5,,349.34375,0.5390625,12.743574131280184,62811,,
legacy,h7_gen512,6,,337.03125,0.515625,11.976653635501862,59245,,
legacy,h7_gen512,7,,322.9453125,0.4765625,12.153971906751394,56995,,
legacy,h7_gen512,8,,366.2734375,0.5859375,13.7673170119524,63567,,
legacy,h7_gen512,9,,413.4609375,0.671875,13.692728001624346,70348,,
legacy,h7_gen512,10,,420.5,0.6953125,14.91006400436163,70518,,
legacy,h7_gen512,11,,424.359375,0.625,14.081554230302572,71295,,
legacy,h7_gen512,12,,410.984375,0.65625,14.769002489745617,70036,,
legacy,h7_gen512,13,,428,0.6796875,14.17542565613985,72553,,
legacy,h7_gen512,14,,420.4765625,0.640625,12.567644860595465,69575,,
legacy,h7_gen512,15,,450.9140625,0.7578125,12.656365863978863,73235,,
legacy,h7_gen512,16,,436.40625,0.703125,14.796757712960243,72251,,
legacy,h7_gen512,17,,483.9765625,0.84375,14.367977671325207,77209,,
legacy,h7_gen512,18,,487.3828125,0.8203125,18.156072478741407,79006,,
legacy,h7_gen512,19,,483.7109375,0.8359375,18.080396629869938,78683,,
legacy,h7_gen512,20,,499.71875,0.8984375,14.74940911307931,82091,,
legacy,h7_gen512,21,,490.3359375,0.8046875,12.710505459457636,79737,,
legacy,h7_gen512,22,,500.4140625,0.8671875,15.749180663377047,81970,,
legacy,h7_gen512,23,,498.234375,0.8359375,14.36336600407958,80511,,
legacy,h7_gen512,24,,501.03125,0.90625,16.374966993927956,83889,,
legacy,h7_gen512,25,0.418,501.1328125,0.921875,47.82892004400492,80276,,
legacy,h7_gen512,26,,505.09375,0.9140625,14.891003243625164,81394,,
legacy,h7_gen512,27,,503.828125,0.8984375,15.701549507677555,81452,,
legacy,h7_gen512,28,,505.234375,0.9375,19.977486174553633,82787,,
legacy,h7_gen512,29,,504.578125,0.953125,22.905126210302114,80739,,
legacy,h7_gen512,30,,500.8828125,0.8828125,14.677661933004856,80424,,
legacy,h7_gen512,31,,504.5625,0.921875,15.791070759296417,80929,,
legacy,h7_gen512,32,,507.0859375,0.953125,16.31548647210002,80079,,
legacy,h7_gen512,33,,509.6953125,0.96875,18.248078655451536,82194,,
legacy,h7_gen512,34,,506.265625,0.9453125,15.141104079782963,82625,,
legacy,h7_gen512,35,,512,1,16.27998983860016,83806,,
legacy,h7_gen512,36,,510.171875,0.984375,14.845750283449888,81700,,
legacy,h7_gen512,37,,507.8828125,0.9609375,17.867544498294592,81171,,
legacy,h7_gen512,38,,508.8125,0.96875,16.224694203585386,82488,,
legacy,h7_gen512,39,,511.1796875,0.984375,15.615767784416676,80388,,
legacy,h7_gen512,40,,510.7421875,0.9921875,14.43394074589014,81082,,
legacy,h7_gen512,41,,509.6953125,0.984375,17.645084146410227,81586,,
legacy,h7_gen512,42,,510.375,0.9921875,15.624196581542492,81724,,
legacy,h7_gen512,43,,509.8359375,0.984375,13.753572385758162,80296,,
legacy,h7_gen512,44,,511.4375,0.984375,15.493813145905733,82070,,
legacy,h7_gen512,45,,511.078125,0.984375,14.977061171084642,82499,,
legacy,h7_gen512,46,,508.25,0.9765625,18.18184393644333,80579,,
legacy,h7_gen512,47,,509.2421875,0.984375,16.002047415822744,81043,,
legacy,h7_gen512,48,,511.4765625,0.9921875,15.715101838111877,82180,,
legacy,h7_gen512,49,,511,0.9921875,16.445437964051962,84023,,
legacy,h7_gen512,50,0.25,510.28125,0.9921875,59.45455151051283,82380,,
legacy,h7_gen512,51,,510.71875,0.9921875,19.30681797862053,82341,,
legacy,h7_gen512,52,,509.4453125,0.9765625,17.22581708058715,82099,,
legacy,h7_gen512,53,,510.90625,0.984375,14.857276976108551,80307,,
legacy,h7_gen512,54,,512,1,15.973037455230951,81512,,
legacy,h7_gen512,55,,510.515625,0.9921875,17.225313127040863,81833,,
legacy,h7_gen512,56,,511.4140625,0.9921875,16.01824590191245,82757,,
legacy,h7_gen512,57,,512,1,16.847854614257812,82387,,
legacy,h7_gen512,58,,511.9921875,0.9921875,15.808520004153252,80337,,
legacy,h7_gen512,59,,508.90625,0.9765625,15.551353145390749,81319,,
legacy,h7_gen512,60,,512,1,20.9290869012475,83923,,
legacy,h7_gen512,61,,512,1,19.36630192771554,84035,,
legacy,h7_gen512,62,,512,1,15.175536591559649,83892,,
legacy,h7_gen512,63,,512,1,18.18720155209303,82895,,
legacy,h7_gen512,64,,512,1,15.866927579045296,85222,,
legacy,h7_gen512,65,,511.609375,0.9921875,15.971744406968355,82342,,
legacy,h7_gen512,66,,510.5859375,0.9921875,15.991420865058899,82160,,
legacy,h7_gen512,67,,512,1,17.707644652575254,81886,,
legacy,h7_gen512,68,,511.5546875,0.9921875,15.71968549862504,80374,,
legacy,h7_gen512,69,,512,1,15.251536075025797,81253,,
legacy,h7_gen512,70,,512,1,17.220725052058697,82909,,
legacy,h7_gen512,71,,512,1,20.764931492507458,82038,,
legacy,h7_gen512,72,,511.75,0.9921875,15.32724642381072,82475,,
legacy,h7_gen512,73,,512,1,14.788673855364323,83346,,
legacy,h7_gen512,74,,510.5625,0.9921875,16.489879224449396,82923,,
legacy,h7_gen512,75,0.192,512,1,46.2488285638392,81866,,
legacy,h7_gen512,76,,509.1953125,0.984375,16.112125027924776,82045,,
legacy,h7_gen512,77,,511.3984375,0.9921875,15.37895978987217,81410,,
legacy,h7_gen512,78,,510.84375,0.9921875,16.054996464401484,82494,,
legacy,h7_gen512,79,,512,1,15.139073640108109,82309,,
legacy,h7_gen512,80,,510.6015625,0.9921875,15.790611054748297,82154,,
legacy,h7_gen512,81,,509.953125,0.984375,16.531506709754467,82760,,
legacy,h7_gen512,82,,511.5234375,0.9921875,16.70898811891675,81548,,
legacy,h7_gen512,83,,512,1,17.858796942979097,83567,,
legacy,h7_gen512,84,,512,1,16.561174053698778,81260,,
legacy,h7_gen512,85,,510.703125,0.9921875,21.471173230558634,81550,,
legacy,h7_gen512,86,,512,1,18.93695965409279,82941,,
legacy,h7_gen512,87,,511.8515625,0.9921875,15.08290545642376,83523,,
legacy,h7_gen512,88,,512,1,15.563143569976091,83211,,
legacy,h7_gen512,89,,509.9140625,0.984375,16.70079892128706,82349,,
legacy,h7_gen512,90,,510.3984375,0.9921875,14.808587666600943,81515,,
legacy,h7_gen512,91,,512,1,16.56943779066205,82931,,
legacy,h7_gen512,92,,509.328125,0.984375,15.125477269291878,83717,,
legacy,h7_gen512,93,,511.625,0.9921875,21.984462425112724,81430,,
legacy,h7_gen512,94,,511.78125,0.9921875,21.58460645377636,83019,,
legacy,h7_gen512,95,,510.640625,0.9921875,17.744061410427094,82311,,
legacy,h7_gen512,96,,511.0390625,0.9921875,15.687195371836424,82509,,
legacy,h7_gen512,97,,511.671875,0.9921875,17.831200823187828,82705,,
legacy,h7_gen512,98,,512,1,14.74824297055602,82529,,
legacy,h7_gen512,99,,511.90625,0.9921875,16.895015385001898,82858,,
legacy,h7_gen512,100,0.23,512,1,52.31531015783548,81159,,
legacy,h7_gen512,101,,512,1,17.257456798106432,81725,,
legacy,h7_gen512,102,,510.28125,0.984375,16.411127399653196,82152,,
legacy,h7_gen512,103,,512,1,15.333353981375694,81305,,
legacy,h7_gen512,104,,511.3671875,0.9921875,17.247211512178183,81485,,
legacy,h7_gen512,105,,510.984375,0.9921875,16.194746494293213,82111,,
legacy,h7_gen512,106,,512,1,15.545313280075788,83218,,
legacy,h7_gen512,107,,511.4609375,0.9921875,16.70197980850935,81975,,
legacy,h7_gen512,108,,511.8359375,0.9921875,16.10492192953825,81286,,
legacy,h7_gen512,109,,512,1,14.727674324065447,81633,,
legacy,h7_gen512,110,,511.5234375,0.9921875,15.409990675747395,81847,,
legacy,h7_gen512,111,,512,1,16.133056197315454,82989,,
legacy,h7_gen512,112,,510.0234375,0.984375,16.04647532850504,82957,,
legacy,h7_gen512,113,,512,1,15.99692890420556,82853,,
legacy,h7_gen512,114,,512,1,17.04306137561798,81038,,
legacy,h7_gen512,115,,511.578125,0.9921875,19.67055645957589,81702,,
legacy,h7_gen512,116,,512,1,16.1844694390893,83671,,
legacy,h7_gen512,117,,512,1,15.973310749977827,81674,,
legacy,h7_gen512,118,,512,1,16.33892660215497,82831,,
legacy,h7_gen512,119,,511.3125,0.9921875,20.992658730596304,80982,,
legacy,h7_gen512,120,,510.6640625,0.9921875,19.202848613262177,81531,,
legacy,h7_gen512,121,,512,1,16.745721105486155,82291,,
legacy,h7_gen512,122,,512,1,15.821405813097954,82192,,
legacy,h7_gen512,123,,512,1,18.201042141765356,81295,,
legacy,h7_gen512,124,,512,1,15.517279926687479,80987,,
legacy,h7_gen512,125,0.224,512,1,50.14061051979661,82583,,
legacy,h7_gen512,126,,512,1,15.387005232274532,81346,,
legacy,h7_gen512,127,,512,1,15.100128810852766,83419,,
legacy,h7_gen512,128,,510.2109375,0.984375,15.506191808730364,84260,,
legacy,h7_gen512,129,,510.5859375,0.9921875,18.737907398492098,82818,,
legacy,h7_gen512,130,,512,1,16.340469874441624,84475,,
legacy,h7_gen512,131,,511.65625,0.9921875,16.011662364006042,84842,,
legacy,h7_gen512,132,,510.8828125,0.984375,15.077596809715033,82454,,
legacy,h7_gen512,133,,512,1,21.032435066998005,82101,,
legacy,h7_gen512,134,,510.9609375,0.984375,17.241957295686007,81300,,
legacy,h7_gen512,135,,512,1,14.936501562595367,80306,,
legacy,h7_gen512,136,,510.890625,0.9921875,15.682474818080664,82518,,
legacy,h7_gen512,137,,512,1,19.119465097784996,82071,,
legacy,h7_gen512,138,,512,1,16.217197582125664,81669,,
legacy,h7_gen512,139,,511.4609375,0.9921875,15.501956198364496,82419,,
legacy,h7_gen512,140,,510.0859375,0.984375,15.269900351762772,82517,,
legacy,h7_gen512,141,,512,1,21.182671930640936,82159,,
legacy,h7_gen512,142,,512,1,14.446778826415539,80977,,
legacy,h7_gen512,143,,511.5703125,0.9921875,15.746143516153097,82481,,
legacy,h7_gen512,144,,512,1,15.986252643167973,83095,,
legacy,h7_gen512,145,,511,0.9921875,17.807259798049927,82354,,
legacy,h7_gen512,146,,512,1,16.801521606743336,82523,,
legacy,h7_gen512,147,,512,1,15.286832220852375,80887,,
legacy,h7_gen512,148,,512,1,17.339141983538866,82661,,
legacy,h7_gen512,149,,512,1,18.665689703077078,82443,,
legacy,h7_gen512,150,0.264,512,1,298.212818980217,81715,,
legacy,h7_gen512,151,,512,1,14.885434184223413,82272,,
legacy,h7_gen512,152,,512,1,19.599162358790636,81788,,
legacy,h7_gen512,153,,510.09375,0.984375,16.55105596408248,82699,,
legacy,h7_gen512,154,,512,1,16.111926153302193,81605,,
legacy,h7_gen512,155,,512,1,15.552736077457666,83844,,
legacy,h7_gen512,156,,511.9296875,0.9921875,20.292094990611076,82374,,
legacy,h7_gen512,157,,510.15625,0.9921875,15.769312836229801,82559,,
legacy,h7_gen512,158,,510.859375,0.984375,16.314856357872486,80175,,
legacy,h7_gen512,159,,512,1,15.850089471787214,82222,,
legacy,h7_gen512,160,,512,1,20.216756116598845,81336,,
legacy,h7_gen512,161,,509.4921875,0.9765625,14.380616664886475,81811,,
legacy,h7_gen512,162,,512,1,15.660165674984455,82821,,
legacy,h7_gen512,163,,511.6484375,0.9921875,14.71761354058981,82178,,
legacy,h7_gen512,164,,510.5,0.984375,16.712547432631254,84519,,
legacy,h7_gen512,165,,512,1,16.281000070273876,83169,,
legacy,h7_gen512,166,,512,1,16.410329058766365,81891,,
legacy,h7_gen512,167,,512,1,15.079456847161055,82067,,
legacy,h7_gen512,168,,508.1171875,0.984375,17.254109118133783,81275,,
legacy,h7_gen512,169,,511.6171875,0.9921875,17.343774884939194,82857,,
legacy,h7_gen512,170,,509.875,0.9921875,15.312715228646994,82312,,
legacy,h7_gen512,171,,512,1,16.027675319463015,81860,,
legacy,h7_gen512,172,,512,1,16.1465452760458,82371,,
legacy,h7_gen512,173,,508.125,0.9765625,20.55979849770665,82438,,
legacy,h7_gen512,174,,512,1,18.56028228625655,83745,,
legacy,h7_gen512,175,0.266,511.1015625,0.9921875,63.63012122362852,81848,,
legacy,h7_gen512,176,,512,1,78.1891100499779,84933,,
legacy,h7_gen512,177,,510.46875,0.9921875,15.615444337949157,81178,,
legacy,h7_gen512,178,,512,1,14.533642804250121,81290,,
legacy,h7_gen512,179,,512,1,16.30932292714715,80901,,
legacy,h7_gen512,180,,512,1,18.252536537125707,83027,,
legacy,h7_gen512,181,,511.5703125,0.9921875,15.868955425918102,83514,,
legacy,h7_gen512,182,,510.953125,0.984375,15.559338683262467,81018,,
legacy,h7_gen512,183,,510.1640625,0.984375,15.733274897560477,79991,,
legacy,h7_gen512,184,,512,1,17.358651155605912,82503,,
legacy,h7_gen512,185,,512,1,16.658234983682632,81223,,
legacy,h7_gen512,186,,511.2421875,0.984375,16.329777263104916,81772,,
legacy,h7_gen512,187,,510.8046875,0.984375,14.61130566895008,82539,,
legacy,h7_gen512,188,,509.265625,0.9921875,19.126361100003123,81527,,
legacy,h7_gen512,189,,510.703125,0.9921875,16.707253571599722,82505,,
legacy,h7_gen512,190,,510.5234375,0.9921875,15.784350024536252,82278,,
legacy,h7_gen512,191,,512,1,15.372257022187114,83240,,
legacy,h7_gen512,192,,509.265625,0.984375,20.692815436050296,82169,,
legacy,h7_gen512,193,,512,1,15.050616165623069,83630,,
legacy,h7_gen512,194,,512,1,15.96144993044436,80704,,
legacy,h7_gen512,195,,511.34375,0.9921875,15.409710017964244,82570,,
legacy,h7_gen512,196,,512,1,22.23054938390851,82569,,
legacy,h7_gen512,197,,512,1,14.472299445420504,82424,,
legacy,h7_gen512,198,,512,1,15.363081701099873,82885,,
legacy,h7_gen512,199,,511.5234375,0.9921875,14.824276451021433,82358,,
legacy,h7_gen512,200,0.268,509.8359375,0.984375,45.6513064969331,82501,,
legacy,h7_gen512,201,,512,1,20.945279547944665,81997,,
legacy,h7_gen512,202,,512,1,16.500248230993748,82217,,
legacy,h7_gen512,203,,510.7578125,0.9921875,14.697975318878889,83509,,
legacy,h7_gen512,204,,512,1,14.995122404769063,81842,,
legacy,h7_gen512,205,,512,1,14.738458720967174,80967,,
legacy,h7_gen512,206,,512,1,17.04802909679711,81515,,
legacy,h7_gen512,207,,511.34375,0.9921875,15.03628203086555,84066,,
legacy,h7_gen512,208,,512,1,16.758130326867104,81066,,
legacy,h7_gen512,209,,512,1,16.898695897310972,82557,,
legacy,h7_gen512,210,,512,1,15.047830052673817,82381,,
legacy,h7_gen512,211,,512,1,15.340898491442204,83858,,
legacy,h7_gen512,212,,511.4140625,0.984375,14.511324942111969,82804,,
legacy,h7_gen512,213,,511.9296875,0.9921875,15.419042892754078,83319,,
legacy,h7_gen512,214,,511.171875,0.9921875,14.306006956845522,82210,,
legacy,h7_gen512,215,,510.734375,0.9921875,16.414936013519764,81465,,
legacy,h7_gen512,216,,509.0625,0.984375,15.939361875876784,81338,,
legacy,h7_gen512,217,,511.96875,0.9921875,14.558881971985102,81162,,
legacy,h7_gen512,218,,511.5078125,0.9921875,15.021086120977998,81184,,
legacy,h7_gen512,219,,511.390625,0.9921875,16.16406748816371,81779,,
legacy,h7_gen512,220,,508.875,0.984375,15.098598020151258,82407,,
legacy,h7_gen512,221,,508.625,0.984375,14.845959138125181,80511,,
legacy,h7_gen512,222,,510.6953125,0.9921875,15.716253776103258,81916,,
legacy,h7_gen512,223,,512,1,14.861532051116228,81669,,
legacy,h7_gen512,224,,510.9140625,0.984375,18.42350258678198,82800,,
legacy,h7_gen512,225,0.276,512,1,45.2414159681648,83207,,
legacy,h7_gen512,226,,512,1,17.87663329951465,81554,,
legacy,h7_gen512,227,,512,1,14.273254100233316,81629,,
legacy,h7_gen512,228,,511.3046875,0.9921875,16.4689711779356,81355,,
legacy,h7_gen512,229,,511.96875,0.9921875,16.71899128332734,82387,,
legacy,h7_gen512,230,,512,1,16.906693199649453,81534,,
legacy,h7_gen512,231,,512,1,16.308610200881958,82242,,
legacy,h7_gen512,232,,512,1,15.045163657516241,82684,,
legacy,h7_gen512,233,,510.6171875,0.9921875,15.763431798666716,82183,,
legacy,h7_gen512,234,,511.9765625,0.9921875,22.76622330583632,82347,,
legacy,h7_gen512,235,,511.625,0.9921875,16.229051319882274,83250,,
legacy,h7_gen512,236,,512,1,19.649681229144335,81742,,
legacy,h7_gen512,237,,510.671875,0.9921875,18.102983452379704,80293,,
legacy,h7_gen512,238,,512,1,15.267735546454787,82617,,
legacy,h7_gen512,239,,509.2421875,0.9921875,14.13513582199812,82939,,
legacy,h7_gen512,240,,512,1,15.411258267238736,81769,,
legacy,h7_gen512,241,,512,1,14.851899867877364,80631,,
legacy,h7_gen512,242,,512,1,17.32726527750492,82228,,
legacy,h7_gen512,243,,512,1,16.070730283856392,83122,,
legacy,h7_gen512,244,,511.25,0.984375,16.559236124157906,82342,,
legacy,h7_gen512,245,,512,1,14.969789752736688,82333,,
legacy,h7_gen512,246,,510.671875,0.984375,16.229292385280132,82688,,
legacy,h7_gen512,247,,511.828125,0.9921875,14.292139403522015,81888,,
legacy,h7_gen512,248,,512,1,15.747058164328337,83391,,
legacy,h7_gen512,249,,510.828125,0.9921875,14.997111650183797,82573,,
legacy,h7_gen512,250,0.274,512,1,44.1206996999681,82255,,
legacy,h8_gen2048,1,,707.6875,0.1328125,62.32932532392442,106267,,
legacy,h8_gen2048,2,,625.90625,0.1171875,23.09394798055291,96465,,
legacy,h8_gen2048,3,,632.7109375,0.125,20.05932111851871,98168,,
legacy,h8_gen2048,4,,663.5546875,0.140625,22.176382860168815,101587,,
legacy,h8_gen2048,5,,773.484375,0.140625,20.788607815280557,117101,,
legacy,h8_gen2048,6,,750.90625,0.1484375,22.926583617925644,112221,,
legacy,h8_gen2048,7,,706.7890625,0.1484375,20.486780112609267,106127,,
legacy,h8_gen2048,8,,723.9609375,0.1171875,22.462397487834096,109351,,
legacy,h8_gen2048,9,,937.859375,0.1953125,25.278939498588443,137471,,
legacy,h8_gen2048,10,,865.7265625,0.1796875,23.714011076837778,127507,,
legacy,h8_gen2048,11,,836.296875,0.1640625,24.498770274221897,124023,,
legacy,h8_gen2048,12,,870.2421875,0.1484375,24.584236467257142,128821,,
legacy,h8_gen2048,13,,922.828125,0.1796875,23.830963972955942,135891,,
legacy,h8_gen2048,14,,961.59375,0.1875,27.070956386625767,138838,,
legacy,h8_gen2048,15,,955.6640625,0.1796875,24.85394192300737,137843,,
legacy,h8_gen2048,16,,941.0546875,0.1796875,24.45484040491283,136846,,
legacy,h8_gen2048,17,,1068.5078125,0.21875,27.26973165012896,152029,,
legacy,h8_gen2048,18,,1103.9765625,0.1953125,25.671258848160505,157930,,
legacy,h8_gen2048,19,,1128.1484375,0.1796875,31.79083340242505,161171,,
legacy,h8_gen2048,20,,1087,0.15625,26.25316916964948,157263,,
legacy,h8_gen2048,21,,1205.2109375,0.25,28.516438845545053,171241,,
legacy,h8_gen2048,22,,1134.09375,0.1640625,31.40313421189785,163081,,
legacy,h8_gen2048,23,,1136.1875,0.2265625,30.21394247189164,162169,,
legacy,h8_gen2048,24,,1230.9453125,0.1953125,32.41541200503707,177318,,
legacy,h8_gen2048,25,0.612,1179.390625,0.171875,56.81013963930309,167093,,
legacy,h8_gen2048,26,,1248.59375,0.2578125,28.916627377271652,176562,,
legacy,h8_gen2048,27,,1223.6484375,0.265625,29.59265390969813,173589,,
legacy,h8_gen2048,28,,1306.6796875,0.3125,32.28753695636988,185372,,
legacy,h8_gen2048,29,,1323.0390625,0.328125,30.256027452647686,185502,,
legacy,h8_gen2048,30,,1314.6875,0.3203125,29.202459989115596,184591,,
legacy,h8_gen2048,31,,1499.984375,0.4375,32.88959479518235,208343,,
legacy,h8_gen2048,32,,1507.4140625,0.4296875,33.91614717617631,208121,,
legacy,h8_gen2048,33,,1618.625,0.5390625,35.53260067291558,224137,,
legacy,h8_gen2048,34,,1732.25,0.65625,40.00058339908719,239551,,
legacy,h8_gen2048,35,,1801.78125,0.6953125,39.50000941194594,248898,,
legacy,h8_gen2048,36,,1842.5390625,0.7734375,41.690593514591455,252243,,
legacy,h8_gen2048,37,,1840.5703125,0.8125,43.804686572402716,251755,,
legacy,h8_gen2048,38,,1898.9140625,0.8515625,48.57653506472707,260421,,
legacy,h8_gen2048,39,,1951.2578125,0.8828125,43.90178957954049,264718,,
legacy,h8_gen2048,40,,2008.3828125,0.9609375,47.70768637768924,272780,,
legacy,h8_gen2048,41,,1958.0859375,0.8984375,43.82188851758838,266980,,
legacy,h8_gen2048,42,,1966.9609375,0.9140625,43.47392828203738,268167,,
legacy,h8_gen2048,43,,1952.3046875,0.90625,43.167459120973945,264932,,
legacy,h8_gen2048,44,,1974.5078125,0.9296875,45.84213042631745,269343,,
legacy,h8_gen2048,45,,1980.5859375,0.9375,44.01495388709009,270596,,
legacy,h8_gen2048,46,,1919.296875,0.8984375,42.33961565233767,261193,,
legacy,h8_gen2048,47,,2008.6015625,0.9609375,44.72493517585099,272961,,
legacy,h8_gen2048,48,,2016.5546875,0.96875,44.314898144453764,274830,,
legacy,h8_gen2048,49,,2031.1875,0.9765625,46.32693248614669,278607,,
legacy,h8_gen2048,50,0.552,1955.28125,0.921875,74.28395017981529,267340,,
legacy,h8_gen2048,51,,2018.15625,0.9765625,46.902657655999064,275293,,
legacy,h8_gen2048,52,,1974,0.9453125,44.64331126399338,269562,,
legacy,h8_gen2048,53,,1992.9140625,0.9609375,43.43629610911012,270004,,
legacy,h8_gen2048,54,,1998.0546875,0.953125,46.22655038163066,271727,,
legacy,h8_gen2048,55,,2002.703125,0.953125,45.17115125618875,272833,,
legacy,h8_gen2048,56,,2007.8125,0.96875,46.93579438328743,274296,,
legacy,h8_gen2048,57,,2009.9140625,0.9765625,45.582237631082535,274120,,
legacy,h8_gen2048,58,,1973.0859375,0.9296875,43.1320297960192,267357,,
legacy,h8_gen2048,59,,2017.859375,0.9609375,48.11490138433874,274465,,
legacy,h8_gen2048,60,,2018.0625,0.9609375,44.135019570589066,276699,,
legacy,h8_gen2048,61,,2024.203125,0.9765625,45.96396522410214,277597,,
legacy,h8_gen2048,62,,2019.4140625,0.953125,44.87992310896516,276841,,
legacy,h8_gen2048,63,,2024.9609375,0.96875,52.97610141336918,276554,,
legacy,h8_gen2048,64,,2034.375,0.984375,48.1083989366889,280086,,
legacy,h8_gen2048,65,,2009.046875,0.9609375,46.46651832945645,274014,,
legacy,h8_gen2048,66,,2010,0.9765625,44.892793852835894,274085,,
legacy,h8_gen2048,67,,2035.796875,0.984375,44.50028808042407,276932,,
legacy,h8_gen2048,68,,2026.25,0.9609375,43.46216983161867,274255,,
legacy,h8_gen2048,69,,2040.921875,0.9921875,46.148786975070834,276955,,
legacy,h8_gen2048,70,,2013.21875,0.96875,45.55973538197577,275065,,
legacy,h8_gen2048,71,,2008.9453125,0.953125,45.11489056237042,273647,,
legacy,h8_gen2048,72,,2019.4296875,0.9609375,44.8403370436281,275458,,
legacy,h8_gen2048,73,,2011.8203125,0.953125,44.624695867300034,275323,,
legacy,h8_gen2048,74,,2019.9140625,0.96875,45.327669033780694,276120,,
legacy,h8_gen2048,75,0.538,2011.8203125,0.953125,75.64897518977523,273843,,
legacy,h8_gen2048,76,,2012.1171875,0.9609375,44.76851388812065,274419,,
legacy,h8_gen2048,77,,2017.3359375,0.953125,45.254025012254715,274170,,
legacy,h8_gen2048,78,,1982.78125,0.9453125,42.68733589164913,270902,,
legacy,h8_gen2048,79,,2038.0234375,0.984375,46.444538155570626,277640,,
legacy,h8_gen2048,80,,2016.0625,0.96875,46.66010794043541,274853,,
legacy,h8_gen2048,81,,2022.84375,0.96875,43.01765969209373,276410,,
legacy,h8_gen2048,82,,2025.015625,0.9765625,47.50056289695203,275275,,
legacy,h8_gen2048,83,,2027.8828125,0.9765625,48.68731319718063,277600,,
legacy,h8_gen2048,84,,2004.71875,0.9296875,44.44075782224536,272328,,
legacy,h8_gen2048,85,,2025.6328125,0.984375,44.7054184563458,275461,,
legacy,h8_gen2048,86,,2029.984375,0.96875,50.57040566392243,277243,,
legacy,h8_gen2048,87,,2000.859375,0.953125,46.100046968087554,274116,,
legacy,h8_gen2048,88,,2045.1953125,0.9921875,50.170907359570265,279460,,
legacy,h8_gen2048,89,,2027.71875,0.9765625,48.81963187456131,276628,,
legacy,h8_gen2048,90,,2032.9296875,0.984375,45.13607659004629,276399,,
legacy,h8_gen2048,91,,2038.2890625,0.984375,46.40690287388861,278296,,
legacy,h8_gen2048,92,,2017.9296875,0.96875,45.79755534790456,276818,,
legacy,h8_gen2048,93,,2037.375,0.9921875,45.79756694845855,276726,,
legacy,h8_gen2048,94,,2034.9296875,0.984375,45.21719787456095,277982,,
legacy,h8_gen2048,95,,2021.59375,0.96875,43.802043499425054,275713,,
legacy,h8_gen2048,96,,2044.0234375,0.984375,46.29955191165209,278731,,
legacy,h8_gen2048,97,,2028.2265625,0.984375,45.481897465884686,276824,,
legacy,h8_gen2048,98,,2041.1171875,0.9765625,48.562727676704526,278256,,
legacy,h8_gen2048,99,,2033.28125,0.984375,45.292194962501526,277594,,
legacy,h8_gen2048,100,0.484,2042.5078125,0.984375,74.07744960486889,277064,,
legacy,h8_gen2048,101,,2042.890625,0.984375,45.86692401766777,277679,,
legacy,h8_gen2048,102,,2016.90625,0.9765625,45.552229100838304,275000,,
legacy,h8_gen2048,103,,2047.484375,0.9921875,43.00134202465415,277847,,
legacy,h8_gen2048,104,,2026.7734375,0.96875,46.69435334391892,275457,,
legacy,h8_gen2048,105,,2039.5625,0.984375,45.57401027716696,277769,,
legacy,h8_gen2048,106,,2034.2578125,0.9921875,45.65918202139437,278067,,
legacy,h8_gen2048,107,,2033.2734375,0.9765625,45.72815879620612,276767,,
legacy,h8_gen2048,108,,2038.078125,0.984375,45.363966507837176,276645,,
legacy,h8_gen2048,109,,2035.8359375,0.984375,45.70643800497055,276684,,
legacy,h8_gen2048,110,,2038.96875,0.9765625,48.80355731584132,277360,,
legacy,h8_gen2048,111,,2033.90625,0.984375,42.720979772508144,277793,,
legacy,h8_gen2048,112,,2041.7109375,0.984375,52.45042487606406,279013,,
legacy,h8_gen2048,113,,2048,1,46.77822787873447,279461,,
legacy,h8_gen2048,114,,2042.140625,0.9921875,47.09619148820639,276896,,
legacy,h8_gen2048,115,,2037.6015625,0.9921875,47.196476463228464,277033,,
legacy,h8_gen2048,116,,2043.890625,0.9921875,46.81084446236491,279753,,
legacy,h8_gen2048,117,,2048,1,45.216062501072884,278282,,
legacy,h8_gen2048,118,,2041.421875,0.984375,46.882819747552276,278597,,
legacy,h8_gen2048,119,,2037.5234375,0.9921875,43.71045514754951,276337,,
legacy,h8_gen2048,120,,2038.0546875,0.984375,43.64673086442053,277037,,
legacy,h8_gen2048,121,,2042.484375,0.9765625,46.138903530314565,278193,,
legacy,h8_gen2048,122,,2047.4296875,0.9921875,45.16770266927779,278727,,
legacy,h8_gen2048,123,,2035.8671875,0.984375,42.48764130100608,276350,,
legacy,h8_gen2048,124,,2041.125,0.9921875,45.414482567459345,276715,,
legacy,h8_gen2048,125,0.464,2039.9921875,0.9921875,77.18841199576855,278166,,
legacy,h8_gen2048,126,,2035.0546875,0.984375,45.79215138591826,276297,,
legacy,h8_gen2048,127,,2020.765625,0.96875,47.026662496849895,276541,,
legacy,h8_gen2048,128,,2022.9921875,0.984375,45.42100286856294,277896,,
legacy,h8_gen2048,129,,2030.75,0.984375,46.62898692116141,277399,,
legacy,h8_gen2048,130,,2041.5546875,0.9921875,46.37706547230482,280258,,
legacy,h8_gen2048,131,,2040.4375,0.9921875,45.57239893823862,280526,,
legacy,h8_gen2048,132,,2039.65625,0.9921875,46.188970908522606,278137,,
legacy,h8_gen2048,133,,2030.3125,0.984375,45.497728100046515,276445,,
legacy,h8_gen2048,134,,2048,1,47.568318681791425,278041,,
legacy,h8_gen2048,135,,2048,1,44.8045800793916,276914,,
legacy,h8_gen2048,136,,2046.8046875,0.9921875,48.174293810501695,279115,,
legacy,h8_gen2048,137,,2028.28125,0.9765625,46.9154791329056,276155,,
legacy,h8_gen2048,138,,2038.3203125,0.984375,48.128491746261716,277038,,
legacy,h8_gen2048,139,,2016.2109375,0.96875,43.080318892374635,275027,,
legacy,h8_gen2048,140,,2048,1,54.28236439451575,279370,,
legacy,h8_gen2048,141,,2048,1,46.394416796043515,278767,,
legacy,h8_gen2048,142,,2031.140625,0.984375,43.919751880690455,275427,,
legacy,h8_gen2048,143,,2041.171875,0.9921875,44.129754554480314,278270,,
legacy,h8_gen2048,144,,2048,1,45.50428809970617,279703,,
legacy,h8_gen2048,145,,2036.5546875,0.9921875,46.787965880706906,277625,,
legacy,h8_gen2048,146,,2028.3203125,0.984375,44.05703774653375,276612,,
legacy,h8_gen2048,147,,2048,1,45.45963024906814,277495,,
legacy,h8_gen2048,148,,2037.1875,0.9765625,44.850601103156805,277885,,
legacy,h8_gen2048,149,,2048,1,51.70475729741156,279051,,
legacy,h8_gen2048,150,0.488,2048,1,76.17710639163852,278323,,
legacy,h8_gen2048,151,,2048,1,49.095801612362266,278880,,
legacy,h8_gen2048,152,,2048,1,45.714141158387065,278396,,
legacy,h8_gen2048,153,,2028.546875,0.984375,45.50876940228045,277061,,
legacy,h8_gen2048,154,,2048,1,45.698044680058956,278213,,
legacy,h8_gen2048,155,,2032.46875,0.9765625,47.44035245478153,278464,,
legacy,h8_gen2048,156,,2040.3203125,0.9921875,45.28964136168361,278008,,
legacy,h8_gen2048,157,,2048,1,45.2737887557596,279403,,
legacy,h8_gen2048,158,,2047.0546875,0.9921875,44.55652359127998,276808,,
legacy,h8_gen2048,159,,2048,1,46.712908463552594,278830,,
legacy,h8_gen2048,160,,2036.9375,0.9921875,48.71507376432419,276528,,
legacy,h8_gen2048,161,,2016.8046875,0.9765625,47.004457619041204,274747,,
legacy,h8_gen2048,162,,2047.6328125,0.9921875,48.132124710828066,279382,,
legacy,h8_gen2048,163,,2039.9453125,0.9921875,44.2862775567919,277800,,
legacy,h8_gen2048,164,,2047.5390625,0.9921875,45.13482720963657,281260,,
legacy,h8_gen2048,165,,2041.421875,0.9921875,48.73217078670859,278935,,
legacy,h8_gen2048,166,,2030.921875,0.984375,44.239104844629765,276313,,
legacy,h8_gen2048,167,,2048,1,45.68392400816083,278675,,
legacy,h8_gen2048,168,,2035.859375,0.9921875,48.66503746807575,276826,,
legacy,h8_gen2048,169,,2048,1,45.47719479165971,279514,,
legacy,h8_gen2048,170,,2048,1,80.50231078825891,279192,,
legacy,h8_gen2048,171,,2048,1,45.522499645128846,278468,,
legacy,h8_gen2048,172,,2043.34375,0.9921875,46.560041692107916,278383,,
legacy,h8_gen2048,173,,2048,1,49.39189292304218,279542,,
legacy,h8_gen2048,174,,2044.734375,0.9921875,46.85003202222288,279935,,
legacy,h8_gen2048,175,0.506,2048,1,75.06141293048859,278571,,
legacy,h8_gen2048,176,,2041.8203125,0.9921875,46.84432972967625,280750,,
legacy,h9_prune_adapt,1,,1190.8125,0.015625,188.9703268557787,168107,16384,2646
legacy,h9_prune_adapt,2,,673.1484375,0.0703125,22.372154280543327,102512,16384,1460.5
legacy,h9_prune_adapt,3,,298.5,0.4453125,12.87036645412445,55389,2765,418.5
legacy,h9_prune_adapt,4,,186.515625,0.5703125,11.46321839466691,40526,516,275.6666666666667
legacy,h9_prune_adapt,5,,216.5234375,0.65625,10.905062157660723,45810,290,315
legacy,h9_prune_adapt,6,,227.3125,0.6328125,11.113889191299677,45201,295,305.3333333333333
legacy,h9_prune_adapt,7,,221.53125,0.578125,10.975068368017673,44014,324,325
legacy,h9_prune_adapt,8,,226.078125,0.6328125,11.163964364677668,45622,316,318
legacy,h9_prune_adapt,9,,249.4609375,0.78125,12.817145649343729,49356,314,312
legacy,h9_prune_adapt,10,,260.1015625,0.765625,13.232555598020554,49987,293,333
legacy,h9_prune_adapt,11,,299.9453125,0.78125,12.175659641623497,55370,312,346.25
legacy,h9_prune_adapt,12,,278.3515625,0.796875,11.26542604342103,53059,358,320.75
legacy,h9_prune_adapt,13,,303.609375,0.8046875,11.719499703496695,56631,323,367.5
legacy,h9_prune_adapt,14,,325.328125,0.7578125,13.006939228624105,57396,348,399
legacy,h9_prune_adapt,15,,355.296875,0.875,11.669309493154287,60996,379,408
legacy,h9_prune_adapt,16,,376.203125,0.7734375,18.479960191994905,64545,386,444.75
legacy,h9_prune_adapt,17,,445.6640625,0.7890625,14.251740965992212,72305,428,490.6
legacy,h9_prune_adapt,18,,460.578125,0.78125,15.63516691699624,75575,474,508.8
legacy,h9_prune_adapt,19,,497.046875,0.8125,12.489892117679119,80390,488,528.2
legacy,h9_prune_adapt,20,,491.03125,0.8359375,17.78331847116351,80979,516,531.2
legacy,h9_prune_adapt,21,,529.0625,0.8046875,14.872854009270668,84694,513,568.2
legacy,h9_prune_adapt,22,,570.9921875,0.7578125,15.035631783306599,91004,554,596.8333333333334
legacy,h9_prune_adapt,23,,542.71875,0.859375,15.90943555533886,86205,599,583.6
legacy,h9_prune_adapt,24,,573.2734375,0.7734375,15.840910114347935,93136,562,591.3333333333334
legacy,h9_prune_adapt,25,0.644,541.09375,0.8515625,55.77780982106924,85391,602,584.4
legacy,h9_prune_adapt,26,,525.703125,0.90625,16.999867651611567,84032,537,579.4
legacy,h9_prune_adapt,27,,586.4375,0.796875,15.979891873896122,92026,537,638.1666666666666
legacy,h9_prune_adapt,28,,587.6640625,0.8828125,17.15298417955637,93338,608,649.3333333333334
legacy,h9_prune_adapt,29,,608.359375,0.8515625,15.495221253484488,94023,606,634.6666666666666
legacy,h9_prune_adapt,30,,570.4921875,0.8203125,17.80911250412464,89334,634,630.3333333333334
legacy,h9_prune_adapt,31,,628.84375,0.8671875,17.166894420981407,96837,602,665.8333333333334
legacy,h9_prune_adapt,32,,665.46875,0.8671875,16.728897739201784,100352,650,708.1666666666666
legacy,h9_prune_adapt,33,,714.8359375,0.8359375,16.0680069103837,108452,694,733.4285714285714
legacy,h9_prune_adapt,34,,625.7265625,0.890625,17.439818255603313,97916,744,666
legacy,h9_prune_adapt,35,,682.4375,0.9296875,18.03067322820425,105622,640,741.2857142857143
legacy,h9_prune_adapt,36,,752.7734375,0.8984375,20.041287384927273,112753,696,796.2857142857143
legacy,h9_prune_adapt,37,,776.9296875,0.9140625,19.573712717741728,115609,775,858.7142857142857
legacy,h9_prune_adapt,38,,808,0.9296875,24.900025572627783,120784,794,813.5714285714286
legacy,h9_prune_adapt,39,,780.9453125,0.9453125,20.352914717048407,114918,827,745
legacy,h9_prune_adapt,40,,807.515625,0.984375,20.091219689697027,119069,792,737
legacy,h9_prune_adapt,41,,775.84375,0.953125,19.53266280144453,115653,810,805
legacy,h9_prune_adapt,42,,793.3125,0.953125,19.789180859923363,117940,785,829.1428571428571
legacy,h9_prune_adapt,43,,848.2109375,0.921875,20.404922146350145,123608,810,901.5
legacy,h9_prune_adapt,44,,855.6484375,0.9453125,22.53755336254835,126129,865,875.25
legacy,h9_prune_adapt,45,,797.765625,0.953125,22.072815220803022,119195,867,828.5714285714286
legacy,h9_prune_adapt,46,,846.265625,0.921875,23.949605222791433,123845,813,835.625
legacy,h9_prune_adapt,47,,755.734375,0.984375,19.803390566259623,112594,872,828
legacy,h9_prune_adapt,48,,757.046875,0.984375,18.661119785159826,113613,759,822.5714285714286
legacy,h9_prune_adapt,49,,777.125,0.9609375,19.32009332999587,118087,763,832
legacy,h9_prune_adapt,50,0.646,770.4921875,0.9453125,58.137814328074455,115687,783,792.8571428571429
legacy,h9_prune_adapt,51,,810.6171875,0.96875,20.19054849818349,120728,816,836.1428571428571
legacy,h9_prune_adapt,52,,901.0390625,0.9453125,20.60154663771391,132223,816,867.5
legacy,h9_prune_adapt,53,,1015.8125,0.9609375,23.626944296061993,144935,915,969.1111111111111
legacy,h9_prune_adapt,54,,939.171875,0.984375,22.354924108833075,136190,1027,920.75
legacy,h9_prune_adapt,55,,922.015625,0.9765625,23.139395911246538,134505,947,923.625
legacy,h9_prune_adapt,56,,859.4765625,0.9765625,25.02631376683712,127309,931,859
legacy,h9_prune_adapt,57,,773,1,19.551361698657274,115795,867,815.5714285714286
legacy,h9_prune_adapt,58,,874.921875,0.96875,19.30204939842224,126792,773,879.875
legacy,h9_prune_adapt,59,,891.7890625,0.984375,21.527448389679193,130328,883,888.375
legacy,h9_prune_adapt,60,,883.078125,0.9765625,20.92732223495841,131421,900,912.5
legacy,h9_prune_adapt,61,,853.6875,0.9921875,22.723988760262728,127771,889,862.875
legacy,h9_prune_adapt,62,,848.90625,0.9765625,25.686549317091703,127016,855,887.125
legacy,h9_prune_adapt,63,,836.6171875,0.984375,21.149638690054417,124446,855,797.5
legacy,h9_prune_adapt,64,,747.4609375,0.9921875,18.69733565300703,115361,839,795.1428571428571
legacy,h9_prune_adapt,65,,796.4296875,0.9921875,19.902617439627647,118799,748,835.8571428571429
legacy,h9_prune_adapt,66,,835.1171875,0.984375,20.531770948320627,123700,799,929.5
legacy,h9_prune_adapt,67,,900.6796875,0.9921875,20.152550991624594,131637,838,823.25
legacy,h9_prune_adapt,68,,805.3515625,0.984375,19.31909065321088,117980,901,844.2857142857143
legacy,h9_prune_adapt,69,,766,1,21.797280333936214,113765,812,786
legacy,h9_prune_adapt,70,,815.5,0.9921875,22.53900011256337,121757,766,806.5714285714286
legacy,h9_prune_adapt,71,,827.0625,0.9609375,19.31968305632472,122366,816,832.125
legacy,h9_prune_adapt,72,,839.0390625,0.984375,24.009073119610548,124368,830,872.625
legacy,h9_prune_adapt,73,,845.3359375,0.96875,20.932275723665953,126013,842,872.25
legacy,h9_prune_adapt,76,,13959.328125,0.578125,859.9440442062914,1803662,16384,641.25
legacy,h9_prune_adapt,77,,564,1,17.275571156293154,88143,16384,635.6666666666666
legacy,h9_prune_adapt,78,,673.3515625,0.984375,16.134589228779078,103295,564,760.3333333333334
legacy,h9_prune_adapt,79,,805,1,22.668355340138078,119813,677,856.8571428571429
legacy,h9_prune_adapt,80,,871.671875,0.9921875,19.48618201352656,128371,805,929.375
legacy,h9_prune_adapt,81,,920.7890625,0.984375,22.609665362164378,135347,876,903.75
legacy,h9_prune_adapt,82,,961.234375,0.984375,27.60327736288309,139111,928,1040.125
legacy,h9_prune_adapt,83,,1013.4375,0.9921875,23.944726388901472,147751,962,890.6666666666666
legacy,h9_prune_adapt,84,,857.3515625,0.9765625,21.405157772824168,125465,1014,921.5
legacy,h9_prune_adapt,85,,941.6953125,0.9921875,27.73743042908609,136717,864,1000.125
legacy,h9_prune_adapt,86,,1094,1,23.584052501246333,157437,946,1044.7
legacy,h9_prune_adapt,87,,1027.578125,0.9609375,24.310134820640087,149536,1094,1064.6666666666667
legacy,h9_prune_adapt,88,,1029.8984375,0.9765625,30.28206652775407,149502,1043,1057.7777777777778
legacy,h9_prune_adapt,89,,1086.7734375,0.96875,25.697883879765868,156187,1035,1108.888888888889
legacy,h9_prune_adapt,90,,1253.984375,0.9765625,30.36634672060609,176694,1100,1155.090909090909
legacy,h9_prune_adapt,91,,1080.7578125,0.9921875,24.203484067693353,155732,1260,1071.2222222222222
legacy,h9_prune_adapt,92,,1145.1796875,0.9765625,26.034056155011058,165106,1082,1121.1
legacy,h9_prune_adapt,93,,1047,1,25.759636802598834,149958,1160,1069.6666666666667
legacy,h9_prune_adapt,94,,984.3828125,0.9765625,25.072408435866237,143512,1047,1027.6666666666667
legacy,h9_prune_adapt,95,,1095.546875,0.9609375,25.726595224812627,157179,993,1058.4
legacy,h9_prune_adapt,96,,974,1,23.29136709496379,141768,1111,1038.5555555555557
legacy,h9_prune_adapt,97,,1061.3671875,0.9765625,24.852563997730613,153066,974,996
legacy,h9_prune_adapt,98,,1116.8515625,0.984375,27.420955730602145,159950,1067,1074.1
legacy,h9_prune_adapt,99,,1100.8359375,0.9921875,24.381716024130583,158241,1124,1138.4
legacy,h9_prune_adapt,100,0.594,1157.859375,0.96875,55.99550926871598,163829,1104,1026.1
legacy,h9_prune_adapt,101,,1081.03125,0.984375,25.94573461636901,154561,1085,1070.5555555555557
legacy,h9_prune_adapt,102,,1017.6875,0.96875,25.071246840059757,147100,1085,1059.3333333333333
legacy,h9_prune_adapt,103,,1035.0859375,0.9921875,24.598969591781497,148260,1035,1062.5555555555557
legacy,h9_prune_adapt,104,,1026.578125,0.9765625,26.757379176095128,147432,1038,1045.4444444444443
legacy,h9_prune_adapt,105,,1065.5703125,0.9921875,23.98374548740685,153098,1038,1036.111111111111
legacy,h9_prune_adapt,106,,992,1,23.49507738277316,144658,1069,1051.111111111111
legacy,h9_prune_adapt,107,,1091.40625,0.984375,26.571296948939562,156208,992,1035.3333333333333
legacy,h9_prune_adapt,108,,1076.3515625,0.9921875,24.857085620984435,153544,1099,1130.7777777777778
legacy,h9_prune_adapt,109,,1199.75,0.9765625,31.428626807406545,169665,1078,1052.2
legacy,h9_prune_adapt,110,,1141.203125,0.96875,26.068597450852394,162446,1207,1151.2
legacy,h9_prune_adapt,111,,1040.9375,0.984375,24.2490138374269,150693,1150,1091.111111111111
legacy,h9_prune_adapt,112,,1070.6953125,0.984375,26.439771711826324,154723,1046,1120.4444444444443
legacy,h9_prune_adapt,113,,1193,1,26.72694882377982,170021,1077,1065.1
legacy,h9_prune_adapt,114,,1189.8046875,0.984375,33.23758630827069,167797,1193,1128.7
legacy,h9_prune_adapt,115,,1151.6015625,0.96875,29.394897079095244,163625,1195,1087.2
legacy,h9_prune_adapt,116,,1110.21875,0.953125,29.72092212922871,160243,1163,1094.3
legacy,h9_prune_adapt,117,,979.3515625,0.9765625,25.973099123686552,141495,1124,1025.888888888889
legacy,h9_prune_adapt,118,,1102.1328125,0.9921875,23.43258735910058,158368,987,1086.9
legacy,h9_prune_adapt,119,,1233.0546875,0.9921875,27.765133587643504,173365,1104,1215.6
legacy,h9_prune_adapt,120,,1194.1875,0.9765625,28.87257576920092,169022,1239,1100.9
legacy,h9_prune_adapt,121,,1154.8984375,0.9921875,26.955876775085926,164582,1203,1252.3
legacy,h9_prune_adapt,122,,1120,1,27.34149749390781,160016,1160,1078.1
legacy,h9_prune_adapt,123,,1130.6171875,0.9765625,27.586184894666076,160478,1120,1122.7
legacy,h9_prune_adapt,124,,1010,1,23.497593015432358,144731,1136,1100.7777777777778
legacy,h9_prune_adapt,125,0.594,1108.5703125,0.984375,56.236564949154854,158944,1010,1038.7
legacy,h9_prune_adapt,126,,1223.1171875,0.984375,27.625067714601755,172369,1229,1122.6
legacy,h9_prune_adapt,127,,1067.1640625,0.9765625,23.822500720620155,154480,1229,1144.7777777777778
legacy,h9_prune_adapt,128,,1125.0703125,0.9765625,28.353565076366067,162962,1076,1174.8
legacy,h9_prune_adapt,129,,1290.5078125,0.984375,28.003849951550364,182648,1138,1170.2727272727273
legacy,h9_prune_adapt,130,,1203.0234375,0.9765625,28.269208358600736,172926,1300,1146
legacy,h9_prune_adapt,131,,1176.25,0.984375,27.42207762785256,169910,1210,1150.4
legacy,h9_prune_adapt,132,,1249.2421875,0.9765625,26.76458270289004,176964,1183,1175.7272727272727
legacy,h9_prune_adapt,133,,1219.2265625,0.984375,29.418354228138924,172626,1261,1201.2
legacy,h9_prune_adapt,134,,1064.8359375,0.9921875,24.424218643456697,152196,1227,1096.888888888889
legacy,h9_prune_adapt,135,,1193.75,0.984375,28.061687039211392,167570,1066,1192.8
legacy,h9_prune_adapt,136,,1196.6875,0.9765625,28.92560546658933,170300,1199,1191.4
legacy,h9_prune_adapt,137,,1247.40625,0.9765625,27.75770035944879,176203,1208,1206.1818181818182
legacy,h9_prune_adapt,138,,1096.328125,0.9921875,26.35942691192031,156463,1264,1150
legacy,h9_prune_adapt,139,,1117.40625,0.9921875,26.535507118329406,159980,1097,1135.5
legacy,h9_prune_adapt,140,,1083.9140625,0.9921875,27.390205113217235,155967,1122,1162.2222222222222
legacy,h9_prune_adapt,141,,1124.2734375,0.9921875,26.78761339560151,160530,1089,1103.2
legacy,h9_prune_adapt,142,,1002,1,35.910278951749206,143697,1127,1074.4444444444443
legacy,h9_prune_adapt,143,,1145.125,0.9765625,32.692228231579065,163576,1002,1216.2
legacy,h9_prune_adapt,144,,1199,1,29.516259603202343,171031,1154,1227
legacy,h9_prune_adapt,145,,1200.8984375,0.96875,28.879700208082795,170661,1199,1185.3
legacy,h9_prune_adapt,146,,1294.9453125,0.9609375,29.1019066888839,182740,1209,1146
legacy,h9_prune_adapt,147,,1292.7578125,0.9921875,29.66411385498941,180824,1318,1271
legacy,h9_prune_adapt,148,,1117.046875,0.984375,26.607452051714063,160107,1298,1155.5
legacy,h9_prune_adapt,149,,1091.9609375,0.9921875,24.578496089205146,156678,1125,1169.3
legacy,h9_prune_adapt,150,0.57,1277,1,56.526491191238165,179635,1097,1216
legacy,h9_prune_adapt,151,,1244,1,33.3204799015075,175968,1244,1243.4545454545455
legacy,h9_prune_adapt,152,,1284.2421875,0.9921875,40.67666315846145,180635,1244,1242.1818181818182
legacy,h9_prune_adapt,153,,1239.3671875,0.984375,30.604451397433877,176046,1285,1189.909090909091
legacy,h9_prune_adapt,154,,1191,1,26.227264512330294,168517,1248,1175.9
legacy,h9_prune_adapt,155,,1320.2734375,0.9765625,38.4101627767086,187303,1191,1277.5454545454545
legacy,h9_prune_adapt,156,,1306.921875,0.9921875,29.651537459343672,184133,1331,1202.2727272727273
legacy,h9_prune_adapt,157,,1215.1328125,0.984375,27.89271690696478,172796,1312,1222.8
legacy,h9_prune_adapt,158,,1312.203125,0.984375,31.270422184839845,182747,1218,1254.6363636363637
legacy,h9_prune_adapt,159,,1270.6875,0.9921875,27.84988601692021,179334,1318,1241.5454545454545
legacy,h9_prune_adapt,160,,1135.890625,0.9921875,27.304624976590276,161194,1274,1172.8
legacy,h9_prune_adapt,161,,1253.03125,0.9765625,29.258440904319286,176984,1140,1245.8181818181818
legacy,h9_prune_adapt,162,,1050,1,24.484600719064474,151685,1263,1121
legacy,h9_prune_adapt,163,,1191.34375,0.9921875,25.836006147786975,169179,1050,1243
legacy,h9_prune_adapt,164,,1207,1,27.568085063248873,173671,1196,1171.2
legacy,h9_prune_adapt,165,,1329,1,30.044384486973286,187745,1207,1234.3636363636363
legacy,h9_prune_adapt,166,,1270.640625,0.984375,27.72339922003448,178997,1329,1191.090909090909
legacy,h9_prune_adapt,167,,1206,1,26.474584689363837,170899,1275,1100.4
legacy,h9_prune_adapt,168,,1302.9609375,0.96875,29.807611564174294,183015,1206,1282.909090909091
legacy,h9_prune_adapt,169,,1275.53125,0.984375,27.626332946121693,180638,1322,1291.7272727272727
legacy,h9_prune_adapt,170,,1374.8046875,0.984375,35.295607371255755,193023,1284,1295.25
legacy,h9_prune_adapt,171,,1190.28125,0.9921875,27.85441312752664,168680,1387,1297.7
legacy,h9_prune_adapt,172,,1272.875,0.9921875,37.24020269699395,179763,1192,1269.5454545454545
legacy,h9_prune_adapt,173,,1371.5234375,0.96875,33.7362787052989,192953,1275,1271.3333333333333
legacy,h9_prune_adapt,174,,1164,1,27.358972439542413,167201,1383,1253.3
legacy,h9_prune_adapt,175,0.568,1336.6953125,0.96875,61.26206001266837,187524,1164,1381.3636363636363
legacy,h9_prune_adapt,176,,1447.390625,0.9921875,32.571212615817785,204663,1449,1303.25
legacy,h9_prune_adapt,177,,1270.15625,0.9921875,27.57437016442418,178418,1449,1222.2727272727273
legacy,h9_prune_adapt,178,,1232,1,27.016424112021923,173450,1277,1239.2
legacy,h9_prune_adapt,179,,1118,1,24.991826597601175,158469,1232,1169.3
legacy,h9_prune_adapt,180,,1136.65625,0.9765625,25.753014966845512,162983,1118,1174.6
legacy,h9_prune_adapt,181,,1186,1,30.010508738458157,169841,1145,1231.7
legacy,h9_prune_adapt,182,,1217.9453125,0.9765625,27.106450766324997,171513,1186,1217.4
legacy,h9_prune_adapt,183,,1243.4609375,0.984375,62.66308790631592,173853,1229,1272.2
legacy,h9_prune_adapt,184,,1212,1,27.97813106328249,172103,1253,1180.5
legacy,h9_prune_adapt,185,,1056,1,26.47414798848331,150855,1212,1123.4444444444443
legacy,h9_prune_adapt,186,,1203,1,27.688361873850226,170317,1056,1230.5
legacy,h9_prune_adapt,187,,1296.671875,0.9921875,27.65038586780429,183130,1203,1268.5454545454545
legacy,h9_prune_adapt,188,,1249.2734375,0.984375,39.55144758336246,176248,1302,1296.7272727272727
legacy,h9_prune_adapt,189,,1196.921875,0.9921875,35.02645712159574,170341,1254,1262.5
legacy,h9_prune_adapt,190,,1263.5234375,0.984375,30.1144815441221,178662,1203,1269.2727272727273
legacy,h9_prune_adapt,191,,1270.484375,0.984375,29.870414750650525,180326,1276,1255.4545454545455
legacy,h9_prune_adapt,192,,1314.8515625,0.9921875,30.44316679611802,185284,1279,1279.909090909091
legacy,h9_prune_adapt,193,,1167,1,29.450771978124976,167470,1321,1197.7
legacy,h9_prune_adapt,194,,1256.5625,0.9921875,28.517733180895448,176008,1167,1337
legacy,h9_prune_adapt,195,,1485.109375,0.9921875,38.603471644222736,207212,1257,1374.8333333333333
legacy,h9_prune_adapt,196,,1442.8046875,0.984375,31.4553192704916,201712,1492,1357.25
v2,a1_gkd_mix0.5,1,,3692.3515625,0.03125,130.7613732740283,488304,,
v2,a1_gkd_mix0.5,2,,5040.984375,0.0859375,140.47198470681906,661595,,
v2,a1_gkd_mix0.5,3,,3678.96875,0.046875,95.36942848935723,488089,,
v2,a1_gkd_mix0.5,4,,4819.8125,0.0546875,134.7271824143827,633588,,
v2,a1_gkd_mix0.5,5,,3754.7578125,0.0546875,120.33214071020484,498704,,
v2,a1_gkd_mix0.5,6,,3361.734375,0.03125,104.16456704586744,446407,,
v2,a1_gkd_mix0.5,7,,4632.0390625,0.0703125,112.28459396585822,608559,,
v2,a1_gkd_mix0.5,8,,3844.546875,0.046875,115.44660740345716,508786,,
v2,a1_gkd_mix0.5,9,,4361.0390625,0.0546875,137.2181378416717,575638,,
v2,a1_gkd_mix0.5,10,,3715.0703125,0.0546875,142.10786195099354,492223,,
v2,a1_gkd_mix0.5,11,,3973.4375,0.0546875,102.52465807273984,525577,,
v2,a1_gkd_mix0.5,12,,4215.71875,0.0546875,120.28891745954752,557042,,
v2,a1_gkd_mix0.5,13,,3444.03125,0.03125,109.55618272721767,458605,,
v2,a1_gkd_mix0.5,14,,3780.125,0.0390625,104.86468116939068,499610,,
v2,a1_gkd_mix0.5,15,,4263.234375,0.03125,122.85239838808775,561212,,
v2,a1_gkd_mix0.5,16,,4631.8046875,0.078125,153.16934221237898,609262,,
v2,a1_gkd_mix0.5,17,,4374.71875,0.0625,133.13934760168195,575224,,
v2,a1_gkd_mix0.5,18,,4748.6484375,0.1015625,184.61833961680532,624448,,
v2,a1_gkd_mix0.5,19,,5076.3984375,0.1015625,172.23827036097646,666547,,
v2,a1_gkd_mix0.5,20,,5474.1796875,0.1015625,183.16392181441188,718822,,
v2,a1_gkd_mix0.5,21,,5421.7578125,0.125,202.38315088674426,710959,,
v2,a1_gkd_mix0.5,22,,4120.015625,0.03125,140.34684420004487,545279,,
v2,a1_gkd_mix0.5,23,,5350.8359375,0.1171875,199.50018228963017,701644,,
v2,a1_gkd_mix0.5,24,,4360.46875,0.0703125,145.30037784576416,577897,,
v2,a1_gkd_mix0.5,25,0.524,5995.75,0.1171875,287.397398494184,783587,,
v2,a1_gkd_mix0.5,26,,5143.53125,0.078125,172.99795192480087,675114,,
v2,a1_gkd_mix0.5,27,,5115.046875,0.0859375,166.83555395901203,671688,,
v2,a1_gkd_mix0.5,28,,5077.703125,0.109375,169.66018099337816,668063,,
v2,a1_gkd_mix0.5,29,,4661.25,0.0625,155.3340571075678,612793,,
v2,a1_gkd_mix0.5,30,,5344.6953125,0.109375,200.99157897755504,700432,,
v2,a1_gkd_mix0.5,31,,5503.109375,0.1015625,181.1902337372303,720743,,
v2,a1_gkd_mix0.5,32,,6107.421875,0.0859375,212.5785749554634,796922,,
v2,a1_gkd_mix0.5,33,,6395.515625,0.1328125,221.6645038537681,835579,,
v2,a1_gkd_mix0.5,34,,6299.5859375,0.109375,226.69472546875477,824170,,
v2,a1_gkd_mix0.5,35,,6684.2109375,0.1640625,240.2694346792996,873849,,
v2,a1_gkd_mix0.5,36,,6787.640625,0.1015625,243.89461621269584,885216,,
v2,a1_gkd_mix0.5,37,,6240.5546875,0.15625,221.36737219244242,814953,,
v2,a1_gkd_mix0.5,38,,7028.921875,0.1875,268.6636962555349,917062,,
v2,a1_gkd_mix0.5,39,,5952.8515625,0.1328125,223.23170099034905,776922,,
v2,a1_gkd_mix0.5,40,,7350.59375,0.1875,298.13055196776986,956583,,
v2,a1_gkd_mix0.5,41,,7146.546875,0.1640625,266.2858152575791,931103,,
v2,a1_gkd_mix0.5,42,,6752.125,0.1953125,264.6624828130007,880668,,
v2,a1_gkd_mix0.5,43,,7452.5859375,0.2109375,306.7129060328007,968968,,
v2,a1_gkd_mix0.5,44,,7335.4296875,0.1875,273.1410773396492,955541,,
v2,a1_gkd_mix0.5,45,,7619.390625,0.2109375,377.832078717649,992363,,
v2,a1_gkd_mix0.5,46,,7312.0546875,0.2265625,309.63080758601427,951466,,
v2,a1_gkd_mix0.5,47,,7897,0.2421875,321.2574946284294,1026676,,
v2,a1_gkd_mix0.5,48,,8116.4609375,0.2578125,322.00189059600234,1055618,,
v2,a1_gkd_mix0.5,49,,7808.6953125,0.1875,295.4637996815145,1018128,,
v2,a1_gkd_mix0.5,50,0.578,7414.3046875,0.1875,291.86512584611773,966095,,
v2,a1_gkd_mix0.5,51,,6963.4609375,0.1640625,327.0706879943609,908292,,
v2,a1_gkd_mix0.5,52,,7441.765625,0.25,305.08471662923694,969436,,
v2,a1_gkd_mix0.5,53,,8588.1484375,0.28125,368.20906649529934,1114194,,
v2,a1_gkd_mix0.5,54,,8388.515625,0.28125,350.4543331190944,1089706,,
v2,a1_gkd_mix0.5,55,,7498,0.21875,289.85007179155946,976231,,
v2,a1_gkd_mix0.5,56,,7858.59375,0.2421875,330.7222165390849,1023196,,
v2,a1_gkd_mix0.5,57,,7286.421875,0.21875,299.07788003236055,949513,,
v2,a1_gkd_mix0.5,58,,6973.953125,0.15625,242.54620445147157,907468,,
v2,a1_gkd_mix0.5,59,,7122.1328125,0.234375,301.4218060672283,927812,,
v2,a1_gkd_mix0.5,60,,6830.1796875,0.15625,266.47556176781654,892650,,
v2,a1_gkd_mix0.5,61,,7284.3203125,0.1875,277.0324202775955,950892,,
v2,a1_gkd_mix0.5,62,,7812.875,0.1953125,301.0002214796841,1018404,,
v2,a1_gkd_mix0.5,63,,7885.90625,0.203125,291.8220023699105,1026755,,
v2,a1_gkd_mix0.5,64,,7961.78125,0.234375,337.37437917664647,1038794,,
v2,a1_gkd_mix0.5,65,,7954.875,0.21875,329.8435530513525,1035080,,
v2,a1_gkd_mix0.5,66,,7715.859375,0.2265625,285.6086041368544,1004435,,
v2,a1_gkd_mix0.5,67,,7945.3125,0.265625,347.0815358944237,1033350,,
v2,a1_gkd_mix0.5,68,,7078.78125,0.1484375,269.31879307702184,920979,,
v2,a1_gkd_mix0.5,69,,8600.9609375,0.3046875,488.8832841925323,1116640,,
v2,a1_gkd_mix0.5,70,,8284.9375,0.2578125,345.9825985394418,1077845,,
v2,a1_gkd_mix0.5,71,,8124.53125,0.2109375,315.93649350106716,1056442,,
v2,a1_gkd_mix0.5,72,,8087.4921875,0.25,313.08196417987347,1052170,,
v2,a1_gkd_mix0.5,73,,9279.03125,0.3125,398.3392601162195,1205526,,
v2,a1_gkd_mix0.5,74,,9147.234375,0.2734375,393.39607376232743,1188417,,
v2,a1_gkd_mix0.5,75,0.52,9094.671875,0.3359375,822.3109640851617,1180448,,
v2,a1_gkd_mix0.5,76,,9363.75,0.3125,407.3784616328776,1215428,,
v2,a1_gkd_mix0.5,77,,9458.296875,0.3203125,412.2313117980957,1226613,,
v2,a1_gkd_mix0.5,78,,9460.3984375,0.3359375,564.6129838079214,1228037,,
v2,a1_gkd_mix0.5,79,,10839.8125,0.40625,488.3993407301605,1404269,,
v2,a1_gkd_mix0.5,80,,10832.140625,0.4453125,552.7212665043771,1403311,,
v2,a1_gkd_mix0.5,81,,10522.296875,0.3984375,485.4182558506727,1364340,,
v2,a1_gkd_mix0.5,82,,10409.28125,0.4296875,485.42868915200233,1348461,,
v2,a1_gkd_mix0.5,83,,10682.4296875,0.4453125,493.9458553493023,1385382,,
v2,a1_gkd_mix0.5,84,,11111.1875,0.484375,523.1021432578564,1437956,,
v2,a1_gkd_mix0.5,85,,11319.1953125,0.484375,590.5036684572697,1465037,,
v2,a1_gkd_mix0.5,86,,11505.5703125,0.5,559.6242903955281,1490118,,
v2,a1_gkd_mix0.5,87,,9982.3828125,0.390625,456.0862260200083,1295751,,
v2,a1_gkd_mix0.5,88,,11070.2265625,0.453125,486.64919601008296,1434664,,
v2,a1_gkd_mix0.5,89,,10511.4296875,0.4609375,511.7179918959737,1362543,,
v2,a1_gkd_mix0.5,90,,11137.609375,0.4921875,526.8992258124053,1441798,,
v2,a1_gkd_mix0.5,91,,12293.5546875,0.6015625,614.2459996975958,1590970,,
v2,a1_gkd_mix0.5,92,,11581.2265625,0.546875,675.3949667476118,1500920,,
v2,a1_gkd_mix0.5,93,,11780.6640625,0.5625,635.6636577434838,1523867,,
v2,a1_gkd_mix0.5,94,,10440.0234375,0.4453125,483.5258092060685,1353834,,
v2,a1_gkd_mix0.5,95,,11304.84375,0.53125,585.2424676083028,1463969,,
v2,a1_gkd_mix0.5,96,,11328.2890625,0.5078125,553.7006796523929,1467117,,
v2,a1_gkd_mix0.5,97,,12244.6015625,0.5859375,614.0899968743324,1584520,,
v2,a1_gkd_mix0.5,98,,11662.75,0.5390625,562.3535656295717,1509825,,
v2,a1_gkd_mix0.5,99,,11230.1171875,0.5234375,567.29740864411,1454789,,
v2,a1_gkd_mix0.5,100,0.382,11725.640625,0.546875,695.7018678747118,1516505,,
v2,a1_gkd_mix0.5,101,,11997.2421875,0.5703125,640.8481433317065,1551836,,
v2,a1_gkd_mix0.5,102,,10961.78125,0.484375,533.6845106631517,1419944,,
v2,a1_gkd_mix0.5,103,,12178.328125,0.5859375,620.4797365814447,1574595,,
v2,a1_gkd_mix0.5,104,,11836.2109375,0.578125,620.8872821927071,1531065,,
v2,a1_gkd_mix0.5,105,,11148.9296875,0.4765625,522.2714193239808,1443768,,
v2,a1_gkd_mix0.5,106,,11231.7578125,0.5078125,556.8301574327052,1455347,,
v2,a1_gkd_mix0.5,107,,12407.1015625,0.59375,671.8436947390437,1604617,,
v2,a1_gkd_mix0.5,108,,11451.1328125,0.5390625,573.6826440356672,1481516,,
v2,a1_gkd_mix0.5,109,,12071.2265625,0.59375,655.8505237065256,1561214,,
v2,a1_gkd_mix0.5,110,,10754.28125,0.46875,494.7374490015209,1392920,,
v2,a1_gkd_mix0.5,111,,11427.5234375,0.5390625,572.8634432703257,1480176,,
v2,a1_gkd_mix0.5,112,,10975.3203125,0.4609375,513.9639585651457,1422515,,
v2,a1_gkd_mix0.5,113,,11583.3671875,0.53125,579.8749024607241,1499988,,
v2,a1_gkd_mix0.5,114,,11525.7421875,0.53125,578.3067544177175,1490797,,
v2,a1_gkd_mix0.5,115,,11478.2109375,0.53125,573.228044077754,1485431,,
v2,a1_gkd_mix0.5,116,,11489.0390625,0.515625,572.8934417366982,1488732,,
v2,a1_gkd_mix0.5,117,,11935.421875,0.5859375,615.3686176836491,1543872,,
v2,a1_gkd_mix0.5,118,,11422.7421875,0.4921875,542.278102338314,1479406,,
v2,a1_gkd_mix0.5,119,,12151.6953125,0.5546875,606.0944618433714,1570951,,
v2,a1_gkd_mix0.5,120,,11719.4453125,0.5390625,577.7067989856005,1516255,,
v2,a1_gkd_mix0.5,121,,11835.21875,0.5546875,619.901623904705,1531663,,
v2,a1_gkd_mix0.5,122,,10993.171875,0.484375,546.1863273791969,1423782,,
v2,a1_gkd_mix0.5,123,,10773.1328125,0.484375,521.3886137418449,1394720,,
v2,a1_gkd_mix0.5,124,,10759.28125,0.4765625,471.76045065000653,1392639,,
v2,a1_gkd_mix0.5,125,0.324,11720.8203125,0.5390625,614.6920264288783,1517312,,
v2,a1_gkd_mix0.5,126,,11721.1640625,0.5546875,578.163779437542,1516119,,
v2,a1_gkd_mix0.5,127,,12099.1171875,0.59375,621.8838871382177,1566570,,
v2,a1_gkd_mix0.5,128,,12299.125,0.5859375,610.5454224012792,1593241,,
v2,a1_gkd_mix0.5,129,,11717.328125,0.5546875,593.4102975800633,1517281,,
v2,a1_gkd_mix0.5,130,,11674.0703125,0.5625,563.539296887815,1513220,,
v2,a1_gkd_mix0.5,131,,11841.3828125,0.5546875,584.1868072226644,1535047,,
v2,a1_gkd_mix0.5,132,,11393.3359375,0.4921875,540.5491722933948,1475408,,
v2,a1_gkd_mix0.5,133,,12500.1484375,0.625,648.3018751628697,1616584,,
v2,a1_gkd_mix0.5,134,,11390.3984375,0.5,529.5801641605794,1473868,,
v2,a1_gkd_mix0.5,135,,11273.7578125,0.5,490.20507330074906,1457811,,
v2,a1_gkd_mix0.5,136,,11012.59375,0.46875,536.9687826745212,1426736,,
v2,a1_gkd_mix0.5,137,,11615.1953125,0.5625,602.6669970788062,1503280,,
v2,a1_gkd_mix0.5,138,,10845.75,0.46875,522.8691575974226,1404389,,
v2,a1_gkd_mix0.5,139,,11804.6953125,0.5625,602.6022125780582,1527953,,
v2,a1_gkd_mix0.5,140,,11045.171875,0.5,558.4115345999599,1431008,,
v2,a1_gkd_mix0.5,141,,12908.0859375,0.6328125,659.5371086969972,1668858,,
v2,a1_gkd_mix0.5,142,,12581.5,0.6171875,637.4954456835985,1625873,,
v2,a1_gkd_mix0.5,143,,11226.484375,0.5078125,529.7929268144071,1453990,,
v2,a1_gkd_mix0.5,144,,12122.4765625,0.609375,625.7544623203576,1569236,,
v2,a1_gkd_mix0.5,145,,11746.1171875,0.5390625,579.6583493538201,1520449,,
v2,a1_gkd_mix0.5,146,,10609.1796875,0.4296875,502.16668320819736,1374962,,
v2,a1_gkd_mix0.5,147,,11553.859375,0.5546875,575.7226912379265,1494245,,
v2,a1_gkd_mix0.5,148,,11196.703125,0.5390625,557.6125172898173,1450303,,
v2,a1_gkd_mix0.5,149,,11834.2265625,0.5546875,577.007043953985,1531688,,
v2,a1_gkd_mix0.5,150,0.43,11916.734375,0.578125,633.2364624552429,1541521,,
v2,a1_gkd_mix0.5,151,,11022.34375,0.46875,498.8938548453152,1427596,,
v2,a1_gkd_mix0.5,152,,11796.9296875,0.5546875,571.8163070231676,1526259,,
v2,a1_gkd_mix0.5,153,,11388.1328125,0.5234375,548.8758515007794,1475088,,
v2,a1_gkd_mix0.5,154,,11549.0703125,0.5078125,560.1708864495158,1494350,,
v2,a1_gkd_mix0.5,155,,11829.375,0.5546875,598.4170632101595,1532468,,
v2,a1_gkd_mix0.5,156,,11775.5546875,0.5390625,570.2534964680672,1524118,,
v2,a1_gkd_mix0.5,157,,11324.328125,0.515625,578.2317616827786,1466773,,
v2,a1_gkd_mix0.5,158,,10636.5546875,0.4765625,512.4215649403632,1376264,,
v2,a1_gkd_mix0.5,159,,10300.34375,0.4375,496.6376627013087,1335130,,
v2,a1_gkd_mix0.5,160,,11193.7734375,0.515625,545.4805999994278,1448603,,
v2,a1_gkd_mix0.5,161,,11699.46875,0.578125,618.5609600283206,1514128,,
v2,a1_gkd_mix0.5,162,,11254.546875,0.515625,534.5181962549686,1457867,,
v2,a2_coldstart,1,,14656.8359375,0.6796875,885.5577875413001,1892545,,
v2,a2_coldstart,2,,14591.015625,0.7421875,877.3409385606647,1883721,,
v2,a2_coldstart,3,,14233.390625,0.6640625,836.3709950558841,1838130,,
v2,a2_coldstart,4,,14094.640625,0.6640625,830.4107804223895,1819547,,
v2,a2_coldstart,5,,13492.9453125,0.5078125,786.3956121467054,1743305,,
v2,a2_coldstart,6,,13367.015625,0.5703125,805.4195886850357,1726708,,
v2,a2_coldstart,7,,14191.2265625,0.65625,842.0179516300559,1832898,,
v2,a2_coldstart,8,,13903.2890625,0.6171875,820.5044599324465,1796409,,
v2,a2_coldstart,9,,13392.640625,0.5,772.1607851237059,1731415,,
v2,a2_coldstart,10,,13119.96875,0.484375,747.2070768512785,1695591,,
v2,a2_coldstart,11,,13270.7109375,0.5234375,771.3039183840156,1716019,,
v2,a2_coldstart,12,,13647.0234375,0.546875,795.9665665253997,1763017,,
v2,a2_coldstart,13,,13260.7734375,0.5,769.5588589645922,1715816,,
v2,a2_coldstart,14,,13013.640625,0.453125,743.5529240183532,1681740,,
v2,a2_coldstart,15,,13790.4453125,0.5234375,803.483477126807,1780910,,
v2,a2_coldstart,16,,13580.8671875,0.5390625,788.0132831223309,1754308,,
v2,a2_coldstart,17,,11878.53125,0.3671875,639.7087734900415,1537792,,
v2,a2_coldstart,18,,12155.703125,0.4453125,669.9125866368413,1573343,,
v2,a2_coldstart,19,,11836.140625,0.421875,648.8290774784982,1531217,,
v2,a2_coldstart,20,,12508.1953125,0.4453125,699.9715608805418,1616950,,
v2,a2_coldstart,21,,12553.0859375,0.5234375,720.2667668089271,1623434,,
v2,a2_coldstart,22,,12697.28125,0.546875,743.9538965038955,1643108,,
v2,a2_coldstart,23,,12476.9765625,0.4921875,688.2982484214008,1613586,,
v2,a2_coldstart,24,,13607.625,0.640625,825.7115594409406,1756706,,
v2,a2_coldstart,25,0.428,13447.3828125,0.640625,819.165012396872,1738481,,
v2,a2_coldstart,26,,14008.265625,0.6953125,830.818571805954,1808508,,
v2,a2_coldstart,27,,13569.28125,0.640625,811.9896304607391,1753544,,
v2,a2_coldstart,28,,14081.4375,0.7109375,827.6745109185576,1819369,,
v2,a2_coldstart,29,,14680.90625,0.765625,898.2860514335334,1895925,,
v2,a2_coldstart,30,,15008.4140625,0.8203125,914.9984594620764,1939338,,
v2,a2_coldstart,31,,16210.7734375,0.9609375,1007.6414488479495,2091191,,
v2,a2_coldstart,32,,16384,1,1016.3130943328142,2112891,,
v2,a2_coldstart,33,,16303.6953125,0.984375,1010.171963609755,2102857,,
v2,a2_coldstart,34,,16330.6328125,0.9921875,1015.3672568425536,2106972,,
v2,a2_coldstart,35,,16384,1,1021.7803290300071,2113238,,
v2,a2_coldstart,36,,16384,1,1017.5180506967008,2114535,,
v2,a2_coldstart,37,,16348.109375,0.9921875,1017.9552606195211,2108424,,
v2,a2_coldstart,38,,16320.4609375,0.9921875,1015.7804911546409,2106318,,
v2,a2_coldstart,39,,16359.28125,0.984375,1023.305243358016,2111514,,
v2,a2_coldstart,40,,16384,1,1019.1757530756295,2112727,,
v2,a2_coldstart,41,,16310.3125,0.9921875,1011.9377376399934,2103671,,
v2,a2_coldstart,42,,16230.9765625,0.984375,1007.343472994864,2093450,,
v2,a2_coldstart,43,,16384,1,1024.3602167107165,2114621,,
v2,a2_coldstart,44,,16384,1,1025.2232971861959,2114361,,
v2,a2_coldstart,45,,16291.9765625,0.984375,1013.1155607923865,2102154,,
v2,a2_coldstart,46,,16384,1,1019.6216890104115,2112219,,
v2,a2_coldstart,47,,16343.109375,0.9921875,1017.5714577697217,2109346,,
v2,a2_coldstart,48,,16265.546875,0.9765625,1048.2376158460975,2099098,,
v2,a2_coldstart,49,,16384,1,1020.5687072984874,2113417,,
v2,a2_coldstart,50,0.434,16311.828125,0.9921875,1044.5107749402523,2104323,,
v2,a2_coldstart,51,,16384,1,1015.917397081852,2112631,,
v2,a2_coldstart,52,,16281.6328125,0.984375,1024.9766992293298,2100033,,
v2,a2_coldstart,53,,16384,1,1018.6958726271987,2113356,,
v2,a2_coldstart,54,,16384,1,1019.8324622809887,2112689,,
v2,a3_offpolicy,1,,6984.7734375,0.078125,186.09355367720127,909734,,
v2,a3_offpolicy,2,,7420.6484375,0.1171875,158.5113911256194,966192,,
v2,a3_offpolicy,3,,6840.2265625,0.0703125,125.2396567799151,892730,,
v2,a3_offpolicy,4,,7132.3515625,0.1015625,129.6316138803959,929593,,
v2,a3_offpolicy,5,,6935.2578125,0.09375,127.53038450703025,905808,,
v2,a3_offpolicy,6,,6692,0.109375,123.49971303716302,872681,,
v2,a3_offpolicy,7,,7517.484375,0.1328125,145.49544558674097,977896,,
v2,a3_offpolicy,8,,6530.5625,0.0625,123.43966212123632,852596,,
v2,a3_offpolicy,9,,6883.2734375,0.0703125,161.86818266287446,898484,,
v2,a3_offpolicy,10,,6839.0546875,0.1015625,128.00635832175612,892093,,
v2,a3_offpolicy,11,,6861.703125,0.0859375,122.0216035246849,895275,,
v2,a3_offpolicy,12,,6778.625,0.0859375,124.91651438176632,885094,,
v2,a3_offpolicy,13,,6435.953125,0.0703125,126.28955566883087,841571,,
v2,a3_offpolicy,14,,6894.6484375,0.078125,129.68960420787334,898269,,
v2,a3_offpolicy,15,,6813.3125,0.0703125,130.46498226746917,887622,,
v2,a3_offpolicy,16,,6602.265625,0.1015625,125.16174213588238,861481,,
v2,a3_offpolicy,17,,6687.6640625,0.0625,127.51301823556423,871281,,
v2,a3_offpolicy,18,,6300.3984375,0.0625,119.86209439113736,823072,,
v2,a3_offpolicy,19,,6292.71875,0.0703125,127.51539753004909,822236,,
v2,a3_offpolicy,20,,6757,0.0703125,125.93024927005172,883023,,
v2,a3_offpolicy,21,,7203.7421875,0.1171875,137.47443232685328,939053,,
v2,a3_offpolicy,22,,7157.453125,0.09375,133.50872338190675,934071,,
v2,a3_offpolicy,23,,7488.796875,0.109375,147.49050916358829,975303,,
v2,a3_offpolicy,24,,6752.484375,0.0703125,123.24473815411329,884075,,
v2,a3_offpolicy,25,0.488,6805.921875,0.09375,169.83611911907792,887289,,
v2,a3_offpolicy,26,,7477.5546875,0.1171875,148.16763166338205,973869,,
v2,a3_offpolicy,27,,6352.859375,0.0625,120.06996476650238,830128,,
v2,a3_offpolicy,28,,7411.7578125,0.125,138.1777624823153,966822,,
v2,a3_offpolicy,29,,6403.6015625,0.0546875,114.7194428704679,835814,,
v2,a3_offpolicy,30,,6786.921875,0.1015625,132.6604968830943,885037,,
v2,a3_offpolicy,31,,7176.078125,0.0859375,138.48517655581236,934883,,
v2,a3_offpolicy,32,,6315.328125,0.046875,116.02856793999672,823534,,
v2,a3_offpolicy,33,,7321.3046875,0.109375,137.6284403987229,954080,,
v2,a3_offpolicy,34,,6989.7890625,0.0625,124.3758236952126,912516,,
v2,a3_offpolicy,35,,7132.4609375,0.125,134.71619836613536,931225,,
v2,a3_offpolicy,36,,7307.53125,0.1015625,136.49676939845085,951762,,
v2,a3_offpolicy,37,,6399.921875,0.09375,121.94253526255488,835352,,
v2,a3_offpolicy,38,,6702.859375,0.0859375,118.21228704974055,875326,,
v2,a3_offpolicy,39,,6193.3125,0.0390625,116.98347966745496,807701,,
v2,a3_offpolicy,40,,6841.390625,0.0703125,124.26122885942459,891405,,
v2,a3_offpolicy,41,,6804.1015625,0.0625,124.23829264938831,887270,,
v2,a3_offpolicy,42,,7536.2421875,0.1484375,139.34167966991663,981035,,
v2,a3_offpolicy,43,,6805.0078125,0.0859375,127.02006595954299,886078,,
v2,a3_offpolicy,44,,6796.4296875,0.0625,123.61078372597694,886549,,
v2,a3_offpolicy,45,,6370.0859375,0.0546875,118.52670623362064,832452,,
v2,a3_offpolicy,46,,6232.75,0.0625,112.63102659955621,813315,,
v2,a3_offpolicy,47,,6929.6015625,0.078125,129.60032591223717,902849,,
v2,a3_offpolicy,48,,7301.953125,0.0859375,135.2199886776507,951361,,
v2,a3_offpolicy,49,,7021.53125,0.0703125,125.73847167566419,917371,,
v2,a3_offpolicy,50,0.578,6749.3203125,0.109375,156.82918215543032,880977,,
v2,a3_offpolicy,51,,6406.328125,0.078125,120.53149795532227,836979,,
v2,a3_offpolicy,52,,7111.6796875,0.1015625,143.12833293527365,927185,,
v2,a3_offpolicy,53,,6641.09375,0.0859375,121.44096563756466,864971,,
v2,a3_offpolicy,54,,6595.5,0.078125,120.91730857267976,860200,,
v2,a3_offpolicy,55,,6386.046875,0.0625,115.21789786219597,833901,,
v2,a3_offpolicy,56,,6810.5,0.0859375,125.71647840365767,889040,,
v2,a3_offpolicy,57,,6998.703125,0.0625,172.10273276269436,912685,,
v2,a3_offpolicy,58,,7066.3359375,0.078125,132.6122224777937,919293,,
v2,a3_offpolicy,59,,6381.0625,0.078125,116.95336867496371,832955,,
v2,a3_offpolicy,60,,6916.453125,0.0703125,126.30050962790847,903693,,
v2,a3_offpolicy,61,,6699.9140625,0.0625,122.75790190324187,876088,,
v2,a3_offpolicy,62,,6701.1015625,0.0703125,123.58903561159968,876097,,
v2,a3_offpolicy,63,,7054.4453125,0.0625,127.32944913953543,920328,,
v2,a3_offpolicy,64,,7469.1796875,0.125,135.38025423511863,975741,,
v2,a3_offpolicy,65,,6773.515625,0.0625,125.75395150482655,883866,,
v2,a3_offpolicy,66,,7187.703125,0.109375,134.69434758275747,936831,,
v2,a3_offpolicy,67,,6940.515625,0.109375,127.13697411119938,904736,,
v2,a3_offpolicy,68,,5939.8828125,0.0234375,107.04141215980053,775200,,
v2,a3_offpolicy,69,,6840.53125,0.0859375,126.01965530961752,891305,,
v2,a3_offpolicy,70,,6938.8984375,0.1015625,123.7706223167479,905552,,
v2,a3_offpolicy,71,,6448.2890625,0.0546875,118.52385918051004,841883,,
v2,a3_offpolicy,72,,6412.96875,0.0625,122.52137426659465,837831,,
v2,a3_offpolicy,73,,7243.75,0.1015625,132.75052628666162,945010,,
v2,a3_offpolicy,74,,7357.03125,0.109375,138.41915843635798,959271,,
v2,a3_offpolicy,75,0.452,6576.6796875,0.0703125,195.2253652177751,858145,,
v2,a3_offpolicy,76,,6663.4453125,0.0703125,127.05679004639387,869789,,
v2,a3_offpolicy,77,,6991.078125,0.109375,131.17069692909718,910809,,
v2,a3_offpolicy,78,,6416.734375,0.0546875,118.63341403380036,838448,,
v2,a3_offpolicy,79,,7487.5078125,0.09375,140.1042210943997,975174,,
v2,a3_offpolicy,80,,7103.5859375,0.0625,130.05495067685843,926056,,
v2,a3_offpolicy,81,,7183.21875,0.078125,131.805362932384,936938,,
v2,a3_offpolicy,82,,6557.234375,0.0625,124.6512404344976,855399,,
v2,a3_offpolicy,83,,7044.796875,0.1015625,134.53172889351845,919765,,
v2,a3_offpolicy,84,,6695.296875,0.1015625,121.30779976397753,872722,,
v2,a3_offpolicy,85,,6838,0.0625,122.80498792603612,891444,,
v2,a3_offpolicy,86,,7706.1640625,0.140625,147.77247665077448,1003794,,
v2,a3_offpolicy,87,,6510.4375,0.0625,119.0086812749505,851342,,
v2,a3_offpolicy,88,,7387.71875,0.109375,135.2442992478609,963303,,
v2,a3_offpolicy,89,,6197.0078125,0.0703125,113.13224124908447,810297,,
v2,a3_offpolicy,90,,7237.796875,0.109375,134.0223780721426,942622,,
v2,a3_offpolicy,91,,6875.0546875,0.0859375,134.35778415948153,897402,,
v2,a3_offpolicy,92,,6540.9296875,0.0859375,124.33138424530625,855762,,
v2,a3_offpolicy,93,,6648.8203125,0.0859375,123.83169284835458,866991,,
v2,a3_offpolicy,94,,6568.90625,0.0859375,120.87731369957328,858331,,
v2,a3_offpolicy,95,,6400.40625,0.0859375,117.05850710719824,836201,,
v2,a3_offpolicy,96,,6712.1875,0.078125,128.74633054435253,876256,,
v2,a3_offpolicy,97,,6852.6171875,0.09375,126.94659260287881,894346,,
v2,a3_offpolicy,98,,7525.1796875,0.125,142.5300040319562,980216,,
v2,a3_offpolicy,99,,6381.3125,0.0546875,116.42011614888906,834142,,
v2,a3_offpolicy,100,0.47,7300.65625,0.125,188.19088600575924,950107,,
v2,a3_offpolicy,101,,6741.9765625,0.0703125,127.54669937863946,879162,,
v2,a3_offpolicy,102,,6621.6328125,0.0546875,124.95920736342669,864405,,
v2,a3_offpolicy,103,,6981.9296875,0.09375,125.83851385489106,909456,,
v2,a3_offpolicy,104,,6585.65625,0.1015625,120.48383850976825,858994,,
v2,a3_offpolicy,105,,6892.2109375,0.078125,131.12865333631635,898908,,
v2,a3_offpolicy,106,,6867.078125,0.1015625,128.44402956590056,896668,,
v2,a3_offpolicy,107,,6823.859375,0.046875,126.8095802552998,889962,,
v2,a3_offpolicy,108,,6855.671875,0.09375,125.60791623219848,893297,,
v2,a3_offpolicy,109,,6615.9609375,0.1015625,129.3909582607448,862940,,
v2,a3_offpolicy,110,,7208.5234375,0.125,137.19500869512558,939063,,
v2,a3_offpolicy,111,,6668.1953125,0.0859375,126.66719555854797,870982,,
v2,a3_offpolicy,112,,7249.3828125,0.09375,136.064447555691,945595,,
v2,a3_offpolicy,113,,7021.5859375,0.046875,169.99747877568007,916080,,
v2,a3_offpolicy,114,,6750.8671875,0.046875,129.99731653556228,879613,,
v2,a3_offpolicy,115,,6245.3515625,0.078125,113.22974425554276,815625,,
v2,a3_offpolicy,116,,6547.4921875,0.0546875,122.63269750401378,856214,,
v2,a3_offpolicy,117,,6730.5546875,0.078125,119.79392474517226,877649,,
v2,a3_offpolicy,118,,6773.8984375,0.0703125,121.53888591378927,884354,,
v2,a3_offpolicy,119,,7225.7265625,0.078125,339.3647833429277,940427,,
v2,a3_offpolicy,120,,6787.7734375,0.0703125,125.77656337618828,885001,,
v2,a3_offpolicy,121,,7134.1328125,0.1015625,129.36867374926805,929924,,
v2,a3_offpolicy,122,,6602.015625,0.078125,123.20976120233536,861714,,
v2,a3_offpolicy,123,,6375.578125,0.0703125,122.63847045600414,831833,,
v2,a3_offpolicy,124,,7154.3125,0.109375,137.46477510780096,931203,,
v2,a3_offpolicy,125,0.424,7221.7421875,0.109375,192.44986864179373,941430,,
v2,a3_offpolicy,126,,6722.1953125,0.1015625,128.47526855394244,876251,,
v2,a3_offpolicy,127,,7268.046875,0.1015625,136.41261715441942,948193,,
v2,a3_offpolicy,128,,7091.875,0.0859375,132.77595445513725,926713,,
v2,a3_offpolicy,129,,6752.0078125,0.0859375,125.2252316661179,881720,,
v2,a3_offpolicy,130,,7255.1484375,0.125,140.09212333709002,947598,,
v2,a3_offpolicy,131,,7672.3828125,0.140625,142.78891743719578,1001415,,
v2,a3_offpolicy,132,,7356.515625,0.0859375,138.82288290560246,958695,,
v2,a3_offpolicy,133,,7295.2734375,0.140625,135.06392607465386,950360,,
v2,a3_offpolicy,134,,6982.9296875,0.078125,132.71597554162145,909712,,
v2,a3_offpolicy,135,,6946.71875,0.09375,153.22381700202823,903950,,
v2,a3_offpolicy,136,,6227.7734375,0.0390625,126.68738916888833,814279,,
v2,a3_offpolicy,137,,7049.90625,0.09375,125.88935776799917,918923,,
v2,a3_offpolicy,138,,6103.359375,0.0390625,110.1592410095036,797363,,
v2,a3_offpolicy,139,,6586.9375,0.0703125,121.55976239591837,860080,,
v2,a3_offpolicy,140,,6473.96875,0.0703125,123.65232993289828,845894,,
v2,a3_offpolicy,141,,7229.6875,0.09375,129.83202307671309,942023,,
v2,a3_offpolicy,142,,7441.7109375,0.1015625,136.7889460772276,967980,,
v2,a3_offpolicy,143,,6679.15625,0.09375,128.76692352071404,871932,,
v2,a3_offpolicy,144,,7044.3125,0.1171875,123.48844749107957,919231,,
v2,a3_offpolicy,145,,7251.09375,0.1015625,136.62082263082266,945086,,
v2,a3_offpolicy,146,,6579.140625,0.0390625,121.45165454596281,859117,,
v2,a3_offpolicy,147,,6648.9765625,0.0703125,127.07453168928623,866420,,
v2,a3_offpolicy,148,,6915.828125,0.109375,130.07690889015794,902351,,
v2,a3_offpolicy,149,,6767.1484375,0.0859375,123.80039626732469,883102,,
v2,a3_offpolicy,150,0.374,6260.390625,0.0546875,152.44545241072774,817509,,
v2,a3_offpolicy,151,,7025.3515625,0.09375,132.9085875377059,915981,,
v2,a3_offpolicy,152,,7016.5390625,0.078125,131.22218514606357,914369,,
v2,a3_offpolicy,153,,7000.0078125,0.078125,134.51370948925614,913408,,
v2,a3_offpolicy,154,,7567.96875,0.109375,137.52078650519252,984769,,
v2,a3_offpolicy,155,,6699.6015625,0.0625,123.02618588879704,875857,,
v2,a3_offpolicy,156,,7091.7734375,0.078125,134.0476509705186,924594,,
v2,a3_offpolicy,157,,6576.484375,0.0546875,129.8040036484599,859049,,
v2,a3_offpolicy,158,,5970.2265625,0.0546875,111.05835553258657,778974,,
v2,a3_offpolicy,159,,6182.40625,0.046875,113.66431343182921,808034,,
v2,a3_offpolicy,160,,6646.796875,0.09375,127.71114966273308,866590,,
v2,a3_offpolicy,161,,6027.9375,0.0546875,113.37128848582506,788172,,
v2,a3_offpolicy,162,,6614.203125,0.0859375,115.14628783985972,863903,,
v2,a3_offpolicy,163,,6646.5546875,0.078125,123.78002536296844,867446,,
v2,a3_offpolicy,164,,6674.5,0.0859375,123.60595236346126,873511,,
v2,a3_offpolicy,165,,7425.7734375,0.1171875,140.34878448024392,968132,,
v2,a3_offpolicy,166,,6393.6484375,0.0703125,123.68103621900082,834742,,
v2,a3_offpolicy,167,,6711.15625,0.0859375,125.58844050765038,875559,,
v2,a3_offpolicy,168,,6653.5859375,0.0625,123.21485959365964,867895,,
v2,a3_offpolicy,169,,7788.578125,0.125,144.87885365262628,1014308,,
v2,a3_offpolicy,170,,6229.9921875,0.0546875,115.71583307906985,814487,,
v2,a3_offpolicy,171,,6935.4921875,0.0703125,127.7616613432765,904067,,
v2,a3_offpolicy,172,,7354.953125,0.1015625,140.4500563070178,958269,,
v2,a3_offpolicy,173,,6904.125,0.078125,126.80191799625754,901126,,
v2,a3_offpolicy,174,,6944.59375,0.0625,128.41661417856812,907117,,
v2,a3_offpolicy,175,0.39,6643.3828125,0.109375,163.51081388443708,866780,,
v2,a3_offpolicy,176,,7456.1171875,0.1640625,140.87231283262372,973780,,
v2,a3_offpolicy,177,,6693.3984375,0.0703125,123.32829608395696,872593,,
v2,a3_offpolicy,178,,6891.25,0.109375,129.958266813308,897834,,
v2,a3_offpolicy,179,,7146.1640625,0.09375,134.26670756936073,930074,,
v2,a3_offpolicy,180,,6928.375,0.1015625,133.5068553723395,904323,,
v2,a3_offpolicy,181,,6996.5859375,0.1171875,127.23747016116977,913596,,
v2,a3_offpolicy,182,,6640.265625,0.09375,123.7193122766912,865570,,
v2,a3_offpolicy,183,,6721.640625,0.09375,162.00483296439052,875060,,
v2,a3_offpolicy,184,,6748.4375,0.0703125,123.22553763911128,880767,,
v2,a3_offpolicy,185,,7348.703125,0.09375,140.77702265232801,956321,,
v2,a3_offpolicy,186,,7032.5234375,0.1171875,124.20487808063626,916496,,
v2,a3_offpolicy,187,,7054.1875,0.0546875,131.8143782876432,920092,,
v2,a3_offpolicy,188,,6532.7578125,0.0703125,116.4970479235053,852534,,
v2,a3_offpolicy,189,,6779.9140625,0.09375,131.40608010813594,884964,,
v2,a3_offpolicy,190,,6811.5703125,0.09375,131.6551920361817,888812,,
v2,a3_offpolicy,191,,6633.921875,0.0859375,121.76782451197505,866846,,
v2,a3_offpolicy,192,,6602.6484375,0.1015625,123.40535279735923,862122,,
v2,a3_offpolicy,193,,7066.5234375,0.125,133.26994816586375,922609,,
v2,a3_offpolicy,194,,6840.71875,0.09375,130.68183125555515,890780,,
v2,a3_offpolicy,195,,6744.125,0.078125,120.4395011626184,880366,,
v2,a3_offpolicy,196,,7143.3671875,0.09375,131.66631465032697,931384,,
v2,a3_offpolicy,197,,6826.71875,0.0625,123.64108612015843,890708,,
v2,a3_offpolicy,198,,6883.453125,0.0859375,129.30602157115936,898431,,
v2,a3_offpolicy,199,,6137.4296875,0.0390625,117.70280059054494,802474,,
v2,a3_offpolicy,200,0.42,7453.640625,0.1328125,196.61391630023718,971308,,
v2,a3_offpolicy,201,,6843.8671875,0.0703125,125.33534194901586,892476,,
v2,a3_offpolicy,202,,7073.765625,0.078125,131.95301002264023,922123,,
v2,a3_offpolicy,203,,6748.5859375,0.0703125,124.16274638101459,881951,,
v2,a3_offpolicy,204,,6612.3671875,0.078125,122.78656684979796,862689,,
v2,a3_offpolicy,205,,6564.9140625,0.078125,125.53433557599783,855740,,
v2,a3_offpolicy,206,,6969.859375,0.078125,140.19901681691408,908121,,
v2,a3_offpolicy,207,,6876.6328125,0.0703125,124.21974043548107,898823,,
v2,a3_offpolicy,208,,6588.65625,0.0546875,124.98423562198877,858878,,
v2,a3_offpolicy,209,,7087.0390625,0.09375,132.19319588690996,924162,,
v2,a3_offpolicy,210,,6942.953125,0.1015625,131.99418080598116,905543,,
v2,a3_offpolicy,211,,7084.71875,0.125,132.4988390877843,925166,,
v2,a3_offpolicy,212,,6876.890625,0.09375,127.44912308827043,897585,,
v2,a3_offpolicy,213,,6730.5390625,0.0859375,124.302216142416,879301,,
v2,a3_offpolicy,214,,7322.9921875,0.1171875,128.58420864120126,954123,,
v2,a3_offpolicy,215,,6379.90625,0.0703125,113.6498819515109,832719,,
v2,a3_offpolicy,216,,6164.8515625,0.0390625,109.45365580171347,805279,,
v2,a3_offpolicy,217,,6874.109375,0.09375,125.60159083083272,895516,,
v2,a3_offpolicy,218,,6504.875,0.046875,122.78224369138479,848335,,
v2,a3_offpolicy,219,,6693.265625,0.09375,127.56053272634745,873059,,
v2,a3_offpolicy,220,,7097.15625,0.09375,128.44441981986165,925707,,
v2,a3_offpolicy,221,,6557.71875,0.078125,122.6462120488286,854795,,
v2,a3_offpolicy,222,,6750.34375,0.109375,126.05782066658139,880591,,
v2,a3_offpolicy,223,,6996.6953125,0.078125,127.93039769306779,911710,,
v2,a3_offpolicy,224,,7141.59375,0.0703125,130.05813202634454,931527,,
v2,a3_offpolicy,225,0.398,7158.6171875,0.0859375,170.6275110654533,933974,,
v2,a3_offpolicy,226,,6126.5625,0.0625,142.05396139249206,800218,,
v2,a3_offpolicy,227,,7487.8203125,0.1015625,140.12230125069618,974534,,
v2,a3_offpolicy,228,,6396.2109375,0.03125,121.21395211294293,834623,,
v2,a3_offpolicy,229,,7328.0234375,0.109375,151.09497183188796,954842,,
v2,a3_offpolicy,230,,6799.71875,0.0703125,143.31213184818625,886362,,
v2,a3_offpolicy,231,,6688.1171875,0.078125,122.35688338056207,872785,,
v2,a3_offpolicy,232,,6649.65625,0.078125,122.43977123126388,868304,,
v2,a3_offpolicy,233,,6694.40625,0.1015625,119.97229488939047,873708,,
v2,a3_offpolicy,234,,6849.921875,0.09375,126.83879251405597,893604,,
v2,a3_offpolicy,235,,6724.09375,0.078125,123.92535059154034,878446,,
v2,a3_offpolicy,236,,6719.5625,0.09375,126.34797294065356,876310,,
v2,a3_offpolicy,237,,6399.8359375,0.0546875,121.82412850111723,834106,,
v2,a3_offpolicy,238,,6786.8984375,0.109375,122.25952710583806,885804,,
v2,a3_offpolicy,239,,6820.265625,0.0703125,129.42779483646154,890750,,
v2,a3_offpolicy,240,,6745.09375,0.0546875,123.60345875099301,879605,,
v2,a3_offpolicy,241,,6886.171875,0.09375,126.26116003841162,896525,,
v2,a3_offpolicy,242,,7422.2109375,0.0859375,138.74311332404613,966735,,
v2,a3_offpolicy,243,,6858.1875,0.0703125,126.96451021358371,895434,,
v2,a3_offpolicy,244,,7108.5625,0.1015625,134.95098286867142,926798,,
v2,a3_offpolicy,245,,6929.453125,0.078125,123.45469602569938,903767,,
v2,a3_offpolicy,246,,7024.4921875,0.1015625,131.9784722700715,916457,,
v2,a3_offpolicy,247,,7483.453125,0.09375,138.50907492637634,974256,,
v2,a3_offpolicy,248,,6698.7890625,0.0859375,149.49390676617622,875300,,
v2,a3_offpolicy,249,,6853.09375,0.078125,123.17563989385962,894383,,
v2,a3_offpolicy,250,0.438,6892.1171875,0.1015625,294.62734320759773,898910,,
v2,a4_dagger_anneal,1,,6984.7734375,0.078125,214.20000279322267,909734,,
v2,a4_dagger_anneal,2,,7420.6484375,0.1171875,140.30568680167198,966192,,
v2,a4_dagger_anneal,3,,6793.953125,0.0703125,125.67145555093884,886807,,
v2,a4_dagger_anneal,4,,6935.984375,0.1015625,128.9739177748561,904458,,
v2,a4_dagger_anneal,5,,6859.6328125,0.09375,134.28314610943198,896128,,
v2,a4_dagger_anneal,6,,6692,0.109375,122.76238521188498,872681,,
v2,a4_dagger_anneal,7,,7424.8984375,0.1328125,138.50546957179904,966045,,
v2,a4_dagger_anneal,8,,6451.4765625,0.0703125,143.9786522090435,842473,,
v2,a4_dagger_anneal,9,,6645.8984375,0.0703125,155.92182733118534,868100,,
v2,a4_dagger_anneal,10,,6619.9609375,0.09375,127.49547890946269,864049,,
v2,a4_dagger_anneal,11,,6702.015625,0.0859375,127.94281343743205,874835,,
v2,a4_dagger_anneal,12,,6717.9375,0.0859375,125.56945790350437,877326,,
v2,a4_dagger_anneal,13,,6292.4765625,0.0703125,116.61170895770192,823206,,
v2,a4_dagger_anneal,14,,6676.8671875,0.0859375,165.80022478103638,870393,,
v2,a4_dagger_anneal,15,,6585.21875,0.0703125,124.7548998221755,858426,,
v2,a4_dagger_anneal,16,,6299.0703125,0.1015625,116.57143759727478,822672,,
v2,a4_dagger_anneal,17,,6540.7890625,0.0703125,126.39828933775425,852481,,
v2,a4_dagger_anneal,18,,5895.359375,0.0625,107.90791800618172,771227,,
v2,a4_dagger_anneal,19,,6311.6328125,0.0703125,133.9312211163342,824657,,
v2,a4_dagger_anneal,20,,6536.03125,0.0703125,130.06299024820328,854739,,
v2,a4_dagger_anneal,21,,6839.6015625,0.1171875,129.1176600381732,892443,,
v2,a4_dagger_anneal,22,,6852.7421875,0.09375,123.95793675258756,895068,,
v2,a4_dagger_anneal,23,,7121.234375,0.109375,135.01924304291606,928255,,
v2,a4_dagger_anneal,24,,6108.171875,0.0625,121.11572774127126,801603,,
v2,a4_dagger_anneal,25,0.496,6518.453125,0.09375,173.9863337315619,850493,,
v2,a4_dagger_anneal,26,,6833.1953125,0.09375,167.1008671745658,891391,,
v2,a4_dagger_anneal,27,,6051.9140625,0.0546875,134.2856745161116,791607,,
v2,a4_dagger_anneal,28,,6785.5625,0.1171875,167.03490787744522,886669,,
v2,a4_dagger_anneal,29,,6093.1796875,0.046875,136.51087333634496,796080,,
v2,a4_dagger_anneal,30,,6536.515625,0.109375,163.5239401422441,852985,,
v2,a4_dagger_anneal,31,,7055.7109375,0.09375,157.295490372926,919476,,
v2,a4_dagger_anneal,32,,6053.7578125,0.0390625,132.7606553658843,790053,,
v2,a4_dagger_anneal,33,,7387.4609375,0.109375,184.40620519965887,962548,,
v2,a4_dagger_anneal,34,,6113.90625,0.0390625,134.93967991694808,800403,,
v2,a4_dagger_anneal,35,,7233.0078125,0.140625,197.8703069202602,944095,,
v2,a4_dagger_anneal,36,,6758.5625,0.1015625,145.5601936839521,881494,,
v2,a4_dagger_anneal,37,,6468.9296875,0.125,185.2617288455367,844185,,
v2,a4_dagger_anneal,38,,6252,0.0859375,163.36978026106954,817616,,
v2,a4_dagger_anneal,39,,6180.1015625,0.078125,181.93306855857372,806010,,
v2,a4_dagger_anneal,40,,6644.6875,0.09375,181.29902525618672,866227,,
v2,a4_dagger_anneal,41,,6674.140625,0.0703125,161.9627311527729,870635,,
v2,a4_dagger_anneal,42,,7036.890625,0.140625,185.10950303450227,917118,,
v2,a4_dagger_anneal,43,,6638.125,0.1171875,177.80970589071512,864717,,
v2,a4_dagger_anneal,44,,6637.609375,0.09375,172.58778550103307,866220,,
v2,a4_dagger_anneal,45,,6036.8125,0.0390625,156.26471186056733,789793,,
v2,a4_dagger_anneal,46,,6103.84375,0.0703125,144.6492762118578,796815,,
v2,a4_dagger_anneal,47,,7088.4296875,0.09375,202.0289503224194,923179,,
v2,a4_dagger_anneal,48,,7191.84375,0.109375,200.5384435504675,937267,,
v2,a4_dagger_anneal,49,,6523.8125,0.078125,138.93866198137403,853663,,
v2,a4_dagger_anneal,50,0.56,6525.625,0.125,269.80260925367475,852344,,
v2,a4_dagger_anneal,51,,6494.5625,0.09375,182.7155160754919,848273,,
v2,a4_dagger_anneal,52,,6773.0703125,0.109375,199.6133502572775,883843,,
v2,a4_dagger_anneal,53,,6795.265625,0.1015625,201.06500882282853,884705,,
v2,a4_dagger_anneal,54,,6834.2578125,0.140625,221.63750414550304,890761,,
v2,a4_dagger_anneal,55,,6346.9375,0.109375,193.51832241937518,828895,,
v2,a4_dagger_anneal,56,,6773.4140625,0.109375,173.68337877467275,884293,,
v2,a4_dagger_anneal,57,,7310.2734375,0.109375,214.91511222347617,952566,,
v2,a4_dagger_anneal,58,,7110.9296875,0.1171875,213.5478616952896,925001,,
v2,a4_dagger_anneal,59,,6698.859375,0.140625,221.51608347147703,873633,,
v2,a4_dagger_anneal,60,,7219.2578125,0.1484375,228.62045069783926,942452,,
v2,a4_dagger_anneal,61,,7718.2265625,0.21875,312.52710143104196,1006432,,
v2,a4_dagger_anneal,62,,7409.34375,0.1640625,236.34081161394715,966752,,
v2,a4_dagger_anneal,63,,7262.015625,0.125,229.69106506928802,946897,,
v2,a4_dagger_anneal,64,,8496.578125,0.25,293.21467787772417,1107248,,
v2,a4_dagger_anneal,65,,8278.1328125,0.203125,273.35442170128226,1076457,,
v2,a4_dagger_anneal,66,,7974.796875,0.21875,299.6348904706538,1037579,,
v2,a4_dagger_anneal,67,,8475.1640625,0.265625,294.6849301196635,1101171,,
v2,a4_dagger_anneal,68,,7704.640625,0.1796875,278.4848256483674,1001089,,
v2,a4_dagger_anneal,69,,7927.0234375,0.203125,275.1525375917554,1030376,,
v2,a4_dagger_anneal,70,,8615.1640625,0.2578125,312.05772515013814,1120114,,
v2,a4_dagger_anneal,71,,8463.90625,0.2265625,314.5109486691654,1099882,,
v2,a4_dagger_anneal,72,,7306.09375,0.171875,248.9513738565147,952151,,
v2,a4_dagger_anneal,73,,8272.65625,0.21875,273.7206738963723,1076710,,
v2,a4_dagger_anneal,74,,8596.734375,0.25,301.3122010678053,1117953,,
v2,a4_dagger_anneal,75,0.522,8548.3203125,0.2421875,366.37444580346346,1110515,,
v2,a4_dagger_anneal,76,,7860.0546875,0.203125,283.31052827835083,1022955,,
v2,a4_dagger_anneal,77,,8216.5625,0.234375,273.1047010719776,1067671,,
v2,a4_dagger_anneal,78,,7521.109375,0.1796875,274.5215377509594,979808,,
v2,a4_dagger_anneal,79,,8809.8984375,0.21875,295.84824983403087,1144440,,
v2,a4_dagger_anneal,80,,8207.1328125,0.1953125,296.01436415687203,1067310,,
v2,a4_dagger_anneal,81,,7874.953125,0.15625,239.44795147702098,1025480,,
v2,a4_dagger_anneal,82,,8215.203125,0.203125,307.3207713663578,1067619,,
v2,a4_dagger_anneal,83,,8148.9296875,0.21875,275.11943616718054,1061094,,
v2,a4_dagger_anneal,84,,8543.796875,0.2421875,272.48836927488446,1109330,,
v2,a4_dagger_anneal,85,,8350.96875,0.2109375,310.02124036103487,1085104,,
v2,a4_dagger_anneal,86,,9125.6875,0.2890625,408.9342522509396,1185493,,
v2,a4_dagger_anneal,87,,8424.8984375,0.25,317.1444489620626,1096393,,
v2,a4_dagger_anneal,88,,8790.2109375,0.25,442.31152079999447,1142822,,
v2,a4_dagger_anneal,89,,7908.046875,0.2265625,293.69758535176516,1029310,,
v2,a4_dagger_anneal,90,,8766.65625,0.2890625,316.3023734353483,1138316,,
v2,a4_dagger_anneal,91,,9361.421875,0.3125,375.6054341830313,1215657,,
v2,a4_dagger_anneal,92,,9009.09375,0.2890625,397.7150891274214,1171687,,
v2,a4_dagger_anneal,93,,9471.6953125,0.3359375,419.892587646842,1228319,,
v2,a4_dagger_anneal,94,,8476.9765625,0.2421875,303.99983824044466,1102564,,
v2,a4_dagger_anneal,95,,9770.5078125,0.375,439.6615615859628,1267574,,
v2,a4_dagger_anneal,96,,9389.703125,0.3125,383.9954368881881,1218978,,
v2,a4_dagger_anneal,97,,10891.5703125,0.4453125,515.334720492363,1411332,,
v2,a4_dagger_anneal,98,,9835.359375,0.3359375,389.6383985802531,1275919,,
v2,a4_dagger_anneal,99,,9906.6640625,0.3984375,436.9350985959172,1285387,,
v2,a4_dagger_anneal,100,0.366,10458.46875,0.421875,483.3788080252707,1354307,,
v2,a4_dagger_anneal,101,,10946.6015625,0.453125,502.22357592731714,1417354,,
v2,a4_dagger_anneal,102,,10070.7890625,0.3984375,499.0829433090985,1305897,,
v2,a4_dagger_anneal,103,,11244.125,0.5,604.0410766676068,1455017,,
v2,a4_dagger_anneal,104,,11115.2265625,0.515625,602.290383271873,1438779,,
v2,a4_dagger_anneal,105,,10085.296875,0.3828125,402.7016793638468,1307623,,
v2,a4_dagger_anneal,106,,10146.7578125,0.40625,424.75748373940587,1316467,,
v2,a4_dagger_anneal,107,,11143.2890625,0.46875,523.784644536674,1442849,,
v2,a4_dagger_anneal,108,,10676.8125,0.46875,498.57773852720857,1382403,,
v2,a4_dagger_anneal,109,,10945.75,0.4765625,535.1181965097785,1417153,,
v2,a4_dagger_anneal,110,,10684.171875,0.453125,474.94907054677606,1383946,,
v2,a4_dagger_anneal,111,,10562.609375,0.4765625,556.8683011010289,1369467,,
v2,a4_dagger_anneal,112,,10770.40625,0.4375,530.8177243582904,1396286,,
v2,a4_dagger_anneal,113,,11237.234375,0.5,553.7804992869496,1455683,,
v2,a4_dagger_anneal,114,,11275.9453125,0.515625,563.7740773186088,1458823,,
v2,a4_dagger_anneal,115,,11365.453125,0.5234375,564.1373163275421,1470998,,
v2,a4_dagger_anneal,116,,10609.875,0.4375,486.80559857934713,1376199,,
v2,a4_dagger_anneal,117,,11607.65625,0.546875,587.0309445410967,1501918,,
v2,a4_dagger_anneal,118,,10889.75,0.4453125,539.6944976076484,1411183,,
v2,a4_dagger_anneal,119,,11983.390625,0.53125,586.2650146447122,1549408,,
v2,a4_dagger_anneal,120,,11551.65625,0.5234375,569.5558596476912,1494778,,
v2,a4_dagger_anneal,121,,11505.515625,0.5234375,565.6388424001634,1489461,,
v2,a4_dagger_anneal,122,,10949.640625,0.484375,537.912523239851,1418210,,
v2,a4_dagger_anneal,123,,10828.890625,0.4921875,523.6177805103362,1401857,,
v2,a4_dagger_anneal,124,,10724.1796875,0.46875,506.46627489477396,1388146,,
v2,a4_dagger_anneal,125,0.392,11720.8203125,0.5390625,661.6552522182465,1517312,,
v2,a4_dagger_anneal,126,,11721.1640625,0.5546875,564.2463016435504,1516119,,
v2,a4_dagger_anneal,127,,12077.171875,0.5859375,605.9196208231151,1563761,,
v2,a4_dagger_anneal,128,,12480.109375,0.6015625,622.0009654946625,1616407,,
v2,a4_dagger_anneal,129,,11855.34375,0.5703125,609.8384940549731,1534947,,
v2,a4_dagger_anneal,130,,11863.7109375,0.578125,584.5193525739014,1537494,,
v2,a4_dagger_anneal,131,,11887.4765625,0.5625,584.5162208899856,1540947,,
v2,a4_dagger_anneal,132,,11467.8828125,0.5,541.9148563444614,1484950,,
v2,a4_dagger_anneal,133,,13006.6953125,0.671875,725.880246065557,1681422,,
v2,a4_dagger_anneal,134,,11820.796875,0.546875,579.1150448136032,1528959,,
v2,a4_dagger_anneal,135,,11635.078125,0.5390625,553.0128876380622,1504060,,
v2,a4_dagger_anneal,136,,11327.8203125,0.5078125,576.346601869911,1467085,,
v2,a4_dagger_anneal,137,,12087,0.6015625,657.433925729245,1563671,,
v2,a4_dagger_anneal,138,,11186.34375,0.5,556.3954042643309,1447985,,
v2,a4_dagger_anneal,139,,12313.9765625,0.609375,637.2594942562282,1593141,,
v2,a4_dagger_anneal,140,,11176.75,0.5078125,552.2477967180312,1447850,,
v2,a4_dagger_anneal,141,,13100.84375,0.6484375,683.1230055466294,1693531,,
v2,a4_dagger_anneal,142,,13012.71875,0.6484375,685.2122337520123,1681069,,
v2,a4_dagger_anneal,143,,11790.375,0.5546875,568.9311894439161,1526168,,
v2,a4_dagger_anneal,144,,12794.546875,0.65625,681.2907562404871,1655261,,
v2,a4_dagger_anneal,145,,12261.5078125,0.59375,623.6225405856967,1586419,,
v2,a4_dagger_anneal,146,,11546.453125,0.5234375,585.8160904459655,1494933,,
v2,a4_dagger_anneal,147,,12019.796875,0.59375,608.7129711359739,1553885,,
v2,a4_dagger_anneal,148,,12130.859375,0.6171875,638.1376594752073,1569875,,
v2,a4_dagger_anneal,149,,12657.203125,0.6328125,683.3729049935937,1637029,,
v2,a4_dagger_anneal,150,0.37,12536.65625,0.6328125,697.8500434868038,1620871,,
v2,a4_dagger_anneal,151,,12302.4921875,0.5859375,613.139961451292,1591455,,
v2,a4_dagger_anneal,152,,12971.859375,0.671875,684.8859662115574,1676650,,
v2,a4_dagger_anneal,153,,12128.4609375,0.6015625,632.3917384147644,1569850,,
v2,a4_dagger_anneal,154,,12450.453125,0.59375,645.321524400264,1609727,,
v2,a4_dagger_anneal,155,,13061.5078125,0.671875,710.1739422827959,1690181,,
v2,a4_dagger_anneal,156,,13046.9453125,0.6796875,731.4670273177326,1686856,,
v2,a4_dagger_anneal,157,,12233.4921875,0.59375,638.5155488401651,1583146,,
v2,a4_dagger_anneal,158,,11743.9296875,0.578125,602.6270777322352,1518008,,
v2,a4_dagger_anneal,159,,12023.8125,0.609375,636.8688992373645,1555734,,
v2,a4_dagger_anneal,160,,12535.7578125,0.6328125,660.4573940932751,1620377,,
v2,a4_dagger_anneal,161,,13634.7421875,0.75,774.2881583273411,1761843,,
v2,a4_dagger_anneal,162,,12512.4453125,0.625,676.1591612510383,1618878,,
v2,a4_dagger_anneal,163,,13096.3515625,0.6953125,714.383508682251,1693020,,
v2,a4_dagger_anneal,164,,13111.7109375,0.703125,736.8779648765922,1697474,,
v2,a4_dagger_anneal,165,,14017.375,0.7578125,794.8707521744072,1811857,,
v2,a4_dagger_anneal,166,,12818.7265625,0.671875,715.2897611111403,1657152,,
v2,a4_dagger_anneal,167,,12768.9453125,0.6640625,714.2932521514595,1650956,,
v2,a4_dagger_anneal,168,,13235.6328125,0.7109375,754.933548618108,1710397,,
v2,a4_dagger_anneal,169,,13599.53125,0.7109375,735.9091350734234,1758110,,
v2,a4_dagger_anneal,170,,12832.0078125,0.6875,729.3419657126069,1659545,,
v2,a4_dagger_anneal,171,,12555.171875,0.625,661.64434363693,1623386,,
v2,a4_dagger_anneal,172,,13478.984375,0.7109375,737.7159066721797,1742145,,
v2,a5_aggrevate,1,,6913.1875,0.09375,476.5822652131319,900571,,
v2,a5_aggrevate,2,,6204.9140625,0.1484375,409.9465161971748,810578,,
v2,a5_aggrevate,3,,5174.8984375,0.078125,370.29881036654115,679568,,
v2,a5_aggrevate,4,,5031.6484375,0.1171875,345.6039334498346,660703,,
v2,a5_aggrevate,5,,5921.15625,0.171875,391.13012167438865,776003,,
v2,a5_aggrevate,6,,5329.0078125,0.109375,349.9097495339811,698218,,
v2,a5_aggrevate,7,,4885.984375,0.125,338.91256619244814,641064,,
v2,a5_aggrevate,8,,5061.03125,0.1328125,372.0400101132691,664496,,
v2,a5_aggrevate,9,,5295.6796875,0.109375,354.5047339349985,695272,,
v2,a5_aggrevate,10,,5462.2578125,0.1484375,379.4709628149867,715863,,
v2,a5_aggrevate,11,,4724.8359375,0.1171875,341.88438475877047,621756,,
v2,a5_aggrevate,12,,5235.578125,0.15625,370.97284734249115,687584,,
v2,a5_aggrevate,13,,4601.375,0.1328125,352.61111199110746,606745,,
v2,a5_aggrevate,14,,3700.5703125,0.078125,300.24475801736116,489427,,
v2,a5_aggrevate,15,,5645.9453125,0.171875,390.38831966370344,738199,,
v2,a5_aggrevate,16,,4896.8125,0.1875,366.14692801982164,643183,,
v2,a5_aggrevate,17,,5020.6328125,0.140625,361.02379098162055,657901,,
v2,a5_aggrevate,18,,5107.1484375,0.1328125,367.3307746089995,670336,,
v2,a5_aggrevate,19,,5189.40625,0.1484375,368.368706189096,681012,,
v2,a5_aggrevate,20,,4283.8203125,0.109375,317.6781094521284,566456,,
v2,a5_aggrevate,21,,4975.2890625,0.125,352.6657684892416,653811,,
v2,a5_aggrevate,22,,4617.765625,0.1171875,325.2334381081164,608991,,
v2,a5_aggrevate,23,,5739.1640625,0.1171875,371.244664311409,751350,,
v2,a5_aggrevate,24,,5097.4296875,0.125,404.0978038460016,672228,,
v2,a5_aggrevate,25,0.528,4615.8203125,0.140625,387.1089967601001,606956,,
v2,a5_aggrevate,26,,6838.921875,0.1953125,442.69449950009584,892124,,
v2,a5_aggrevate,27,,5634.546875,0.1484375,388.08207704126835,738184,,
v2,a5_aggrevate,28,,5115.6171875,0.1171875,349.9364037178457,672916,,
v2,a5_aggrevate,29,,4488.3984375,0.0703125,357.28382387012243,590668,,
v2,a5_aggrevate,30,,5341.375,0.1484375,372.04370914027095,700007,,
v2,a5_aggrevate,31,,5722.0625,0.1796875,387.643948957324,748769,,
v2,a5_aggrevate,32,,5331.8984375,0.078125,346.9038455709815,697655,,
v2,a5_aggrevate,33,,5723.9375,0.09375,390.14208875596523,749617,,
v2,a5_aggrevate,34,,5670.2734375,0.125,367.63119504600763,743618,,
v2,a5_aggrevate,35,,5395.4609375,0.0859375,345.7773091904819,708889,,
v2,a5_aggrevate,36,,5440.3359375,0.0625,347.87946926802397,712761,,
v2,a5_aggrevate,37,,4581.7109375,0.0859375,317.3021219186485,602621,,
v2,a5_aggrevate,38,,5779.3359375,0.09375,356.0492156893015,757115,,
v2,a5_aggrevate,39,,5306.21875,0.0546875,336.31341057270765,694153,,
v2,a5_aggrevate,40,,4778.828125,0.0390625,330.17632342129946,627397,,
v2,a5_aggrevate,41,,5431.1484375,0.046875,344.44351071864367,711532,,
v2,a5_aggrevate,42,,5224.7109375,0.0859375,336.6649461053312,685159,,
v2,a5_aggrevate,43,,5510.09375,0.0546875,348.79577977210283,720329,,
v2,a5_aggrevate,44,,6313.8203125,0.1015625,440.01311326026917,824775,,
v2,a5_aggrevate,45,,6185.546875,0.1328125,423.23696158081293,808831,,
v2,a5_aggrevate,46,,4952.1484375,0.046875,330.0791805498302,649398,,
v2,a5_aggrevate,47,,5952.34375,0.0859375,360.48444148898125,777760,,
v2,a5_aggrevate,48,,5633.6328125,0.09375,345.2766144089401,737816,,
v2,a5_aggrevate,49,,6045.40625,0.0625,369.7473237849772,792427,,
v2,a5_aggrevate,50,0.594,5809.328125,0.078125,531.3770356886089,760658,,
v2,a5_aggrevate,51,,5765.6953125,0.078125,351.0192904174328,754978,,
v2,a5_aggrevate,52,,5465.03125,0.03125,340.2495243474841,716414,,
v2,a5_aggrevate,53,,6692.9609375,0.109375,432.5847111567855,871610,,
v2,a5_aggrevate,54,,6217.71875,0.109375,363.34440982341766,811844,,
v2,a5_aggrevate,55,,6143.125,0.0625,512.0292387157679,802807,,
v2,a5_aggrevate,56,,6616.125,0.109375,382.6688607893884,864160,,
v2,a5_aggrevate,57,,6668.1328125,0.078125,389.24189710989594,870372,,
v2,a5_aggrevate,58,,6578.46875,0.09375,424.1777943484485,856846,,
v2,a5_aggrevate,59,,6269.3359375,0.09375,394.5441209897399,818654,,
v2,a5_aggrevate,60,,7002.7578125,0.0859375,403.5240938998759,914740,,
v2,a5_aggrevate,61,,7615.7578125,0.1015625,436.59171885997057,993316,,
v2,a5_aggrevate,62,,7281.765625,0.109375,416.05221370235085,950422,,
v2,a5_aggrevate,63,,8192.9140625,0.15625,488.6613133177161,1066052,,
v2,a5_aggrevate,64,,8214.484375,0.1796875,501.54224007204175,1071140,,
v2,a5_aggrevate,65,,7488.8359375,0.0859375,413.82133528217673,975427,,
v2,a5_aggrevate,66,,8356.1796875,0.1640625,525.7061844356358,1086396,,
v2,a5_aggrevate,67,,8105.640625,0.125,476.7574177645147,1053872,,
v2,a5_aggrevate,68,,7316.6953125,0.0703125,407.1185430176556,951432,,
v2,a5_aggrevate,69,,7551.7265625,0.0625,438.06160612776875,982338,,
v2,a5_aggrevate,70,,8323.2578125,0.1328125,490.55678333342075,1082750,,
v2,a5_aggrevate,71,,7794.765625,0.078125,455.1957440562546,1014232,,
v2,a5_aggrevate,72,,8053.609375,0.1328125,459.3075018748641,1047833,,
v2,a5_aggrevate,73,,8282.4140625,0.125,490.055104855448,1077959,,
v2,a5_aggrevate,74,,8646.9609375,0.171875,520.4160007238388,1124382,,
v2,a5_aggrevate,75,0.49,8040.1953125,0.1015625,576.2479763887823,1045475,,
v2,a5_aggrevate,76,,8572.4609375,0.125,513.9104681015015,1114143,,
v2,a5_aggrevate,77,,8294.09375,0.140625,493.05327013880014,1077595,,
v2,a5_aggrevate,78,,8466.765625,0.125,542.957259695977,1100852,,
v2,a5_aggrevate,79,,9268.75,0.171875,636.8522803299129,1203173,,
v2,a5_aggrevate,80,,8805.890625,0.109375,540.4095756933093,1143951,,
v2,a5_aggrevate,81,,8289.9765625,0.1015625,496.1402794085443,1078603,,
v2,a5_aggrevate,82,,8384.2890625,0.1328125,490.01643653959036,1089262,,
v2,a5_aggrevate,83,,8384.6953125,0.109375,495.3977269977331,1091272,,
v2,a5_aggrevate,84,,7844.453125,0.078125,445.75522381812334,1019814,,
v2,a5_aggrevate,85,,8641.765625,0.140625,551.6796520203352,1122326,,
v2,a5_aggrevate,86,,9140.40625,0.1171875,545.0289368182421,1187377,,
v2,a5_aggrevate,87,,8620.5,0.109375,500.7374887242913,1121430,,
v2,a5_aggrevate,88,,9517.6171875,0.1875,608.7405234239995,1235930,,
v2,a5_aggrevate,89,,8466.0078125,0.1015625,484.79413744434714,1100729,,
v2,a5_aggrevate,90,,8592.1328125,0.1171875,503.9130920916796,1115977,,
v2,a5_aggrevate,91,,8850.0546875,0.1484375,552.8056940734386,1150202,,
v2,a5_aggrevate,92,,8350.9140625,0.078125,480.3662896975875,1087440,,
v2,a5_aggrevate,93,,8716.78125,0.1171875,551.6516260020435,1131690,,
v2,a5_aggrevate,94,,8219.890625,0.1171875,468.0984163098037,1069657,,
v2,a5_aggrevate,95,,8466.1875,0.09375,534.2453672066331,1100621,,
v2,a5_aggrevate,96,,8658.1640625,0.1171875,487.6652476079762,1125341,,
v2,a5_aggrevate,97,,8570.5,0.109375,485.99653293937445,1114235,,
v2,a5_aggrevate,98,,9085.0859375,0.1484375,534.0408448800445,1179884,,
v2,a5_aggrevate,99,,8795.0703125,0.125,489.02377922832966,1143103,,
v2,a5_aggrevate,100,0.464,8781.40625,0.1328125,532.1918355114758,1139643,,
v2,a5_aggrevate,101,,8707.0390625,0.140625,483.58818788826466,1130690,,
v2,a5_aggrevate,102,,8927.1484375,0.109375,531.1544346995652,1159511,,
v2,a5_aggrevate,103,,8822.8125,0.0859375,524.9001507721841,1145089,,
v2,a5_aggrevate,104,,8782.0390625,0.109375,492.2929755412042,1140131,,
v2,a5_aggrevate,105,,8835.8671875,0.1171875,489.67694480344653,1147696,,
v2,a5_aggrevate,106,,9170.2109375,0.171875,514.4736558869481,1191469,,
v2,a5_aggrevate,107,,8600.3359375,0.09375,469.8916820175946,1117351,,
v2,a5_aggrevate,108,,9014.421875,0.125,514.9547874256968,1169617,,
v2,a5_aggrevate,109,,8641.078125,0.1484375,482.3089340031147,1122155,,
v2,a5_aggrevate,110,,9003.78125,0.15625,521.536772813648,1168856,,
v2,a5_aggrevate,111,,8724.9765625,0.109375,471.2860524877906,1134250,,
v2,a5_aggrevate,112,,9386.4609375,0.1640625,529.648114040494,1219141,,
v2,a5_aggrevate,113,,8633.1796875,0.109375,469.95093943178654,1122364,,
v2,a5_aggrevate,114,,8501.484375,0.1015625,453.9286398552358,1103692,,
v2,a5_aggrevate,115,,8315.5625,0.0859375,438.3476406894624,1080612,,
v2,a5_aggrevate,116,,8739.7734375,0.1015625,480.65155189856887,1136826,,
v2,a5_aggrevate,117,,9256.25,0.1640625,519.197597052902,1200938,,
v2,a5_aggrevate,118,,9369.6875,0.15625,513.1673309542239,1216615,,
v2,a5_aggrevate,119,,9871.625,0.203125,574.424243375659,1279102,,
v2,a5_aggrevate,120,,9322.28125,0.1640625,519.0860561728477,1209418,,
v2,a5_aggrevate,121,,9548.6640625,0.203125,541.0705428086221,1238984,,
v2,a5_aggrevate,122,,9290.796875,0.1484375,508.59457259997725,1205878,,
v2,a5_aggrevate,123,,8979.203125,0.1328125,507.4694353379309,1165097,,
v2,a5_aggrevate,124,,9037.7109375,0.1171875,471.48953757435083,1172278,,
v2,a5_aggrevate,125,0.444,9242.671875,0.1796875,527.2037842571735,1200109,,
v2,a5_aggrevate,126,,8615.3828125,0.1015625,452.74666510522366,1118579,,
v2,a5_aggrevate,127,,9279.53125,0.1640625,497.7043768726289,1205663,,
v2,a5_aggrevate,128,,10025.578125,0.203125,550.5418911986053,1302227,,
v2,a5_aggrevate,129,,9100.5390625,0.171875,501.29144417867064,1182332,,
v2,a5_aggrevate,130,,9744.8671875,0.203125,547.537551689893,1266282,,
v2,a5_aggrevate,131,,9662.578125,0.171875,530.4209880717099,1256160,,
v2,a5_aggrevate,132,,9158.6953125,0.15625,514.3445308841765,1189374,,
v2,a5_aggrevate,133,,9780.4453125,0.1953125,540.847195006907,1268462,,
v2,a5_aggrevate,134,,10043.4296875,0.203125,563.4555802121758,1301456,,
v2,a5_aggrevate,135,,9561.3671875,0.1953125,505.59361155331135,1238625,,
v2,a5_aggrevate,136,,9046.171875,0.1328125,467.92297288402915,1175034,,
v2,a5_aggrevate,137,,9601.1875,0.21875,503.5100290738046,1245487,,
v2,a5_aggrevate,138,,9033.96875,0.1328125,467.7701576799154,1172481,,
v2,a5_aggrevate,139,,8876.6484375,0.1171875,480.54697040095925,1153163,,
v2,a5_aggrevate,140,,9774.5546875,0.1875,526.1198918744922,1268369,,
v2,a5_aggrevate,141,,10442.1875,0.25,630.6411985978484,1353223,,
v2,a5_aggrevate,142,,9307.21875,0.125,469.92613123729825,1206765,,
v2,a5_aggrevate,143,,9586.1640625,0.1875,492.51385413855314,1244029,,
v2,a5_aggrevate,144,,9884.1953125,0.1875,513.9500352106988,1282736,,
v2,a5_aggrevate,145,,10271.4453125,0.234375,616.776596583426,1331691,,
v2,a5_aggrevate,146,,9970.5078125,0.2421875,564.3983159735799,1293212,,
v2,a5_aggrevate,147,,9796.5,0.1875,515.0869221501052,1269303,,
v2,a5_aggrevate,148,,10303.015625,0.2421875,618.2296923100948,1335911,,
v2,h10_task_subset,1,,1334.671875,0.0234375,134.7379247955978,187056,,
v2,h10_task_subset,2,,1640.203125,0.0390625,108.85054013133049,226709,,
v2,h10_task_subset,3,,1132.7578125,0.015625,86.25882158055902,161207,,
v2,h10_task_subset,4,,1144.2265625,0.0078125,60.03549111261964,162667,,
v2,h10_task_subset,5,,1152.25,0.0078125,76.41614836081862,165149,,
v2,h10_task_subset,6,,1215.890625,0.015625,78.23786636069417,171116,,
v2,h10_task_subset,7,,1713.0546875,0.015625,102.61881892383099,235608,,
v2,h10_task_subset,8,,1862.9609375,0.03125,109.48581590130925,255999,,
v2,h10_task_subset,9,,1527.1875,0.0234375,90.46891191974282,211249,,
v2,h10_task_subset,10,,1564.9140625,0.0078125,90.12854286283255,217637,,
v2,h10_task_subset,11,,1948.421875,0.0234375,109.93052872270346,265782,,
v2,h10_task_subset,12,,1827.1328125,0.0390625,106.24531665816903,250309,,
v2,h10_task_subset,13,,1603.5703125,0.015625,93.91665203124285,221764,,
v2,h10_task_subset,14,,2152.984375,0.0390625,131.2090490423143,295031,,
v2,h10_task_subset,15,,1194.453125,0.0078125,57.89546502381563,169229,,
v2,h10_task_subset,16,,1847.609375,0.0234375,123.36691078543663,254414,,
v2,h10_task_subset,17,,1871.0546875,0.0234375,102.4533313922584,256865,,
v2,h10_task_subset,18,,1694.6875,0.0078125,83.51389379054308,234764,,
v2,h10_task_subset,19,,1380.71875,0.0078125,74.18432673066854,193092,,
v2,h10_task_subset,20,,1525.40625,0.0078125,80.44832014292479,211635,,
v2,h10_task_subset,21,,1405.875,0.0078125,59.37946405634284,195476,,
v2,h10_task_subset,22,,1889.96875,0.0078125,89.26021641120315,258542,,
v2,h10_task_subset,23,,1686.1328125,0.015625,88.46086284145713,232615,,
v2,h10_task_subset,24,,1736.3125,0.0078125,77.87794820964336,237893,,
v2,h10_task_subset,25,0.61,2035.90625,0.015625,137.86971186101437,276445,,
v2,h10_task_subset,26,,2240.59375,0.015625,113.41130145639181,304099,,
v2,h10_task_subset,27,,2102.265625,0.015625,101.67075222730637,285379,,
v2,h10_task_subset,28,,2822.65625,0.0234375,133.67227375879884,377651,,
v2,h10_task_subset,29,,2888.984375,0.0546875,146.01599569618702,387067,,
v2,h10_task_subset,30,,3331.3359375,0.0703125,164.4670126400888,442515,,
v2,h10_task_subset,31,,3553.6171875,0.078125,179.03456719964743,473439,,
v2,h10_task_subset,32,,4209.046875,0.109375,213.61605352908373,555432,,
v2,h10_task_subset,33,,6049.3984375,0.2265625,334.9661127254367,792306,,
v2,h10_task_subset,34,,5892.7421875,0.25,327.8453049995005,771732,,
v2,h10_task_subset,35,,7046.140625,0.2890625,387.20359660312533,918280,,
v2,h10_task_subset,36,,8555.7109375,0.3984375,497.094694852829,1113135,,
v2,h10_task_subset,37,,9001.828125,0.4296875,527.895019903779,1169680,,
v2,h10_task_subset,38,,10452.2890625,0.5078125,609.3610097281635,1354055,,
v2,h10_task_subset,39,,9454.7890625,0.453125,553.4741341210902,1228651,,
v2,h10_task_subset,40,,10993.25,0.5546875,642.0155849382281,1422521,,
v2,h10_task_subset,41,,12015.2421875,0.609375,712.5653943903744,1554790,,
v2,h10_task_subset,42,,12294.8671875,0.6484375,743.3665339238942,1589897,,
v2,h10_task_subset,43,,13120.6484375,0.7421875,816.232152082026,1695033,,
v2,h10_task_subset,44,,11807.1328125,0.6328125,716.4994025863707,1527636,,
v2,h10_task_subset,45,,13023.609375,0.7265625,789.168953448534,1684469,,
v2,h10_task_subset,46,,12699.328125,0.703125,767.4989776834846,1642022,,
v2,h10_task_subset,47,,12993.140625,0.703125,779.6248503513634,1679644,,
v2,h10_task_subset,48,,12723.640625,0.640625,787.4924307391047,1645026,,
v2,h10_task_subset,49,,12544.484375,0.6640625,752.3409793190658,1621005,,
v2,h10_task_subset,50,0.628,12884.203125,0.65625,795.2631602995098,1666446,,
v2,h10_task_subset,51,,12725.8984375,0.671875,765.3877522684634,1645479,,
v2,h10_task_subset,52,,12552.3828125,0.65625,772.5522589758039,1623112,,
v2,h10_task_subset,53,,11245.7265625,0.546875,646.2106258571148,1456239,,
v2,h10_task_subset,54,,10967.984375,0.5,625.8309005051851,1419280,,
v2,h10_task_subset,55,,11018.265625,0.5546875,636.4721385352314,1426155,,
v2,h10_task_subset,56,,11119.5234375,0.53125,659.1826860420406,1439990,,
v2,h10_task_subset,57,,10428.640625,0.4375,587.2345732487738,1350999,,
v2,h10_task_subset,58,,10956.15625,0.484375,625.5591433532536,1419840,,
v2,h10_task_subset,59,,10110.7734375,0.4375,616.5749697424471,1310475,,
v2,h10_task_subset,60,,11141.5078125,0.515625,631.9814083613455,1444761,,
v2,h10_task_subset,61,,10164.203125,0.40625,562.7226620055735,1317203,,
v2,h10_task_subset,62,,10924.7421875,0.4453125,612.4771149121225,1416784,,
v2,h10_task_subset,63,,11117.921875,0.484375,652.428086090833,1441812,,
v2,h10_task_subset,64,,10566.328125,0.3984375,580.5450496710837,1367478,,
v2,h10_task_subset,65,,11212.4140625,0.4453125,626.2352672070265,1452032,,
v2,h10_task_subset,66,,10852.6796875,0.3828125,600.3718042634428,1405235,,
v2,h10_task_subset,67,,10499.515625,0.3515625,576.9416145831347,1360141,,
v2,h10_task_subset,68,,10098.4375,0.3203125,536.3341636136174,1309449,,
v2,h10_task_subset,69,,10645.578125,0.3359375,573.836093377322,1378351,,
v2,h10_task_subset,70,,10396.859375,0.3515625,575.3530209250748,1348163,,
v2,h10_task_subset,71,,9790.0234375,0.2734375,491.255522929132,1269170,,
v2,h10_task_subset,72,,9721.15625,0.2265625,481.51613926514983,1260973,,
v2,h10_task_subset,73,,10418.3984375,0.3515625,560.2497688084841,1349415,,
v2,h10_task_subset,74,,10110.203125,0.2421875,502.06201872602105,1311585,,
v2,h10_task_subset,75,0.616,9666.3359375,0.1953125,535.4285674765706,1253878,,
v2,h10_task_subset,76,,8944.3984375,0.1640625,426.06526796519756,1160532,,
v2,h10_task_subset,77,,8810.890625,0.171875,427.27947699278593,1144978,,
v2,h10_task_subset,78,,9518.859375,0.171875,456.1129645630717,1236528,,
v2,h10_task_subset,79,,9455.5390625,0.171875,465.32257929444313,1228148,,
v2,h10_task_subset,80,,10373.4140625,0.140625,510.180202960968,1344733,,
v2,h10_task_subset,81,,9883.203125,0.1953125,487.33626317605376,1281439,,
v2,h10_task_subset,82,,10303.75,0.203125,510.8727657869458,1335904,,
v2,h10_task_subset,83,,10205.1171875,0.1953125,501.887738481164,1322749,,
v2,h10_task_subset,84,,9617.015625,0.171875,466.7797440327704,1247058,,
v2,h10_task_subset,85,,9996.5,0.203125,498.71776062995195,1297649,,
v2,h10_task_subset,86,,10083.4609375,0.1796875,498.0905815772712,1306985,,
v2,h10_task_subset,87,,9234.921875,0.109375,430.3626882098615,1199495,,
v2,h10_task_subset,88,,9109.5234375,0.1328125,423.73980755731463,1183785,,
v2,h10_task_subset,89,,9052.453125,0.109375,411.5315448343754,1175001,,
v2,h10_task_subset,90,,9175.8984375,0.1640625,436.1881979294121,1190196,,
v2,h10_task_subset,91,,9868.4921875,0.1640625,472.11196479201317,1279960,,
v2,h10_task_subset,92,,9657.5625,0.1640625,454.8933720514178,1252398,,
v2,h10_task_subset,93,,9796.65625,0.1328125,470.5222446024418,1270788,,
v2,h10_task_subset,94,,9395.4296875,0.140625,436.0265342891216,1219726,,
v2,h10_task_subset,95,,10007.984375,0.171875,485.4644957855344,1296629,,
v2,h10_task_subset,96,,10984.8046875,0.1953125,556.1940231099725,1421926,,
v2,h10_task_subset,97,,10245.65625,0.1796875,500.69258469343185,1328881,,
v2,h10_task_subset,98,,9579.28125,0.1328125,459.2355414927006,1245977,,
v2,h10_task_subset,99,,11078.4765625,0.2578125,576.7892960496247,1434117,,
v2,h10_task_subset,100,0.6,10033.1328125,0.203125,520.4520098976791,1300374,,
v2,h10_task_subset,101,,10179.1015625,0.1953125,507.4557799734175,1320668,,
v2,h10_task_subset,102,,11188.265625,0.3203125,604.7917005158961,1448724,,
v2,h10_task_subset,103,,10983.15625,0.28125,576.7437941171229,1420926,,
v2,h10_task_subset,104,,12330.421875,0.5,687.9688680246472,1594710,,
v2,h10_task_subset,105,,12895.3203125,0.5390625,736.1823479942977,1666750,,
v2,h10_task_subset,106,,13505.8203125,0.59375,792.2601405642927,1745622,,
v2,h10_task_subset,107,,14051.9375,0.7109375,835.8462384678423,1815823,,
v2,h10_task_subset,108,,14958.4375,0.7890625,910.548179551959,1931035,,
v2,h10_task_subset,109,,15509.6171875,0.859375,953.346670910716,2002034,,
v2,h10_task_subset,110,,15910.5859375,0.9375,980.9957341738045,2051371,,
v2,h10_task_subset,111,,15173.953125,0.8515625,940.2051567099988,1958357,,
v2,h10_task_subset,112,,16097.71875,0.953125,996.9844925142825,2077006,,
v2,h10_task_subset,113,,16003.03125,0.9375,991.5163560472429,2063037,,
v2,h10_task_subset,114,,15848.34375,0.9296875,979.6992986761034,2046521,,
v2,h10_task_subset,115,,15756.6953125,0.921875,984.571668356657,2033792,,
v2,h10_task_subset,116,,15983.2578125,0.9296875,984.772843696177,2060991,,
v2,h10_task_subset,117,,15493.375,0.8828125,953.5989411696792,2001675,,
v2,h10_task_subset,118,,15700.5625,0.8671875,970.3844432979822,2025924,,
v2,h10_task_subset,119,,15418.40625,0.8671875,948.0074366517365,1988980,,
v2,h10_task_subset,120,,15459.859375,0.875,967.4509487524629,1996131,,
v2,h10_task_subset,121,,15210.4921875,0.875,940.2061447277665,1963538,,
v2,h10_task_subset,122,,15899.8828125,0.9296875,983.4856852553785,2050062,,
v2,h10_task_subset,123,,15101.296875,0.8515625,928.8203334286809,1949763,,
v2,h10_task_subset,124,,16118.9609375,0.96875,1002.2815422564745,2081048,,
v2,h10_task_subset,125,0.466,16016.109375,0.96875,1026.53496061638,2066453,,
v2,h10_task_subset,126,,16247.1484375,0.9765625,1028.4526908360422,2097124,,
v2,h10_task_subset,127,,16236.7578125,0.9765625,1011.6187481731176,2097137,,
v2,h10_task_subset,128,,16109.4375,0.9609375,1003.3000946566463,2078054,,
v2,h10_task_subset,129,,16014.109375,0.953125,1000.4831114262342,2065785,,
v2,h10_task_subset,130,,16139.46875,0.9609375,1008.1018396355212,2082131,,
v2,h10_task_subset,131,,16213.65625,0.9609375,1012.0260210819542,2090128,,
v2,h10_task_subset,132,,16292.59375,0.9765625,1010.5144166834652,2102687,,
v2,h10_task_subset,133,,16209.03125,0.9765625,1021.9283548742533,2091632,,
v2,h10_task_subset,134,,15847.9609375,0.9375,984.0509521588683,2045456,,
v2,h10_task_subset,135,,16384,1,1022.8976071253419,2112368,,
v2,h6_gen_sched,1,,97.125,0.6875,83.80206026136875,28115,0,
v2,h6_gen_sched,2,,124.546875,0.5546875,16.184790082275867,32291,128,
v2,h6_gen_sched,3,,180.0234375,0.6328125,10.855058494955301,40224,193,
v2,h6_gen_sched,4,,220.6328125,0.578125,11.599748939275742,44893,258,
v2,h6_gen_sched,5,,232.7265625,0.4921875,11.7091342844069,47884,323,
v2,h6_gen_sched,6,,318.234375,0.5625,13.896262224763632,56839,388,
v2,h6_gen_sched,7,,341.3046875,0.5,11.88052286580205,59345,453,
v2,h6_gen_sched,8,,391.7890625,0.546875,14.106700073927641,66833,518,
v2,h6_gen_sched,9,,472.9375,0.5390625,15.566907189786434,77961,583,
v2,h6_gen_sched,10,,537.921875,0.515625,16.01054583489895,85548,648,
v2,h6_gen_sched,11,,552.390625,0.4375,15.705861613154411,87683,713,
v2,h6_gen_sched,12,,611.1328125,0.3828125,16.207115404307842,95655,778,
v2,h6_gen_sched,13,,631.90625,0.390625,15.970298130065203,98653,843,
v2,h6_gen_sched,14,,668.5390625,0.375,18.348237928003073,101327,908,
v2,h6_gen_sched,15,,714.7109375,0.34375,20.703824508935213,107001,973,
v2,h6_gen_sched,16,,767.5234375,0.3828125,25.229136999696493,114634,1038,
v2,h6_gen_sched,17,,800.8046875,0.3125,20.099649999290705,117763,1103,
v2,h6_gen_sched,18,,866.6796875,0.2734375,21.426601201295853,127556,1168,
v2,h6_gen_sched,19,,897.7890625,0.28125,19.97465204820037,131685,1233,
v2,h6_gen_sched,20,,906.859375,0.28125,22.989895287901163,134205,1298,
v2,h6_gen_sched,21,,1007.4375,0.3125,25.642637468874454,145926,1363,
v2,h6_gen_sched,22,,1016.1015625,0.265625,23.085657373070717,147978,1428,
v2,h6_gen_sched,23,,1021.328125,0.234375,22.429450519382954,147467,1494,
v2,h6_gen_sched,24,,1002.046875,0.21875,24.19683877006173,148019,1559,
v2,h6_gen_sched,25,0.628,1095.703125,0.2421875,57.39956076070666,156381,1624,
v2,h6_gen_sched,26,,1150.046875,0.2734375,28.136369425803423,163948,1754,
v2,h6_gen_sched,27,,1170.8828125,0.2578125,29.080555595457554,166835,1754,
v2,h6_gen_sched,28,,1296.2421875,0.28125,30.942377477884293,184036,1819,
v2,h6_gen_sched,29,,1162.203125,0.2109375,32.17047353833914,164915,1884,
v2,h6_gen_sched,30,,1350.8125,0.328125,34.32517006248236,189215,1949,
v2,h6_gen_sched,31,,1452.9765625,0.3671875,33.662766974419355,202326,2014,
v2,h6_gen_sched,32,,1413.1484375,0.359375,32.65217584744096,196055,2079,
v2,h6_gen_sched,33,,1602.703125,0.4140625,36.57606176659465,222099,2144,
v2,h6_gen_sched,34,,1746.375,0.5546875,39.06864023953676,241359,2209,
v2,h6_gen_sched,35,,1810.2265625,0.546875,42.22754620760679,249979,2274,
v2,h6_gen_sched,36,,1956,0.578125,42.842178486287594,266766,2339,
v2,h6_gen_sched,37,,2084.796875,0.6875,47.60016502439976,283016,2404,
v2,h6_gen_sched,38,,2256.7578125,0.7109375,51.977803055197,306225,2469,
v2,h6_gen_sched,39,,2228.234375,0.6875,54.13493826240301,300171,2534,
v2,h6_gen_sched,40,,2519.2421875,0.875,61.567589689046144,338170,2599,
v2,h6_gen_sched,41,,2570.1875,0.890625,58.813745744526386,345329,2664,
v2,h6_gen_sched,42,,2626.4140625,0.875,86.02043132856488,352577,2794,
v2,h6_gen_sched,43,,2667.8203125,0.8671875,61.76219388470054,356518,2794,
v2,h6_gen_sched,44,,2721.203125,0.8671875,65.51713253930211,364920,2924,
v2,h6_gen_sched,45,,2828.4609375,0.8984375,64.31386226043105,379124,2989,
v2,h6_gen_sched,46,,2899.421875,0.9140625,67.3759358599782,386649,3054,
v2,h6_gen_sched,47,,3052.5234375,0.9609375,70.9476197771728,406583,3119,
v2,h6_gen_sched,48,,3043.953125,0.921875,71.83940358832479,406337,3184,
v2,h6_gen_sched,49,,3152.28125,0.9375,75.12557062506676,422107,3249,
v2,h6_gen_sched,50,0.588,3191.34375,0.9375,103.35942220315337,425556,3314,
v2,h6_gen_sched,51,,3292.5703125,0.9375,77.47905294969678,438418,3379,
v2,h6_gen_sched,52,,3264.03125,0.9296875,82.83376505598426,434686,3444,
v2,h6_gen_sched,53,,3317.140625,0.921875,78.59627517685294,439505,3509,
v2,h6_gen_sched,54,,3436.6015625,0.9296875,79.55738112702966,455861,3574,
v2,h6_gen_sched,55,,3548.8515625,0.96875,86.61624555289745,470740,3639,
v2,h6_gen_sched,56,,3558.484375,0.9296875,84.6116684526205,472782,3704,
v2,h6_gen_sched,57,,3590.3125,0.9140625,86.61964262276888,476411,3769,
v2,h6_gen_sched,58,,3664.4140625,0.9140625,91.60234355181456,483847,3834,
v2,h6_gen_sched,59,,3707.2734375,0.8984375,94.73064628243446,490710,3899,
v2,h6_gen_sched,60,,3843.640625,0.9453125,94.23248184844851,510373,3964,
v2,h6_gen_sched,61,,3903.1953125,0.9375,96.60604411363602,518108,4029,
v2,h6_gen_sched,62,,3895.8203125,0.8828125,96.68010883778334,517021,4094,
v2,h6_gen_sched,63,,3985.078125,0.921875,100.79055066406727,527449,4159,
v2,h6_gen_sched,64,,4133.6171875,0.9609375,104.21204756200314,548789,4225,
v2,h6_gen_sched,65,,4069.4296875,0.90625,107.61520425230265,537743,4290,
v2,h6_gen_sched,66,,4207.1796875,0.9375,107.14447435364127,555324,4355,
v2,h6_gen_sched,67,,4309.0859375,0.9296875,109.70941599458456,567913,4420,
v2,h6_gen_sched,68,,4344.078125,0.9140625,113.24000031501055,570937,4485,
v2,h6_gen_sched,69,,4460.75,0.9609375,118.91315994411707,586693,4550,
v2,h6_gen_sched,70,,4434.421875,0.90625,128.57174103334546,584979,4615,
v2,h6_gen_sched,71,,4479,0.921875,119.81501324474812,589814,4680,
v2,h6_gen_sched,72,,4430.0625,0.8828125,119.02561832219362,584019,4745,
v2,h6_gen_sched,73,,4622.2578125,0.890625,123.38743710517883,609459,4810,
v2,h6_gen_sched,74,,4749.4609375,0.9375,129.07627273723483,625502,4875,
v2,h6_gen_sched,75,0.556,4747.1953125,0.9140625,743.98097364977,623971,4940,
v2,h6_gen_sched,76,,4875.8203125,0.9609375,134.04642132669687,640973,5005,
v2,h6_gen_sched,77,,4871.890625,0.9140625,133.95457465201616,639553,5070,
v2,h6_gen_sched,78,,5025.3046875,0.96875,138.7534797526896,660345,5135,
v2,h6_gen_sched,79,,4967,0.9140625,136.37162257358432,652549,5200,
v2,h6_gen_sched,80,,5123.0546875,0.9453125,141.8964445590973,672548,5265,
v2,h6_gen_sched,81,,5196,0.9375,145.8645959198475,682574,5330,
v2,h6_gen_sched,82,,5264.2734375,0.921875,149.51268086582422,689900,5395,
v2,h6_gen_sched,83,,5245.71875,0.90625,162.19739618897438,689483,5460,
v2,h6_gen_sched,84,,5294.5546875,0.9140625,150.77732238173485,693427,5525,
v2,h6_gen_sched,85,,5437.140625,0.9453125,155.97790310159326,712134,5590,
v2,h6_gen_sched,86,,5527.4453125,0.953125,161.56894172355533,724918,5655,
v2,h6_gen_sched,87,,5472.2109375,0.9375,188.12925558909774,718449,5720,
v2,h6_gen_sched,88,,5706.8828125,0.96875,168.91024896502495,748156,5785,
v2,h6_gen_sched,89,,5702.265625,0.9296875,167.91321025043726,746970,5850,
v2,h6_gen_sched,90,,5858.453125,0.984375,173.5254563689232,766066,5915,
v2,h6_gen_sched,91,,5813,0.9140625,177.28825817629695,761459,5980,
v2,h6_gen_sched,92,,5828.8984375,0.9453125,176.13611329719424,764622,6045,
v2,h6_gen_sched,93,,6037.828125,0.96875,183.81766194477677,788784,6110,
v2,h6_gen_sched,94,,6036.5703125,0.96875,187.89380686730146,790192,6175,
v2,h6_gen_sched,95,,6091.2578125,0.9453125,187.96063889935613,796630,6240,
v2,h6_gen_sched,96,,6216.171875,0.9609375,195.208630528301,812766,6305,
v2,h6_gen_sched,97,,6246.5859375,0.96875,196.67629528790712,816774,6370,
v2,h6_gen_sched,98,,6247.6640625,0.9375,198.46861435100436,816694,6435,
v2,h6_gen_sched,99,,6380.53125,0.921875,204.00905747711658,834042,6500,
v2,h6_gen_sched,100,0.458,6372.484375,0.953125,236.1810869835317,831301,6565,
v2,h6_gen_sched,101,,6527.6015625,0.953125,213.67882158607244,851722,6630,
v2,h6_gen_sched,102,,6472.3671875,0.953125,211.3012239560485,845299,6695,
v2,h6_gen_sched,103,,6710.96875,0.96875,218.35441947728395,874773,6760,
v2,h6_gen_sched,104,,6720.9140625,0.953125,222.58234004676342,876307,6825,
v2,h6_gen_sched,105,,6691.9140625,0.9296875,223.10653181374073,873270,6890,
v2,h6_gen_sched,106,,6909.78125,0.9765625,229.89994210004807,902134,6956,
v2,h6_gen_sched,107,,6800.8203125,0.9375,225.86213450878859,887013,7021,
v2,h6_gen_sched,108,,6973.59375,0.9453125,235.99506579339504,908391,7086,
v2,h6_gen_sched,109,,7051.765625,0.96875,242.11528422310948,918723,7151,
v2,h6_gen_sched,110,,6941.9296875,0.9140625,240.51420068368316,904939,7216,
v2,h6_gen_sched,111,,7133.421875,0.9453125,244.9303335212171,930531,7281,
v2,h6_gen_sched,112,,7199.9296875,0.953125,247.8512993529439,939265,7346,
v2,h6_gen_sched,113,,7165.625,0.8828125,248.42295879498124,934517,7411,
v2,h6_gen_sched,114,,7412.875,0.96875,255.05823624134064,964350,7476,
v2,h6_gen_sched,115,,7084.4765625,0.8515625,269.9382320828736,923033,7541,
v2,h6_gen_sched,116,,7199.1328125,0.875,250.11088456958532,939624,7606,
v2,h6_gen_sched,117,,7424.4375,0.8828125,264.24500766023993,966466,7671,
v2,h6_gen_sched,118,,7504.3359375,0.8984375,266.95899214968085,977850,7736,
v2,h6_gen_sched,119,,7559.625,0.8984375,272.36402989551425,983166,7801,
v2,h6_gen_sched,120,,7548.1015625,0.8984375,270.1775249838829,982323,7866,
v2,h6_gen_sched,121,,7497.1015625,0.8515625,269.76345312967896,976384,7931,
v2,h6_gen_sched,122,,7808.171875,0.90625,281.55311508849263,1016102,7996,
v2,h6_gen_sched,123,,7802.296875,0.9375,284.17575515434146,1014453,8061,
v2,h6_gen_sched,124,,8008.3984375,0.9453125,316.57489589229226,1040526,8126,
v2,h6_gen_sched,125,0.508,7914.6796875,0.90625,318.28991870209575,1030126,8191,
v2,h6_gen_sched,126,,7940.5078125,0.859375,291.7334525063634,1032195,8256,
v2,h6_gen_sched,127,,8053.5390625,0.890625,296.83553433045745,1048736,8321,
v2,h6_gen_sched,128,,8006.84375,0.8671875,306.2009763158858,1043829,8386,
v2,h6_gen_sched,129,,8025.4140625,0.859375,299.6187368668616,1044716,8451,
v2,h6_gen_sched,130,,8138.953125,0.8671875,304.94440999254584,1060725,8516,
v2,h6_gen_sched,131,,8244.484375,0.8984375,311.04840460792184,1074644,8581,
v2,h6_gen_sched,132,,8374.421875,0.8984375,318.12799184396863,1088987,8646,
v2,h6_gen_sched,133,,8485.546875,0.921875,341.0907748937607,1102715,8711,
v2,h6_gen_sched,134,,8323.3359375,0.8671875,316.58749870210886,1081284,8776,
v2,h6_gen_sched,135,,8402.921875,0.8515625,320.5113684460521,1090344,8841,
v2,h6_gen_sched,136,,8342.359375,0.8046875,319.80793530121446,1084946,8906,
v2,h6_gen_sched,137,,8386.0390625,0.8203125,323.25331050902605,1089948,8971,
v2,h6_gen_sched,138,,8189.5390625,0.7265625,320.1530085131526,1064394,9036,
v2,h6_gen_sched,139,,8536.8984375,0.796875,332.4489833191037,1109675,9101,
v2,h6_gen_sched,140,,8594.125,0.8125,339.1414481289685,1117274,9166,
v2,h6_gen_sched,141,,8631.1796875,0.8046875,338.39021011814475,1121414,9231,
v2,h6_gen_sched,142,,8575.1796875,0.765625,335.87427584826946,1113064,9296,
v2,h6_gen_sched,143,,8281.7578125,0.6640625,325.1028580702841,1077065,9361,
v2,h6_gen_sched,144,,8879.7265625,0.7421875,352.1708111539483,1154164,9426,
v2,h6_gen_sched,145,,8716.0703125,0.7578125,353.9771476574242,1132603,9491,
v2,h6_gen_sched,146,,8520.421875,0.6875,343.1552082337439,1107601,9556,
v2,h6_gen_sched,147,,8563.6328125,0.640625,344.86725107580423,1111496,9622,
v2,h6_gen_sched,148,,8586.6953125,0.65625,343.59156170859933,1116222,9687,
v2,h6_gen_sched,149,,8365.59375,0.59375,337.9178848154843,1087703,9752,
v2,h6_gen_sched,150,0.622,8569.1796875,0.5625,372.8605807200074,1113034,9817,
v2,h6_gen_sched,151,,8743.3671875,0.6484375,355.9233716726303,1135887,9882,
v2,h6_gen_sched,152,,8593.1953125,0.546875,347.5445749722421,1116181,9947,
v2,h6_gen_sched,153,,8412.546875,0.5625,343.6012624427676,1094213,10012,
v2,h6_gen_sched,154,,8663.2734375,0.5390625,353.48751467466354,1124968,10077,
v2,h6_gen_sched,155,,8513.6953125,0.53125,347.65357054024935,1108061,10142,
v2,h6_gen_sched,156,,8458.15625,0.484375,342.35697190091014,1099491,10207,
v2,h6_gen_sched,157,,8437.125,0.4453125,340.84154334664345,1097211,10272,
v2,h6_gen_sched,158,,8377.4140625,0.34375,334.33210871368647,1087094,10337,
v2,h6_gen_sched,159,,8562.3515625,0.4296875,347.41888166591525,1112667,10402,
v2,h6_gen_sched,160,,8219.9296875,0.3203125,322.7550866007805,1067951,10467,
v2,h6_gen_sched,161,,8294.0546875,0.40625,336.1711988300085,1078235,10532,
v2,h6_gen_sched,162,,8598.4765625,0.40625,350.5751293152571,1117890,10597,
v2,h6_gen_sched,163,,8660.140625,0.4140625,359.28162793815136,1125185,10662,
v2,h6_gen_sched,164,,8785.421875,0.3984375,364.33934864774346,1143709,10727,
v2,h6_gen_sched,165,,8858.2890625,0.4140625,370.3095472343266,1151494,10792,
v2,h6_gen_sched,166,,8511.5703125,0.375,351.56642497703433,1105836,10857,
v2,h6_gen_sched,167,,9152.2578125,0.4140625,387.007561840117,1188020,10922,
v2,h6_gen_sched,168,,8928.2578125,0.3984375,377.8184545226395,1159053,10987,
v2,h6_gen_sched,169,,9139.53125,0.4140625,390.78422121703625,1187230,11052,
v2,h6_gen_sched,170,,9028.8046875,0.3671875,382.12821846455336,1172735,11117,
v2,h6_gen_sched,171,,9283.359375,0.3984375,394.617848072201,1204594,11182,
v2,h6_gen_sched,172,,9147.140625,0.359375,380.49642918631434,1187669,11247,
v2,h6_gen_sched,173,,9628.6953125,0.46875,418.1427775993943,1249871,11312,
v2,h6_gen_sched,174,,9986.1640625,0.53125,442.48191894590855,1296438,11377,
v2,h6_gen_sched,175,0.498,10304.765625,0.5859375,482.22897927835584,1335437,11442,
v2,h6_gen_sched,176,,10882.5,0.78125,504.19523464143276,1412357,11507,
v2,h6_gen_sched,177,,11381.4140625,0.9375,559.5365535095334,1472659,11572,
v2,h6_gen_sched,178,,11547.4375,0.96875,546.0025290586054,1493826,11637,
v2,h6_gen_sched,179,,11627.890625,0.9765625,549.7807580903172,1503735,11702,
v2,h6_gen_sched,180,,11741.828125,0.9921875,557.8199939988554,1520445,11767,
v2,h6_gen_sched,181,,11800.171875,0.9921875,566.7403430193663,1528455,11832,
v2,h6_gen_sched,182,,11874.3671875,0.9921875,569.8417079560459,1535535,11897,
v2,h6_gen_sched,183,,11930.171875,0.984375,574.480840459466,1541752,11962,
v2,h6_gen_sched,184,,12027,1,583.7445668876171,1556423,12027,
v2,h6_gen_sched,185,,12092,1,591.9430168904364,1563463,12092,
v2,h6_gen_sched,186,,12147.0078125,0.9921875,592.120061699301,1571150,12157,
v2,h6_gen_sched,187,,12222,1,611.730723336339,1581572,12222,
v2,h6_gen_sched,188,,12243.109375,0.984375,601.6647771634161,1583459,12287,
v2,h6_gen_sched,189,,12322.65625,0.9921875,605.595624294132,1594435,12353,
v2,h6_gen_sched,190,,12353.4375,0.984375,621.2067356519401,1598171,12418,
v2,h6_gen_sched,191,,12478.5390625,0.9921875,628.1706134341657,1614957,12483,
v2,h6_gen_sched,192,,12548,1,639.5772656463087,1623127,12548,
v2,h6_gen_sched,193,,12606.1484375,0.9921875,648.519665222615,1631681,12613,
v2,h6_gen_sched,194,,12678,1,640.1324628032744,1637952,12678,
v2,h6_gen_sched,195,,12743,1,644.0054389238358,1648222,12743,
v2,h6_gen_sched,196,,12723.15625,0.9921875,641.8241192288697,1645597,12808,
v2,h6_gen_sched,197,,12873,1,658.2599761486053,1664632,12873,
v2,h6_gen_sched,198,,12938,1,671.3192390985787,1673413,12938,
v2,h6_gen_sched,199,,13003,1,676.6043857000768,1681267,13003,
v2,h6_gen_sched,200,0.482,13068,1,712.1249191649258,1689946,13068,
v2,h6_gen_sched,201,,13133,1,688.4816290475428,1697485,13133,
v2,h6_gen_sched,202,,13198,1,690.7848966419697,1706025,13198,
v2,h6_gen_sched,203,,13263,1,699.1076787747443,1715796,13263,
v2,h6_gen_sched,204,,13328,1,703.3366344161332,1722290,13328,
v2,h6_gen_sched,205,,13393,1,710.3016190230846,1729735,13393,
v2,h6_gen_sched,206,,13458,1,717.4884501136839,1738603,13458,
v2,h6_gen_sched,207,,13523,1,733.2162617258728,1749558,13523,
v2,h6_gen_sched,208,,13588,1,730.8727765604854,1754794,13588,
v2,h6_gen_sched,209,,13634.75,0.9921875,735.3187190070748,1762269,13653,
v2,h6_gen_sched,210,,13623.6328125,0.9921875,740.3240058645606,1760670,13718,
v2,h6_gen_sched,211,,13783,1,750.4271114319563,1782546,13783,
v2,h6_gen_sched,212,,13848,1,788.692961383611,1789887,13848,
v2,h6_gen_sched,213,,13913,1,763.525224853307,1798656,13913,
v2,h6_gen_sched,214,,13978,1,771.1226279772818,1805964,13978,
v2,h6_gen_sched,215,,14043,1,777.8501369580626,1813595,14043,
v2,h6_gen_sched,216,,14108,1,788.9368021227419,1822002,14108,
v2,h6_gen_sched,217,,14173,1,788.3573450930417,1829774,14173,
v2,h6_gen_sched,218,,14238,1,795.8830202780664,1838175,14238,
v2,h6_gen_sched,219,,14303,1,801.2099964208901,1847105,14303,
v2,h6_gen_sched,220,,14368,1,809.2728471010923,1856375,14368,
v2,h6_gen_sched,221,,14433,1,837.8271817415953,1862831,14433,
v2,h6_gen_sched,222,,14498,1,835.2515185624361,1872291,14498,
v2,h6_gen_sched,223,,14563,1,825.6549012586474,1880197,14563,
v2,h7_gen512,1,,292.265625,0.4140625,86.48756766691804,53093,,
v2,h7_gen512,2,,300.7265625,0.4375,15.77097424864769,54842,,
v2,h7_gen512,3,,303.7734375,0.4609375,11.46671662479639,56064,,
v2,h7_gen512,4,,345.4921875,0.5390625,12.331368040293455,60875,,
v2,h7_gen512,5,,310.328125,0.4765625,12.177842419594526,57817,,
v2,h7_gen512,6,,320.875,0.4921875,12.826055333018303,57177,,
v2,h7_gen512,7,,346.5546875,0.5234375,11.457576461136341,60017,,
v2,h7_gen512,8,,316.4140625,0.46875,13.265754479914904,57185,,
v2,h7_gen512,9,,376.046875,0.5859375,12.47636092081666,65559,,
v2,h7_gen512,10,,413.609375,0.609375,13.81470538675785,69636,,
v2,h7_gen512,11,,413.296875,0.671875,14.46664433926344,69879,,
v2,h7_gen512,12,,407.765625,0.6015625,13.024895258247852,69624,,
v2,h7_gen512,13,,421.6328125,0.625,12.965906966477633,71738,,
v2,h7_gen512,14,,457.5546875,0.7109375,13.449777692556381,74321,,
v2,h7_gen512,15,,452.078125,0.7578125,12.416435852646828,73384,,
v2,h7_gen512,16,,415.4921875,0.6796875,15.523965634405613,69574,,
v2,h7_gen512,17,,473.96875,0.796875,18.404413625597954,75928,,
v2,h7_gen512,18,,490.3515625,0.8203125,18.950343415141106,79386,,
v2,h7_gen512,19,,500.984375,0.8828125,16.540910098701715,80894,,
v2,h7_gen512,20,,492.90625,0.890625,18.226417168974876,81219,,
v2,h7_gen512,21,,497.703125,0.875,12.359600387513638,80680,,
v2,h7_gen512,22,,500.484375,0.890625,16.023162439465523,81979,,
v2,h7_gen512,23,,492.0625,0.8828125,14.53682629391551,79721,,
v2,h7_gen512,24,,498.28125,0.875,17.26455381140113,83537,,
v2,h7_gen512,25,0.424,504.953125,0.9140625,55.45583926141262,80765,,
v2,h7_gen512,26,,501.140625,0.9296875,15.425129543989897,80888,,
v2,h7_gen512,27,,510.0078125,0.96875,16.219627801328897,82243,,
v2,h7_gen512,28,,502.2109375,0.921875,15.750008001923561,82400,,
v2,h7_gen512,29,,507.3046875,0.9609375,18.839781507849693,81088,,
v2,h7_gen512,30,,505.359375,0.9140625,15.549812398850918,80997,,
v2,h7_gen512,31,,505.453125,0.9375,13.13530819490552,81043,,
v2,h7_gen512,32,,508.484375,0.9609375,16.2371262088418,80258,,
v2,h7_gen512,33,,508.1640625,0.96875,14.368813578039408,81998,,
v2,h7_gen512,34,,505.9140625,0.9609375,17.13606808707118,82580,,
v2,h7_gen512,35,,503.9375,0.9296875,15.933218121528625,82774,,
v2,h7_gen512,36,,506.7265625,0.9609375,15.037700399756432,81259,,
v2,h7_gen512,37,,507.5546875,0.953125,13.547869674861431,81129,,
v2,h7_gen512,38,,511.2890625,0.984375,21.716635327786207,82805,,
v2,h7_gen512,39,,512,1,16.96670051664114,80493,,
v2,h7_gen512,40,,512,1,18.76839143782854,81243,,
v2,h7_gen512,41,,511.53125,0.9921875,14.76543640345335,81821,,
v2,h7_gen512,42,,509.78125,0.984375,18.248984668403864,81648,,
v2,h7_gen512,43,,510.421875,0.9765625,16.01242784038186,80371,,
v2,h7_gen512,44,,510.453125,0.984375,14.596809029579163,81944,,
v2,h7_gen512,45,,510.734375,0.984375,16.658441595733166,82455,,
v2,h7_gen512,46,,510.046875,0.9765625,19.51745120435953,80809,,
v2,h7_gen512,47,,510.1328125,0.9921875,17.179994203150272,81157,,
v2,h7_gen512,48,,511.859375,0.9921875,15.66322347521782,82229,,
v2,h7_gen512,49,,511.3671875,0.9921875,15.331869710236788,84070,,
v2,h7_gen512,50,0.254,511.3671875,0.9921875,55.37618476524949,82519,,
v2,h7_gen512,51,,509.9375,0.984375,15.6618113219738,82241,,
v2,h7_gen512,52,,506.4375,0.9609375,16.318103343248367,81714,,
v2,h7_gen512,53,,511.5546875,0.9921875,14.555525057017803,80390,,
v2,h7_gen512,54,,509.7890625,0.9921875,16.511671386659145,81229,,
v2,h7_gen512,55,,511.046875,0.9921875,16.035092264413834,81901,,
v2,h7_gen512,56,,511.9921875,0.9921875,19.51759773492813,82831,,
v2,h7_gen512,57,,511.5546875,0.984375,15.146731048822403,82330,,
v2,h7_gen512,58,,511.625,0.9921875,15.289426896721125,80290,,
v2,h7_gen512,59,,510.5390625,0.9921875,17.653866674751043,81528,,
v2,h7_gen512,60,,512,1,16.459448132663965,83923,,
v2,h7_gen512,61,,512,1,15.96986460313201,84035,,
v2,h7_gen512,62,,512,1,16.121191576123238,83892,,
v2,h7_gen512,63,,512,1,14.803329929709435,82895,,
v2,h7_gen512,64,,512,1,19.07695848494768,85222,,
v2,h7_gen512,65,,511.9765625,0.9921875,15.854715593159199,82389,,
v2,h7_gen512,66,,511.3515625,0.9921875,15.633163060992956,82258,,
v2,h7_gen512,67,,512,1,15.51867713779211,81886,,
v2,h7_gen512,68,,511.171875,0.9921875,18.947449550032616,80325,,
v2,h7_gen512,69,,512,1,15.703455097973347,81253,,
v2,h7_gen512,70,,512,1,15.39976168051362,82909,,
v2,h7_gen512,71,,512,1,14.894894067198038,82038,,
v2,h7_gen512,72,,512,1,21.663060247898102,82507,,
v2,h7_gen512,73,,512,1,14.638021435588598,83346,,
v2,h7_gen512,74,,511.1796875,0.9921875,22.60937687009573,83002,,
v2,h7_gen512,75,0.202,512,1,52.47849194332957,81866,,
v2,h7_gen512,76,,509.875,0.9921875,16.600828919559717,82132,,
v2,h7_gen512,77,,512,1,16.868489138782024,81487,,
v2,h7_gen512,78,,510.2265625,0.9921875,40.86683989688754,82415,,
v2,h7_gen512,79,,512,1,22.76595203578472,82309,,
v2,h7_gen512,80,,511.7421875,0.9921875,15.897103786468506,82300,,
v2,h7_gen512,81,,510.1015625,0.9921875,18.566924765706062,82779,,
v2,h7_gen512,82,,511.375,0.9921875,15.499461069703102,81529,,
v2,h7_gen512,83,,512,1,14.73450993001461,83567,,
v2,h7_gen512,84,,511.25,0.9921875,17.619342233985662,81164,,
v2,h7_gen512,85,,510.7265625,0.9921875,15.883266188204288,81553,,
v2,h7_gen512,86,,512,1,14.833788126707077,82941,,
v2,h7_gen512,87,,511.21875,0.9921875,16.063022926449776,83442,,
v2,h7_gen512,88,,511.03125,0.9921875,15.59629675745964,83087,,
v2,h7_gen512,89,,511.546875,0.9921875,17.712699558585882,82558,,
v2,h7_gen512,90,,511.3203125,0.9921875,16.688426170498133,81633,,
v2,h7_gen512,91,,512,1,15.046934463083744,82931,,
v2,h7_gen512,92,,509.8359375,0.984375,18.32589864358306,83782,,
v2,h7_gen512,93,,512,1,15.87805538251996,81478,,
v2,h7_gen512,94,,512,1,14.98009430617094,83047,,
v2,h7_gen512,95,,510.1640625,0.9921875,16.272209532558918,82250,,
v2,h7_gen512,96,,512,1,16.81236010044813,82632,,
v2,h7_gen512,97,,511.1015625,0.9921875,16.658924873918295,82632,,
v2,h7_gen512,98,,512,1,15.946660622954369,82529,,
v2,h7_gen512,99,,512,1,14.73802663013339,82870,,
v2,h7_gen512,100,0.224,511.6796875,0.9921875,53.421690817922354,81118,,
v2,h7_gen512,101,,512,1,19.168195858597755,81725,,
v2,h7_gen512,102,,510.875,0.984375,15.48223428055644,82228,,
v2,h7_gen512,103,,511.328125,0.9921875,19.52864807099104,81219,,
v2,h7_gen512,104,,510.5703125,0.984375,16.28485319763422,81383,,
v2,h7_gen512,105,,511.0078125,0.9921875,15.924292031675577,82114,,
v2,h7_gen512,106,,512,1,16.370739456266165,83218,,
v2,h7_gen512,107,,510.84375,0.9921875,15.880696337670088,81896,,
v2,h7_gen512,108,,512,1,14.705393180251122,81307,,
v2,h7_gen512,109,,511.203125,0.9921875,15.934553448110819,81531,,
v2,h7_gen512,110,,512,1,17.091501213610172,81908,,
v2,h7_gen512,111,,512,1,17.01940368115902,82989,,
v2,h7_gen512,112,,508.671875,0.9765625,19.103393387049437,82784,,
v2,h7_gen512,113,,512,1,16.98879497498274,82853,,
v2,h7_gen512,114,,512,1,14.911141261458397,81038,,
v2,h7_gen512,115,,511.875,0.9921875,16.64861973747611,81740,,
v2,h7_gen512,116,,510.3515625,0.9921875,16.153579629957676,83460,,
v2,h7_gen512,117,,510.5,0.9921875,14.79167715460062,81482,,
v2,h7_gen512,118,,512,1,17.726124733686447,82831,,
v2,h7_gen512,119,,511.7109375,0.9921875,16.509027648717165,81033,,
v2,h7_gen512,120,,510.6640625,0.9921875,14.354668315500021,81531,,
v2,h7_gen512,121,,509.3359375,0.984375,16.032369270920753,81950,,
v2,h7_gen512,122,,512,1,17.169874038547277,82192,,
v2,h7_gen512,123,,511.7890625,0.9921875,18.01495112851262,81268,,
v2,h7_gen512,124,,512,1,15.765546444803476,80987,,
v2,h7_gen512,125,0.232,512,1,50.6441285982728,82583,,
v2,h7_gen512,126,,512,1,16.80533677712083,81346,,
v2,h7_gen512,127,,512,1,16.91065337881446,83419,,
v2,h7_gen512,128,,510.234375,0.9921875,16.460563883185387,84263,,
v2,h7_gen512,129,,511.46875,0.9921875,15.833930641412735,82931,,
v2,h7_gen512,130,,512,1,16.161428071558475,84475,,
v2,h7_gen512,131,,512,1,16.614528391510248,84886,,
v2,h7_gen512,132,,512,1,15.114673759788275,82597,,
v2,h7_gen512,133,,510.0234375,0.9921875,16.02956135198474,81848,,
v2,h7_gen512,134,,512,1,15.48987701907754,81433,,
v2,h7_gen512,135,,512,1,16.591510646045208,80306,,
v2,h7_gen512,136,,510.453125,0.9921875,16.54200876876712,82462,,
v2,h7_gen512,137,,511.140625,0.9921875,15.890187632292509,81961,,
v2,h7_gen512,138,,512,1,18.11272280663252,81669,,
v2,h7_gen512,139,,510.828125,0.9765625,16.842385698109865,82338,,
v2,h7_gen512,140,,510.109375,0.984375,15.463381305336952,82520,,
v2,h7_gen512,141,,512,1,15.950097989290953,82159,,
v2,h7_gen512,142,,512,1,14.558637253940105,80977,,
v2,h7_gen512,143,,510.5546875,0.984375,17.547095622867346,82351,,
v2,h7_gen512,144,,512,1,18.81197302788496,83095,,
v2,h7_gen512,145,,511.65625,0.9921875,19.988064985722303,82438,,
v2,h7_gen512,146,,509.9765625,0.984375,18.10134633257985,82264,,
v2,h7_gen512,147,,512,1,15.539237905293703,80887,,
v2,h7_gen512,148,,511.96875,0.9921875,15.57359367981553,82657,,
v2,h7_gen512,149,,512,1,15.874128375202417,82443,,
v2,h7_gen512,150,0.256,512,1,53.18203105777502,81715,,
v2,h7_gen512,151,,511.2578125,0.9921875,15.227337576448917,82177,,
v2,h7_gen512,152,,512,1,15.676480755209923,81788,,
v2,h7_gen512,153,,511.2578125,0.984375,20.6333541944623,82848,,
v2,h7_gen512,154,,512,1,15.21960686519742,81605,,
v2,h7_gen512,155,,512,1,17.32172280177474,83844,,
v2,h7_gen512,156,,511.9375,0.9921875,15.723304308950901,82375,,
v2,h7_gen512,157,,512,1,18.342684537172318,82795,,
v2,h7_gen512,158,,511.2265625,0.9921875,15.584103267639875,80222,,
v2,h7_gen512,159,,512,1,14.951515041291714,82222,,
v2,h7_gen512,160,,512,1,15.491014894098043,81336,,
v2,h7_gen512,161,,509.828125,0.984375,20.810643259435892,81854,,
v2,h7_gen512,162,,512,1,19.271306090056896,82821,,
v2,h7_gen512,163,,512,1,15.530918136239052,82223,,
v2,h7_gen512,164,,511.1640625,0.9921875,15.210042476654053,84604,,
v2,h7_gen512,165,,512,1,19.352096658200026,83169,,
v2,h7_gen512,166,,509.53125,0.984375,15.446927946060896,81575,,
v2,h7_gen512,167,,512,1,16.51011634618044,82067,,
v2,h7_gen512,168,,508.90625,0.984375,14.7735530808568,81376,,
v2,h7_gen512,169,,511.8828125,0.9921875,17.708553440868855,82891,,
v2,h7_gen512,170,,509.640625,0.9921875,17.582880672067404,82282,,
v2,h7_gen512,171,,512,1,16.375919204205275,81860,,
v2,h7_gen512,172,,512,1,21.105424623936415,82371,,
v2,h7_gen512,173,,509.265625,0.984375,16.57830387726426,82584,,
v2,h7_gen512,174,,512,1,14.58338763564825,83745,,
v2,h7_gen512,175,0.248,512,1,62.680824395269156,81963,,
v2,h7_gen512,176,,512,1,15.71955918893218,84933,,
v2,h7_gen512,177,,512,1,16.10845822840929,81374,,
v2,h7_gen512,178,,510.5546875,0.9921875,15.710813120007515,81105,,
v2,h7_gen512,179,,512,1,16.22994528338313,80901,,
v2,h7_gen512,180,,512,1,15.238383423537016,83027,,
v2,h7_gen512,181,,512,1,15.205333184450865,83569,,
v2,h7_gen512,182,,511.453125,0.9921875,15.691604781895876,81082,,
v2,h7_gen512,183,,509.0703125,0.9765625,17.156264137476683,79851,,
v2,h7_gen512,184,,512,1,16.637847915291786,82503,,
v2,h7_gen512,185,,512,1,18.09230215102434,81223,,
v2,h7_gen512,186,,510.5390625,0.9921875,14.147745195776224,81682,,
v2,h7_gen512,187,,512,1,18.171107321977615,82692,,
v2,h7_gen512,188,,509.5078125,0.9921875,16.09926563873887,81558,,
v2,h7_gen512,189,,510.9375,0.9921875,16.52094203233719,82535,,
v2,h7_gen512,190,,508.390625,0.9765625,15.30400162935257,82005,,
v2,h7_gen512,191,,512,1,17.365841027349234,83240,,
v2,h7_gen512,192,,509.890625,0.984375,15.963882319629192,82249,,
v2,h7_gen512,193,,512,1,15.333190221339464,83630,,
v2,h7_gen512,194,,511.703125,0.9921875,15.887525971978903,80666,,
v2,h7_gen512,195,,510.4375,0.9921875,17.628303296864033,82454,,
v2,h7_gen512,196,,512,1,15.824887782335281,82569,,
v2,h7_gen512,197,,512,1,16.895156297832727,82424,,
v2,h7_gen512,198,,512,1,17.034589920192957,82885,,
v2,h7_gen512,199,,512,1,20.013522498309612,82419,,
v2,h7_gen512,200,0.28,508.9765625,0.9765625,55.61325388401747,82391,,
v2,h7_gen512,201,,511.546875,0.9921875,17.093741092830896,81939,,
v2,h7_gen512,202,,511.1484375,0.9921875,19.656997099518776,82108,,
v2,h7_gen512,203,,510.8125,0.9921875,16.118996113538742,83516,,
v2,h7_gen512,204,,512,1,15.028790581971407,81842,,
v2,h7_gen512,205,,510.359375,0.9921875,15.634338695555925,80757,,
v2,h7_gen512,206,,512,1,21.308698806911707,81515,,
v2,h7_gen512,207,,512,1,26.669468369334936,84150,,
v2,h7_gen512,208,,512,1,15.715609271079302,81066,,
v2,h7_gen512,209,,512,1,14.62648344039917,82557,,
v2,h7_gen512,210,,512,1,15.50025199353695,82381,,
v2,h7_gen512,211,,512,1,15.187856633216143,83858,,
v2,h7_gen512,212,,512,1,15.245848592370749,82879,,
v2,h7_gen512,213,,512,1,15.369009457528591,83328,,
v2,h7_gen512,214,,512,1,15.86833294481039,82316,,
v2,h7_gen512,215,,511.7265625,0.9921875,14.550866518169641,81592,,
v2,h7_gen512,216,,509.4609375,0.984375,17.11914398148656,81389,,
v2,h7_gen512,217,,511.75,0.9921875,18.49465099349618,81134,,
v2,h7_gen512,218,,511.6875,0.9921875,14.521479662507772,81207,,
v2,h7_gen512,219,,509.9765625,0.984375,16.36113503202796,81598,,
v2,h7_gen512,220,,511.75,0.9921875,17.532782293856144,82775,,
v2,h7_gen512,221,,510.0625,0.9921875,15.184262055903673,80695,,
v2,h7_gen512,222,,511.7890625,0.9921875,16.827561642974615,82056,,
v2,h7_gen512,223,,512,1,17.113982390612364,81669,,
v2,h7_gen512,224,,511.421875,0.9921875,17.825335688889027,82865,,
v2,h7_gen512,225,0.264,508.859375,0.984375,108.18355725333095,82805,,
v2,h7_gen512,226,,512,1,13.731139048933983,81554,,
v2,h7_gen512,227,,511.7734375,0.9921875,13.33176552504301,81600,,
v2,h7_gen512,228,,512,1,15.449155326932669,81444,,
v2,h7_gen512,229,,510.84375,0.9921875,16.250467717647552,82243,,
v2,h7_gen512,230,,512,1,15.906808327883482,81534,,
v2,h7_gen512,231,,512,1,17.185461930930614,82242,,
v2,h7_gen512,232,,512,1,18.24763622134924,82684,,
v2,h7_gen512,233,,510.2421875,0.9921875,18.68940431252122,82135,,
v2,h7_gen512,234,,512,1,18.52512526512146,82350,,
v2,h7_gen512,235,,512,1,20.11938501521945,83298,,
v2,h7_gen512,236,,512,1,16.75543486699462,81742,,
v2,h7_gen512,237,,511.4453125,0.9921875,19.94915648549795,80392,,
v2,h7_gen512,238,,510.4140625,0.984375,16.862494479864836,82414,,
v2,h7_gen512,239,,510.34375,0.9921875,15.692851662635803,83080,,
v2,h7_gen512,240,,511.0078125,0.9921875,15.527142576873302,81642,,
v2,h7_gen512,241,,512,1,18.59549293294549,80631,,
v2,h7_gen512,242,,512,1,15.194260854274035,82228,,
v2,h7_gen512,243,,512,1,14.706785503774881,83122,,
v2,h7_gen512,244,,510.390625,0.984375,15.876565121114254,82232,,
v2,h7_gen512,245,,512,1,17.687261790037155,82333,,
v2,h7_gen512,246,,511.6015625,0.9921875,16.424756214022636,82807,,
v2,h7_gen512,247,,512,1,14.610909335315228,81910,,
v2,h7_gen512,248,,512,1,14.900203462690115,83391,,
v2,h7_gen512,249,,512,1,14.54934348538518,82723,,
v2,h7_gen512,250,0.286,512,1,60.49700831994414,82255,,
v2,h8_gen2048,1,,704.9765625,0.1328125,50.65348106622696,105920,,
v2,h8_gen2048,2,,694.3046875,0.1796875,22.41088653355837,105220,,
v2,h8_gen2048,3,,693.9765625,0.140625,23.930365700274706,106010,,
v2,h8_gen2048,4,,717.3984375,0.171875,21.403650917112827,108479,,
v2,h8_gen2048,5,,859.03125,0.1796875,23.841060552746058,128051,,
v2,h8_gen2048,6,,667.2734375,0.125,22.104789953678846,101516,,
v2,h8_gen2048,7,,734.265625,0.125,22.013288632035255,109644,,
v2,h8_gen2048,8,,834.984375,0.1640625,24.269833963364363,123562,,
v2,h8_gen2048,9,,883.5078125,0.15625,26.23674613237381,130514,,
v2,h8_gen2048,10,,742.9140625,0.1015625,21.98108919709921,111787,,
v2,h8_gen2048,11,,848.0390625,0.140625,21.79262488335371,125526,,
v2,h8_gen2048,12,,831.21875,0.203125,25.51406665146351,123826,,
v2,h8_gen2048,13,,1025.5859375,0.234375,26.450104530900717,149044,,
v2,h8_gen2048,14,,895.71875,0.171875,36.01807060837746,130406,,
v2,h8_gen2048,15,,988.8515625,0.2109375,33.50078086182475,142091,,
v2,h8_gen2048,16,,946.5546875,0.1875,27.326668422669172,137550,,
v2,h8_gen2048,17,,987.03125,0.1796875,27.240820422768593,141600,,
v2,h8_gen2048,18,,1036.0234375,0.140625,24.830667354166508,149232,,
v2,h8_gen2048,19,,1159.6640625,0.265625,33.628045089542866,165205,,
v2,h8_gen2048,20,,1093.875,0.1484375,26.413446929305792,158143,,
v2,h8_gen2048,21,,1139.3984375,0.203125,26.345306366682053,162817,,
v2,h8_gen2048,22,,1125.3515625,0.171875,28.818717002868652,161962,,
v2,h8_gen2048,23,,1061.9453125,0.1484375,24.82500619441271,152666,,
v2,h8_gen2048,24,,1153.21875,0.1875,29.523541565984488,167369,,
v2,h8_gen2048,25,0.602,1241.75,0.203125,58.762085407972336,175075,,
v2,h8_gen2048,26,,1294.90625,0.2890625,31.01712954416871,182490,,
v2,h8_gen2048,27,,1297.5234375,0.28125,31.918448742479086,183045,,
v2,h8_gen2048,28,,1232.9375,0.28125,29.965861912816763,175933,,
v2,h8_gen2048,29,,1249.953125,0.2109375,29.24802925810218,176147,,
v2,h8_gen2048,30,,1358.578125,0.28125,29.424050122499466,190209,,
v2,h8_gen2048,31,,1449.5390625,0.40625,37.63678054884076,201886,,
v2,h8_gen2048,32,,1560.453125,0.4375,40.192360896617174,214910,,
v2,h8_gen2048,33,,1622.9453125,0.5078125,40.1465550288558,224690,,
v2,h8_gen2048,34,,1672.59375,0.609375,36.2778978459537,231915,,
v2,h8_gen2048,35,,1742.4453125,0.65625,62.476982951164246,241303,,
v2,h8_gen2048,36,,1820.7265625,0.765625,47.25844355300069,249451,,
v2,h8_gen2048,37,,1814.828125,0.7578125,40.25508216023445,248460,,
v2,h8_gen2048,38,,1935.6484375,0.875,43.93308621644974,265123,,
v2,h8_gen2048,39,,1929.6484375,0.890625,42.337483800947666,261952,,
v2,h8_gen2048,40,,2006.28125,0.9453125,43.81637763604522,272511,,
v2,h8_gen2048,41,,1932.203125,0.890625,45.62354168668389,263667,,
v2,h8_gen2048,42,,1981.359375,0.9296875,43.51086413115263,270010,,
v2,h8_gen2048,43,,1937.2265625,0.890625,44.22635431215167,263002,,
v2,h8_gen2048,44,,1957.640625,0.921875,44.058639753609896,267184,,
v2,h8_gen2048,45,,1959.9609375,0.9140625,47.29774979874492,267956,,
v2,h8_gen2048,46,,1960.9609375,0.8984375,45.79144634306431,266526,,
v2,h8_gen2048,47,,2006.5,0.9609375,44.2639518789947,272692,,
v2,h8_gen2048,48,,2002.1328125,0.96875,42.41125537455082,272984,,
v2,h8_gen2048,49,,2029.8515625,0.984375,49.06869604811072,278436,,
v2,h8_gen2048,50,0.572,1999.2421875,0.953125,75.10623328760266,272967,,
v2,h8_gen2048,51,,1989.1796875,0.9375,44.12730887532234,271584,,
v2,h8_gen2048,52,,1976.7578125,0.9375,42.737758696079254,269915,,
v2,h8_gen2048,53,,1986.375,0.9453125,47.90911265090108,269167,,
v2,h8_gen2048,54,,2001.6953125,0.9453125,42.136012494564056,272193,,
v2,h8_gen2048,55,,2026.375,0.984375,44.08956250548363,275863,,
v2,h8_gen2048,56,,1997.8515625,0.953125,44.382321786135435,273021,,
v2,h8_gen2048,57,,2019.296875,0.96875,47.83938840776682,275321,,
v2,h8_gen2048,58,,1971.8203125,0.9375,44.442443296313286,267195,,
v2,h8_gen2048,59,,2015.0546875,0.9609375,42.81937901675701,274106,,
v2,h8_gen2048,60,,2010.5703125,0.96875,42.88343055918813,275740,,
v2,h8_gen2048,61,,2037.0546875,0.984375,46.52231603860855,279242,,
v2,h8_gen2048,62,,2043.46875,0.9921875,48.032446440309286,279920,,
v2,h8_gen2048,63,,2023,0.96875,43.61549945175648,276303,,
v2,h8_gen2048,64,,2018.0390625,0.9765625,47.41430955007672,277995,,
v2,h8_gen2048,65,,2024.640625,0.96875,43.11065465211868,276010,,
v2,h8_gen2048,66,,2014.359375,0.96875,44.72408538684249,274643,,
v2,h8_gen2048,67,,2033.9765625,0.96875,42.846098110079765,276699,,
v2,h8_gen2048,68,,2016.0078125,0.9609375,45.524089235812426,272944,,
v2,h8_gen2048,69,,2042.828125,0.9921875,43.6556470990181,277199,,
v2,h8_gen2048,70,,1992.4921875,0.9453125,45.250281412154436,272412,,
v2,h8_gen2048,71,,2008.9296875,0.953125,48.34632380306721,273645,,
v2,h8_gen2048,72,,2015,0.9609375,44.33722011744976,274891,,
v2,h8_gen2048,73,,2014.390625,0.9609375,46.34380016475916,275652,,
v2,h8_gen2048,74,,2041.578125,0.9921875,45.40791345387697,278893,,
v2,h8_gen2048,75,0.528,2028.21875,0.9765625,76.92572202533484,275942,,
v2,h8_gen2048,76,,2019.3671875,0.9765625,45.50436916947365,275347,,
v2,h8_gen2048,77,,2025.15625,0.96875,45.108245708048344,275171,,
v2,h8_gen2048,78,,1995.125,0.9453125,42.4468057192862,272482,,
v2,h8_gen2048,79,,2027.65625,0.9765625,46.13073419034481,276313,,
v2,h8_gen2048,80,,2007.390625,0.9609375,42.27266915142536,273743,,
v2,h8_gen2048,81,,2015.5390625,0.9609375,43.65028814971447,275475,,
v2,h8_gen2048,82,,2031.90625,0.9765625,46.3647119179368,276157,,
v2,h8_gen2048,83,,2028.28125,0.9765625,45.65997301787138,277651,,
v2,h8_gen2048,84,,2025.1875,0.96875,43.600596591830254,274948,,
v2,h8_gen2048,85,,2037,0.9921875,42.624043352901936,276916,,
v2,h8_gen2048,86,,2042.4765625,0.9921875,45.90031607076526,278842,,
v2,h8_gen2048,87,,1985.1875,0.9375,48.26184156909585,272110,,
v2,h8_gen2048,88,,2048,1,48.94896871969104,279819,,
v2,h8_gen2048,89,,2046.0625,0.9921875,47.46974507346749,278976,,
v2,h8_gen2048,90,,2021.453125,0.96875,43.472740434110165,274930,,
v2,h8_gen2048,91,,2035.65625,0.9921875,43.413784600794315,277959,,
v2,h8_gen2048,92,,2007.953125,0.953125,42.392652571201324,275541,,
v2,h8_gen2048,93,,2048,1,46.01100007817149,278086,,
v2,h8_gen2048,94,,2019.921875,0.9609375,43.89214884489775,276061,,
v2,h8_gen2048,95,,2017.40625,0.9765625,43.32186038792133,275177,,
v2,h8_gen2048,96,,2032.9296875,0.9765625,51.34534990414977,277311,,
v2,h8_gen2048,97,,2032.1328125,0.9765625,43.07948535680771,277324,,
v2,h8_gen2048,98,,2045.78125,0.984375,44.972424898296595,278853,,
v2,h8_gen2048,99,,2048,1,49.09602568671107,279478,,
v2,h8_gen2048,100,0.494,2018.4375,0.96875,74.87415423244238,273983,,
v2,h8_gen2048,101,,2048,1,44.86091962829232,278333,,
v2,h8_gen2048,102,,2013.8671875,0.96875,47.11447712779045,274611,,
v2,h8_gen2048,103,,2028.015625,0.96875,43.87687275931239,275355,,
v2,h8_gen2048,104,,2003.0390625,0.953125,42.62197284772992,272419,,
v2,h8_gen2048,105,,2040.2734375,0.984375,45.45716128125787,277860,,
v2,h8_gen2048,106,,2042.28125,0.9921875,44.45369553938508,279094,,
v2,h8_gen2048,107,,2027.2265625,0.9765625,50.40251421555877,275993,,
v2,h8_gen2048,108,,2041.6953125,0.984375,51.4095399454236,277108,,
v2,h8_gen2048,109,,2025.609375,0.9765625,47.00369173288345,275375,,
v2,h8_gen2048,110,,2030.734375,0.984375,44.72029272094369,276306,,
v2,h8_gen2048,111,,2024.7890625,0.9765625,49.58173418417573,276626,,
v2,h8_gen2048,112,,2048,1,46.11971391364932,279818,,
v2,h8_gen2048,113,,2048,1,47.12727186828852,279461,,
v2,h8_gen2048,114,,2048,1,47.94377200677991,277646,,
v2,h8_gen2048,115,,2032.15625,0.984375,42.90584576129913,276336,,
v2,h8_gen2048,116,,2021.8984375,0.9609375,70.14089988917112,276938,,
v2,h8_gen2048,117,,2035.3515625,0.9921875,48.56419936940074,276663,,
v2,h8_gen2048,118,,2048,1,47.834657214581966,279439,,
v2,h8_gen2048,119,,2032.7890625,0.984375,49.683241084218025,275731,,
v2,h8_gen2048,120,,2039.1796875,0.9921875,46.30314430594444,277181,,
v2,h8_gen2048,121,,2048,1,42.72786933928728,278899,,
v2,h8_gen2048,122,,2040.640625,0.984375,45.1301854737103,277858,,
v2,h8_gen2048,123,,2048,1,47.026726111769676,277903,,
v2,h8_gen2048,124,,2042.6640625,0.9921875,43.08259840682149,276912,,
v2,h8_gen2048,125,0.46,2031.390625,0.984375,73.27532302960753,277065,,
v2,h8_gen2048,126,,2037.7890625,0.984375,43.11709191277623,276647,,
v2,h8_gen2048,127,,2024.75,0.96875,44.98735989630222,277051,,
v2,h8_gen2048,128,,2036.9375,0.9921875,45.10151242092252,279681,,
v2,h8_gen2048,129,,2035.3203125,0.9921875,42.98002091422677,277984,,
v2,h8_gen2048,130,,2048,1,45.36349905282259,281083,,
v2,h8_gen2048,131,,2038.015625,0.9921875,53.548831049352884,280216,,
v2,h8_gen2048,132,,2048,1,48.27359938621521,279205,,
v2,h8_gen2048,133,,2036.9609375,0.9921875,45.28376200795174,277296,,
v2,h8_gen2048,134,,2048,1,43.95244264230132,278041,,
v2,h8_gen2048,135,,2043.7265625,0.9921875,43.347030617296696,276367,,
v2,h8_gen2048,136,,2035.828125,0.984375,45.823297921568155,277710,,
v2,h8_gen2048,137,,2029.3671875,0.984375,43.559309493750334,276294,,
v2,h8_gen2048,138,,2048,1,46.348597668111324,278277,,
v2,h8_gen2048,139,,2012.921875,0.96875,46.06268486008048,274606,,
v2,h8_gen2048,140,,2032.1875,0.984375,46.42826746031642,277346,,
v2,h8_gen2048,141,,2048,1,43.21837108209729,278767,,
v2,h8_gen2048,142,,2035.8046875,0.984375,42.91683487594128,276024,,
v2,h8_gen2048,143,,2030.921875,0.984375,43.98424514755607,276958,,
v2,h8_gen2048,144,,2048,1,56.69497834518552,279703,,
v2,h8_gen2048,145,,2039.0234375,0.9921875,44.56763770803809,277941,,
v2,h8_gen2048,146,,2004.1171875,0.9609375,44.71918781474233,273514,,
v2,h8_gen2048,147,,2048,1,46.963068671524525,277495,,
v2,h8_gen2048,148,,2034.6328125,0.984375,44.20595210418105,277558,,
v2,h8_gen2048,149,,2048,1,48.4329069852829,279051,,
v2,h8_gen2048,150,0.488,2043.1796875,0.984375,71.5679044611752,277706,,
v2,h8_gen2048,151,,2046.5625,0.9921875,46.167435213923454,278696,,
v2,h8_gen2048,152,,2038.0625,0.9921875,43.23588861897588,277124,,
v2,h8_gen2048,153,,2020.5234375,0.9765625,45.0951206125319,276034,,
v2,h8_gen2048,154,,2048,1,47.18743233382702,278213,,
v2,h8_gen2048,155,,2037.59375,0.9765625,51.20477667450905,279120,,
v2,h8_gen2048,156,,2048,1,46.708124831318855,278991,,
v2,h8_gen2048,157,,2036.8203125,0.9921875,43.20146659389138,277972,,
v2,h8_gen2048,158,,2048,1,43.07533090189099,276929,,
v2,h8_gen2048,159,,2048,1,49.85156574100256,278830,,
v2,h8_gen2048,160,,2036.2734375,0.984375,42.66055012866855,276443,,
v2,h8_gen2048,161,,2036.046875,0.9921875,43.701830096542835,277210,,
v2,h8_gen2048,162,,2043.5546875,0.9921875,43.39795009791851,278860,,
v2,h8_gen2048,163,,2028.484375,0.9765625,43.23481875658035,276333,,
v2,h8_gen2048,164,,2040.1328125,0.9921875,44.80506889894605,280312,,
v2,h8_gen2048,165,,2038.2265625,0.9921875,43.82083697989583,278526,,
v2,h8_gen2048,166,,2026.9921875,0.9765625,42.37903378531337,275810,,
v2,h8_gen2048,167,,2047.5078125,0.9921875,43.978621028363705,278612,,
v2,h8_gen2048,168,,2046.765625,0.9921875,45.77024983987212,278222,,
v2,h8_gen2048,169,,2048,1,47.64490203931928,279514,,
v2,h8_gen2048,170,,2034.359375,0.984375,45.76589326560497,277446,,
v2,h8_gen2048,171,,2048,1,49.776269260793924,278468,,
v2,h8_gen2048,172,,2047.78125,0.9921875,43.34111234918237,278951,,
v2,h8_gen2048,173,,2037.3203125,0.9921875,46.24419824779034,278175,,
v2,h8_gen2048,174,,2048,1,49.18594879284501,280353,,
v2,h8_gen2048,175,0.49,2042.796875,0.9921875,76.05949390679598,277905,,
v2,h8_gen2048,176,,2039.0390625,0.9921875,50.045910749584436,280394,,
v2,h8_gen2048,177,,2034.6484375,0.9921875,46.73208672180772,276273,,
v2,h8_gen2048,178,,2026.1875,0.96875,49.35827423259616,275106,,
v2,h8_gen2048,179,,2045.4609375,0.9921875,48.38618057966232,277184,,
v2,h8_gen2048,180,,2038.3828125,0.9921875,47.21411246806383,278404,,
v2,h8_gen2048,181,,2048,1,49.95026734471321,280177,,
v2,h8_gen2048,182,,2026.796875,0.984375,43.75342572852969,275046,,
v2,h8_gen2048,183,,2036.0859375,0.9921875,42.3330351151526,275309,,
v2,h8_gen2048,184,,2048,1,48.62505121529102,279111,,
v2,h8_gen2048,185,,2044.5390625,0.9921875,45.49114913493395,277388,,
v2,h8_gen2048,186,,2039.3671875,0.9921875,45.01525302231312,277372,,
v2,h8_gen2048,187,,2043.90625,0.9921875,47.22667329385877,278776,,
v2,h8_gen2048,188,,2048,1,42.880541279911995,278485,,
v2,h8_gen2048,189,,2043.234375,0.984375,46.10224932432175,278669,,
v2,h8_gen2048,190,,2025.71875,0.984375,48.16031363233924,276223,,
v2,h8_gen2048,191,,2039.734375,0.9921875,46.58779801800847,278790,,
v2,h8_gen2048,192,,2026.7890625,0.984375,48.29836430028081,276412,,
v2,h8_gen2048,193,,2048,1,46.115245159715414,280238,,
v2,h8_gen2048,194,,2046.71875,0.9921875,43.302622962743044,277148,,
v2,h8_gen2048,195,,2036.34375,0.9921875,69.7913769595325,277770,,
v2,h8_gen2048,196,,2048,1,45.40691703185439,279177,,
v2,h8_gen2048,197,,2044.5390625,0.9921875,43.06719787046313,278589,,
v2,h8_gen2048,198,,2048,1,46.39299255609512,279493,,
v2,h8_gen2048,199,,2048,1,45.86882469058037,279027,,
v2,h8_gen2048,200,0.488,2022.859375,0.984375,71.68966379016638,276168,,
v2,h8_gen2048,201,,2048,1,51.04618936777115,278605,,
v2,h8_gen2048,202,,2036.8359375,0.9921875,43.463233675807714,277396,,
v2,h8_gen2048,203,,2048,1,53.12808380648494,280276,,
v2,h8_gen2048,204,,2025.9375,0.984375,45.67177100479603,275626,,
v2,h8_gen2048,205,,2035.8046875,0.9921875,43.88216545060277,276014,,
v2,h8_gen2048,206,,2048,1,44.81406819820404,278123,,
v2,h8_gen2048,207,,2048,1,49.49372619763017,280758,,
v2,h8_gen2048,208,,2033.6875,0.984375,46.29568753764033,275842,,
v2,h8_gen2048,209,,2048,1,43.791248701512814,279165,,
v2,h8_gen2048,210,,2048,1,45.97896793112159,278989,,
v2,h8_gen2048,211,,2048,1,46.54351360350847,280466,,
v2,h8_gen2048,212,,2048,1,46.651863899081945,279487,,
v2,h8_gen2048,213,,2042.1640625,0.9921875,46.01726132258773,279189,,
v2,h8_gen2048,214,,2034.84375,0.9921875,44.1110071875155,277240,,
v2,h8_gen2048,215,,2042.34375,0.9921875,45.14857967197895,277511,,
v2,h8_gen2048,216,,2037.265625,0.9921875,55.731267008930445,276948,,
v2,h8_gen2048,217,,2038.09375,0.9921875,44.59804531559348,276506,,
v2,h8_gen2048,218,,2042.984375,0.9921875,43.71783968433738,277213,,
v2,h8_gen2048,219,,2048,1,47.25739688053727,278465,,
v2,h8_gen2048,220,,2048,1,46.425200283527374,279415,,
v2,h8_gen2048,221,,2048,1,45.38264520466328,277551,,
v2,h8_gen2048,222,,2048,1,45.165761813521385,278691,,
v2,h8_gen2048,223,,2048,1,42.84339391812682,278277,,
v2,h8_gen2048,224,,2025.796875,0.96875,44.00978169590235,276705,,
v2,h8_gen2048,225,0.47,2035.3984375,0.9921875,106.1715865842998,278202,,
v2,h8_gen2048,226,,2041.40625,0.984375,47.75859137997031,277318,,
v2,h8_gen2048,227,,2040.6640625,0.9921875,45.843805365264416,277298,,
v2,h8_gen2048,228,,2041.359375,0.9921875,43.653485756367445,277202,,
v2,h8_gen2048,229,,2035.0390625,0.9921875,44.996058601886034,277340,,
v2,h8_gen2048,230,,2048,1,53.82021293789148,278142,,
v2,h8_gen2048,231,,2048,1,46.180173855274916,278850,,
v2,h8_gen2048,232,,2045.34375,0.984375,44.63851885125041,278952,,
v2,h8_gen2048,233,,2028.0234375,0.9765625,48.49377206712961,276411,,
v2,h8_gen2048,234,,2032.921875,0.9765625,44.702402509748936,277028,,
v2,h8_gen2048,235,,2044.890625,0.9921875,44.1062887981534,279508,,
v2,h8_gen2048,236,,2048,1,44.63041975349188,278350,,
v2,h8_gen2048,237,,2023.640625,0.96875,43.42323514446616,273953,,
v2,h8_gen2048,238,,2003.140625,0.953125,44.38808457925916,273483,,
v2,h8_gen2048,239,,2048,1,93.94818984344602,279900,,
v2,h8_gen2048,240,,2039.9453125,0.9921875,46.99854801222682,277346,,
v2,h8_gen2048,241,,2048,1,44.31299648806453,277239,,
v2,h8_gen2048,242,,2041.390625,0.9921875,45.68326976150274,277990,,
v2,h8_gen2048,243,,2048,1,45.09551494196057,279730,,
v2,h8_gen2048,244,,2024.328125,0.984375,44.756480131298304,276016,,
v2,h8_gen2048,245,,2048,1,52.239379309117794,278941,,
v2,h8_gen2048,246,,2048,1,45.2949362359941,279466,,
v2,h8_gen2048,247,,2046.3359375,0.9921875,42.66242288425565,278305,,
v2,h8_gen2048,248,,2027.921875,0.984375,46.719192657619715,277429,,
v2,h8_gen2048,249,,2034.890625,0.9921875,43.365475829690695,277653,,
v2,h8_gen2048,250,0.478,2045.4765625,0.9921875,213.9458986967802,278540,,
v2,h9_prune_adapt,1,,1292.640625,0.0078125,121.49741255491972,181141,16384,1035.8181818181818
v2,h9_prune_adapt,2,,381.4375,0.3984375,12.791657898575068,65173,16384,526
v2,h9_prune_adapt,3,,249.71875,0.546875,14.056054338812828,49145,692,370
v2,h9_prune_adapt,4,,218.390625,0.6015625,10.498831171542406,44606,399,331
v2,h9_prune_adapt,5,,242.8671875,0.6015625,11.485752195119858,49182,318,333
v2,h9_prune_adapt,6,,186.890625,0.5234375,11.784027867019176,40027,347,280.3333333333333
v2,h9_prune_adapt,7,,191.28125,0.6484375,10.822150196880102,40142,300,266
v2,h9_prune_adapt,8,,223.671875,0.703125,11.994155321270227,45314,266,302.3333333333333
v2,h9_prune_adapt,9,,264.78125,0.7578125,13.326441213488579,51317,291,331.6666666666667
v2,h9_prune_adapt,10,,293.9375,0.6875,11.30921196192503,54318,319,355.75
v2,h9_prune_adapt,11,,297.1640625,0.78125,11.039190776646137,55014,363,355.75
v2,h9_prune_adapt,12,,332.5859375,0.828125,11.860684461891651,60001,351,347
v2,h9_prune_adapt,13,,266.2265625,0.8359375,11.901288013905287,51846,373,312.6666666666667
v2,h9_prune_adapt,14,,289.6015625,0.828125,12.051461175084114,52823,294,341.25
v2,h9_prune_adapt,15,,355.5390625,0.90625,12.715429946780205,61027,313,388.75
v2,h9_prune_adapt,16,,345.9609375,0.7890625,19.307163901627064,60674,372,401.25
v2,h9_prune_adapt,17,,382.703125,0.8828125,14.349658370018005,64246,400,431.25
v2,h9_prune_adapt,18,,425.765625,0.8515625,13.381896119564772,71119,406,485.6
v2,h9_prune_adapt,19,,489.234375,0.8203125,17.00711838155985,79390,459,508
v2,h9_prune_adapt,20,,546.875,0.8046875,16.292615670710802,88127,510,543.8333333333334
v2,h9_prune_adapt,21,,516.7578125,0.8359375,16.110373206436634,83119,573,556.6
v2,h9_prune_adapt,22,,537.2265625,0.78125,14.899650510400534,86682,530,583.4
v2,h9_prune_adapt,23,,593.21875,0.7890625,17.768776644021273,92669,568,584
v2,h9_prune_adapt,24,,570.3125,0.8046875,16.819479539990425,92757,619,598.5
v2,h9_prune_adapt,25,0.632,598.234375,0.8125,47.851504035294056,92705,597,579.1666666666666
v2,h9_prune_adapt,26,,599.3203125,0.78125,17.817637477070093,93455,625,615.5
v2,h9_prune_adapt,27,,611.953125,0.8515625,17.6692305020988,95292,625,659.6666666666666
v2,h9_prune_adapt,28,,599.6171875,0.828125,17.45866098627448,94868,633,623.6666666666666
v2,h9_prune_adapt,29,,616.3359375,0.84375,16.870305974036455,95044,625,623.5
v2,h9_prune_adapt,30,,581.7578125,0.859375,14.977274738252163,90776,641,617.6666666666666
v2,h9_prune_adapt,31,,628.0859375,0.875,17.59677792713046,96740,604,674.1666666666666
v2,h9_prune_adapt,32,,675.8515625,0.8671875,22.224754139781,101681,648,704.8333333333334
v2,h9_prune_adapt,33,,670.9453125,0.9296875,20.47841563820839,102834,701,703.6666666666666
v2,h9_prune_adapt,34,,714.2265625,0.8515625,17.32060694694519,109244,683,738.1428571428571
v2,h9_prune_adapt,35,,641.9765625,0.921875,19.797139279544353,100443,742,710.1666666666666
v2,h9_prune_adapt,36,,722.09375,0.953125,16.984183710068464,108826,655,738.8571428571429
v2,h9_prune_adapt,37,,711.9375,0.90625,17.188430078327656,107290,730,787
v2,h9_prune_adapt,38,,707.7890625,0.9375,17.887914028018713,107957,731,692.4285714285714
v2,h9_prune_adapt,39,,686.8203125,0.953125,18.16927833482623,102870,720,732
v2,h9_prune_adapt,40,,736.3984375,0.96875,19.919565238058567,109966,694,751.5714285714286
v2,h9_prune_adapt,41,,783.6640625,0.9765625,19.911380354315042,116654,741,839.8571428571429
v2,h9_prune_adapt,42,,813.9375,0.953125,20.876522935926914,120580,789,803.1428571428571
v2,h9_prune_adapt,43,,775.0703125,0.953125,19.883643701672554,114246,824,754
v2,h9_prune_adapt,44,,799.6484375,0.9609375,20.2519738599658,118961,783,829.8571428571429
v2,h9_prune_adapt,45,,746.0859375,0.953125,18.953503601253033,112580,810,794.7142857142857
v2,h9_prune_adapt,46,,825.203125,0.9296875,22.136656004935503,121149,754,830.8571428571429
v2,h9_prune_adapt,47,,845.5,0.9765625,20.501781962811947,124084,842,897.5
v2,h9_prune_adapt,48,,821.8125,0.984375,21.260794904083014,121903,851,757.25
v2,h9_prune_adapt,49,,747.8125,0.9765625,20.32541598007083,114335,825,781.4285714285714
v2,h9_prune_adapt,50,0.612,841.5625,0.953125,48.3906871303916,124784,754,822.625
v2,h9_prune_adapt,51,,832.578125,0.9921875,19.68755303695798,123539,836,856.5
v2,h9_prune_adapt,52,,820.84375,0.9296875,20.39957247301936,121958,836,899.875
v2,h9_prune_adapt,53,,882.8515625,0.9609375,21.6788562387228,127916,844,907.875
v2,h9_prune_adapt,54,,921.7890625,0.9765625,21.80405004322529,133965,894,890.125
v2,h9_prune_adapt,55,,880.078125,0.984375,19.40773155167699,129137,925,895.125
v2,h9_prune_adapt,56,,821.671875,0.9609375,21.497078500688076,122470,887,821.5
v2,h9_prune_adapt,57,,810.8828125,0.9765625,19.456639528274536,120644,829,816.8571428571429
v2,h9_prune_adapt,58,,852.8359375,0.9609375,20.930889066308737,123965,817,884.5
v2,h9_prune_adapt,59,,866.6640625,0.96875,22.35547222569585,127112,864,813
v2,h9_prune_adapt,60,,886.0234375,0.96875,21.337349496781826,131798,874,869.375
v2,h9_prune_adapt,61,,859,1,19.492024678736925,128451,894,831.75
v2,h9_prune_adapt,62,,771.9609375,0.9921875,20.23706792294979,117167,859,813.7142857142857
v2,h9_prune_adapt,63,,864.5859375,0.9921875,21.5017672739923,128026,773,829.625
v2,h9_prune_adapt,64,,694.765625,0.9921875,18.917015347629786,108616,866,741.5714285714286
v2,h9_prune_adapt,65,,745.2734375,0.984375,18.81281181052327,112251,697,776.8571428571429
v2,h9_prune_adapt,66,,837.953125,0.984375,22.847995460033417,124063,748,858.625
v2,h9_prune_adapt,67,,886,1,20.170473728328943,129758,840,875.25
v2,h9_prune_adapt,68,,923,1,24.098692025989294,133039,886,934.875
v2,h9_prune_adapt,69,,813,1,22.151470702141523,119781,923,844.1428571428571
v2,h9_prune_adapt,70,,804.7421875,0.9765625,21.09471483156085,120380,813,816.1428571428571
v2,h9_prune_adapt,71,,884.421875,0.984375,19.612504195421934,129708,807,815.875
v2,h9_prune_adapt,72,,780.484375,0.9921875,25.2109793163836,116873,887,815.1428571428571
v2,h9_prune_adapt,73,,835.421875,0.96875,25.272323694080114,124744,783,881.125
v2,h9_prune_adapt,74,,865,1,20.79402356222272,128291,842,869.625
v2,h9_prune_adapt,75,0.544,961,1,51.98098902031779,139338,865,926
v2,h9_prune_adapt,76,,910.296875,0.9765625,21.38551837578416,133386,920,923.875
v2,h9_prune_adapt,77,,870.1953125,0.9765625,20.681696631014347,127336,920,931.875
v2,h9_prune_adapt,78,,922.1796875,0.96875,22.0990169942379,135145,876,873
v2,h9_prune_adapt,79,,844.8125,0.9921875,22.51939830183983,124909,931,943.25
v2,h9_prune_adapt,80,,962.734375,0.9765625,24.766335483640432,140027,848,883
v2,h9_prune_adapt,81,,873.8125,0.984375,21.305774584412575,129334,973,932.25
v2,h9_prune_adapt,82,,902.15625,0.984375,22.13718956708908,131549,879,955.875
v2,h9_prune_adapt,83,,912.9140625,0.9921875,20.034844536334276,134884,906,897.75
v2,h9_prune_adapt,84,,859.6015625,0.984375,19.418055936694145,125753,913,961.125
v2,h9_prune_adapt,85,,1032.28125,0.984375,22.95489490404725,148312,861,1082.4444444444443
v2,h9_prune_adapt,86,,1085.546875,0.984375,23.864176124334335,156355,1041,1097.7777777777778
v2,h9_prune_adapt,87,,1164.2421875,0.9609375,25.79157493263483,167029,1091,982.3
v2,h9_prune_adapt,88,,1159.8046875,0.9921875,27.888883508741856,166130,1184,1054.1
v2,h9_prune_adapt,89,,1002.8828125,0.9609375,23.482277285307646,145449,1164,978.7777777777778
v2,h9_prune_adapt,90,,1099.4375,0.9921875,24.263975266367197,156912,1016,1079.1
v2,h9_prune_adapt,91,,1052,1,23.171499136835337,152051,1101,1055.3333333333333
v2,h9_prune_adapt,92,,1076.90625,0.953125,24.692905973643064,156367,1052,1033.7777777777778
v2,h9_prune_adapt,93,,1071.4296875,0.9921875,28.97581970691681,153085,1094,1057.5555555555557
v2,h9_prune_adapt,94,,1056.84375,0.96875,27.14251883327961,152787,1075,1010.2222222222222
v2,h9_prune_adapt,95,,1053.890625,0.9609375,24.459537390619516,151847,1070,1062
v2,h9_prune_adapt,96,,1087.578125,0.9921875,26.716857444494963,156306,1067,1121.111111111111
v2,h9_prune_adapt,97,,1138.3359375,0.96875,26.688810780644417,162918,1088,1103.5
v2,h9_prune_adapt,98,,987.2890625,0.9921875,23.697206687182188,143366,1151,970.6666666666666
v2,h9_prune_adapt,99,,960,1,22.937348153442144,140214,990,997.2222222222222
v2,h9_prune_adapt,100,0.58,1072.8671875,0.9765625,139.56549689546227,152950,960,973.3333333333334
v2,h9_prune_adapt,101,,919.3984375,0.984375,21.140668474137783,133872,926,1016.5
v2,h9_prune_adapt,102,,966.9765625,0.9765625,22.388157799839973,140609,926,999.8888888888889
v2,h9_prune_adapt,103,,948,1,19.577909637242556,137113,976,1018.375
v2,h9_prune_adapt,104,,925.90625,0.96875,21.901847004890442,134546,948,979.375
v2,h9_prune_adapt,105,,1074.3125,0.9921875,23.665988996624947,154217,931,1071.111111111111
v2,h9_prune_adapt,106,,1049.0234375,0.9921875,23.91221323236823,151957,1079,1040.3333333333333
v2,h9_prune_adapt,107,,1060.390625,0.9765625,23.70587009936571,152238,1052,1088
v2,h9_prune_adapt,108,,1105.5390625,0.9765625,24.729077089577913,157280,1065,1090.7
v2,h9_prune_adapt,109,,992.1328125,0.984375,25.489164907485247,143090,1114,1080.888888888889
v2,h9_prune_adapt,110,,1108,0.9765625,23.434369329363108,158196,997,1080.4
v2,h9_prune_adapt,111,,1155.140625,0.9765625,25.088838703930378,165311,1116,1151.5
v2,h9_prune_adapt,112,,1067.5,0.9765625,23.94646931067109,154314,1167,1012.2222222222222
v2,h9_prune_adapt,113,,1050.6640625,0.984375,23.850060995668173,151802,1075,1057
v2,h9_prune_adapt,114,,1063,1,24.244545120745897,151566,1055,1062.4444444444443
v2,h9_prune_adapt,115,,983.6875,0.984375,22.359810926020145,142132,1063,1061.2222222222222
v2,h9_prune_adapt,116,,955.0546875,0.9765625,23.217632420361042,140382,988,1010.8888888888889
v2,h9_prune_adapt,117,,978.8046875,0.9921875,23.711993165314198,141425,961,1061.7777777777778
v2,h9_prune_adapt,118,,1021.3125,0.9765625,24.14714976400137,148023,981,1087.2222222222222
v2,h9_prune_adapt,119,,1131.328125,0.984375,27.759373158216476,160344,1028,1107.1
v2,h9_prune_adapt,120,,1140.125,0.984375,26.58376483991742,162102,1139,1122.8
v2,h9_prune_adapt,121,,939.515625,0.9921875,24.227206014096737,137013,1152,1059.625
v2,h9_prune_adapt,122,,1099.8515625,0.984375,23.383851923048496,157437,944,1034.4
v2,h9_prune_adapt,123,,1066.796875,0.9921875,23.962207164615393,152309,1102,1166.2222222222222
v2,h9_prune_adapt,124,,1239.1328125,0.9765625,28.852423403412104,174060,1071,1214.9
v2,h9_prune_adapt,125,0.618,1039.609375,0.9921875,611.9976585395634,150117,1242,1146.5555555555557
v2,h9_prune_adapt,126,,1185.609375,0.984375,32.971627689898014,167568,1191,1134
v2,h9_prune_adapt,127,,1075.2578125,0.984375,23.52991819754243,155516,1191,1175.2222222222222
v2,h9_prune_adapt,128,,1251.1640625,0.96875,28.242291543632746,179102,1083,1213
v2,h9_prune_adapt,129,,1332.078125,0.953125,32.653160978108644,187969,1271,1325.7272727272727
v2,h9_prune_adapt,130,,1142,1,40.436437766999006,165115,1361,1123.2
v2,h9_prune_adapt,131,,1238.3984375,0.984375,27.8039583414793,177865,1142,1161.6363636363637
v2,h9_prune_adapt,132,,1156.921875,0.984375,29.52085928991437,165147,1241,1233.2
v2,h9_prune_adapt,133,,1308.8125,0.9921875,27.844243191182613,184093,1159,1262.1818181818182
v2,h9_prune_adapt,134,,1124.8046875,0.984375,23.96605011075735,159872,1314,1085.6
v2,h9_prune_adapt,135,,1035,1,34.334209963679314,147250,1127,1123.2222222222222
v2,h9_prune_adapt,136,,1060,1,23.411478500813246,152804,1035,1150.4444444444443
v2,h9_prune_adapt,137,,1161.9453125,0.9765625,29.124696861952543,165264,1060,1188.4
v2,h9_prune_adapt,138,,1136.4765625,0.9921875,25.163501776754856,161602,1172,1175.5
v2,h9_prune_adapt,139,,1126.6171875,0.96875,26.160439901053905,161159,1139,1107.7
v2,h9_prune_adapt,140,,879.2890625,0.9921875,22.275379300117493,129775,1139,953.875
v2,h9_prune_adapt,141,,1035,1,23.284128431230783,149103,883,1092.111111111111
v2,h9_prune_adapt,142,,1114.9609375,0.9921875,26.137605544179678,158156,1035,1147.6
v2,h9_prune_adapt,143,,1175.5546875,0.984375,28.43587964773178,167471,1119,1216.6
v2,h9_prune_adapt,144,,1294.2578125,0.9921875,27.08592676743865,183224,1181,1282.090909090909
v2,h9_prune_adapt,145,,1277.46875,0.9921875,27.966692745685577,180462,1297,1226.2727272727273
v2,h9_prune_adapt,146,,1277.4296875,0.9609375,30.006442222744226,180498,1284,1272.909090909091
v2,h9_prune_adapt,147,,1363.734375,0.9921875,35.954726960510015,189909,1301,1330.5454545454545
v2,h9_prune_adapt,148,,1178,1,43.25191788747907,167909,1368,1160.6
v2,h9_prune_adapt,149,,1175,1,30.48739691451192,167307,1178,1299.4
v2,h9_prune_adapt,150,0.58,1248,1,149.28253596648574,175923,1175,1171
v2,h9_prune_adapt,151,,1335,1,29.852010879665613,187616,1335,1238.090909090909
v2,h9_prune_adapt,152,,1250.6640625,0.984375,29.875403452664614,176337,1335,1237.090909090909
v2,h9_prune_adapt,153,,1330.390625,0.9765625,30.11298343166709,187697,1259,1174.3636363636363
v2,h9_prune_adapt,154,,1202.703125,0.9921875,32.269194304943085,170015,1339,1235.8
v2,h9_prune_adapt,155,,1232.9375,0.9921875,27.254350934177637,176124,1204,1268.2727272727273
v2,h9_prune_adapt,156,,1326.7890625,0.9921875,31.870393209159374,186676,1239,1189.4545454545455
v2,h9_prune_adapt,157,,1310.25,0.9921875,30.919654220342636,184971,1331,1258.909090909091
v2,h9_prune_adapt,158,,1293,1,28.619342792779207,180289,1315,1298.5454545454545
v2,h9_prune_adapt,159,,1179,1,28.363145288079977,167598,1293,1170
v2,h9_prune_adapt,160,,1257.90625,0.9921875,27.591532833874226,176812,1179,1226.7272727272727
v2,h9_prune_adapt,161,,1331.015625,0.9921875,35.05437459051609,186966,1262,1343.5454545454545
v2,h9_prune_adapt,162,,1278.203125,0.9921875,32.07703701406717,180895,1337,1165.3636363636363
v2,h9_prune_adapt,163,,1255.421875,0.984375,26.603166352957487,177381,1281,1201.1818181818182
v2,h9_prune_adapt,164,,1146,1,28.060534819960594,165863,1256,1161.4
v2,h9_prune_adapt,165,,1115,1,26.129943061619997,160353,1146,1175.2
v2,h9_prune_adapt,166,,1183.03125,0.9921875,27.392494566738605,167783,1115,1183.3
v2,h9_prune_adapt,167,,1147,1,25.67100729048252,163347,1189,1212.7
v2,h9_prune_adapt,168,,1137,1,23.48798105493188,161772,1147,1178.7
v2,h9_prune_adapt,169,,1257,1,29.62734504044056,178266,1137,1280.2727272727273
v2,h9_prune_adapt,170,,1423,1,32.87868804484606,199192,1257,1265.75
v2,h9_prune_adapt,171,,1043,1,25.360158544033766,149828,1423,1125.5555555555557
v2,h9_prune_adapt,172,,1154,1,25.54728538915515,164547,1043,1260.1
v2,h9_prune_adapt,173,,1277.359375,0.9921875,28.474642038345337,180900,1154,1260.909090909091
v2,h9_prune_adapt,174,,1120,1,25.204386308789253,161569,1283,1201.2
v2,h9_prune_adapt,175,0.542,1262.4296875,0.9921875,56.48736210912466,178018,1120,1256.1818181818182
v2,h9_prune_adapt,176,,1276,1,27.565147891640663,182725,1276,1282.1818181818182
v2,h9_prune_adapt,177,,1173.3828125,0.9921875,27.815276745706797,166031,1276,1226.6
v2,h9_prune_adapt,178,,1337.421875,0.984375,31.849267423152924,186944,1179,1202.4545454545455
v2,h9_prune_adapt,179,,1239,1,26.30824102461338,173957,1340,1258.2
v2,h9_prune_adapt,180,,1330.7578125,0.9921875,30.884581562131643,187828,1239,1316.7272727272727
v2,h9_prune_adapt,181,,1158.296875,0.9921875,25.97555712610483,166295,1336,1280.9
v2,h9_prune_adapt,182,,1156.0859375,0.9765625,27.74793168157339,163595,1159,1227.3
v2,h9_prune_adapt,183,,1115.546875,0.984375,26.010650530457497,157480,1165,1179.1
v2,h9_prune_adapt,184,,1218,1,31.31828709691763,172871,1122,1215.9
v2,h9_prune_adapt,185,,1171,1,25.91694823279977,165575,1218,1195
v2,h9_prune_adapt,186,,1227,1,27.686631113290787,173389,1171,1312.3
v2,h9_prune_adapt,187,,1424,1,30.855052761733532,199428,1227,1435.25
v2,h9_prune_adapt,188,,1368,1,31.636677369475365,191445,1424,1391.4545454545455
v2,h9_prune_adapt,189,,1321.671875,0.9921875,29.4127636551857,186309,1368,1323.090909090909
v2,h9_prune_adapt,190,,1376,1,31.101425904780626,193059,1327,1315.0833333333333
v2,h9_prune_adapt,191,,1551,1,38.790840692818165,216232,1376,1232.6153846153845
v2,h9_prune_adapt,192,,1208,1,31.216114968061447,171607,1551,1275.9
v2,h9_prune_adapt,193,,1384,1,30.196427319198847,195246,1208,1229.1666666666667
v2,h9_prune_adapt,194,,1245.6796875,0.9921875,29.453208822757006,174615,1384,1276.4545454545455
v2,h9_prune_adapt,195,,1362,1,30.301104083657265,191454,1248,1322.090909090909
v2,h9_prune_adapt,196,,1300,1,31.54650927335024,183433,1362,1251.5454545454545
v2,h9_prune_adapt,197,,1093,1,24.962314877659082,156792,1300,1176.2
v2,h9_prune_adapt,198,,1232,1,26.820899970829487,175045,1093,1236.3636363636363
v2,h9_prune_adapt,199,,1224.078125,0.9921875,31.918364088982344,173565,1232,1308.9
v2,h9_prune_adapt,200,0.538,1384,1,60.59609677642584,194394,1228,1341.25
v2,h9_prune_adapt,201,,1385,1,29.935625713318586,193741,1385,1302.8333333333333
v2,h9_prune_adapt,202,,1228,1,27.534434363245964,173865,1385,1242.9
v2,h9_prune_adapt,203,,1323,1,30.09630861878395,187476,1228,1354.3636363636363
v2,h9_prune_adapt,204,,1376,1,36.849000211805105,192434,1323,1276.5833333333333
v2,h9_prune_adapt,205,,1422,1,30.758775535970926,197447,1376,1288.5
v2,h9_prune_adapt,206,,1187,1,35.199656307697296,167915,1422,1336.9
v2,h9_prune_adapt,207,,1303,1,29.962063305079937,185398,1187,1364.3636363636363
v2,h9_prune_adapt,208,,1378,1,30.82699355483055,191914,1303,1264.25
v2,h9_prune_adapt,209,,1127,1,25.77639937773347,161277,1378,1179.5
v2,h9_prune_adapt,210,,1131,1,27.2314516864717,161613,1127,1230.9
v2,h9_prune_adapt,211,,1251,1,28.366996005177498,178450,1131,1314.909090909091
v2,h9_prune_adapt,212,,1396,1,32.83958286419511,196031,1251,1390.4166666666667
v2,h9_prune_adapt,213,,1344,1,30.5079055018723,189824,1396,1463.7272727272727
v2,h9_prune_adapt,214,,1535.1015625,0.984375,33.99761924520135,213273,1344,1382.7692307692307
v2,h9_prune_adapt,215,,1458,1,30.697612050920725,202715,1549,1413.3333333333333
v2,h9_prune_adapt,216,,1286.40625,0.9921875,29.155647169798613,180838,1458,1281.5454545454545
v2,h9_prune_adapt,217,,1274.7734375,0.984375,28.364677984267473,178801,1291,1255.5454545454545
v2,h9_prune_adapt,218,,1318,1,30.03119855374098,184415,1278,1303.3636363636363
v2,h9_prune_adapt,219,,1403,1,31.3131102360785,195905,1318,1261.8333333333333
v2,h9_prune_adapt,220,,1354,1,32.50881627574563,190583,1403,1342.090909090909
v2,h9_prune_adapt,221,,1210,1,25.516072537750006,170287,1354,1358.8
v2,h9_prune_adapt,222,,1431,1,30.694720573723316,199715,1210,1345.9166666666667
v2,h9_prune_adapt,223,,1464,1,32.54684220254421,203525,1431,1361.1666666666667
v2,h9_prune_adapt,224,,1262.7890625,0.984375,28.682177249342203,179040,1464,1279.3636363636363
v2,h9_prune_adapt,225,0.546,1260,1,70.5558937638998,178951,1273,1217.2727272727273
v2,h9_prune_adapt,226,,1355.765625,0.9921875,57.489437106996775,189556,1359,1309.090909090909
v2,h9_prune_adapt,227,,1378.9609375,0.9921875,33.92688952386379,192600,1359,1297.0833333333333
v2,h9_prune_adapt,228,,1446,1,31.067298479378223,200996,1382,1315.6666666666667
v2,h9_prune_adapt,229,,1292.8046875,0.9921875,28.88495670258999,182334,1446,1303.7272727272727
v2,h9_prune_adapt,230,,1260,1,35.61730978637934,177278,1301,1303.6363636363637
v2,h9_prune_adapt,231,,1408,1,36.78143100813031,196930,1260,1444.6666666666667
v2,h9_prune_adapt,232,,1551.7890625,0.9921875,33.2595654129982,215777,1408,1290.7692307692307
v2,h9_prune_adapt,233,,1376.21875,0.9921875,30.10748614370823,192980,1555,1387.6666666666667
v2,h9_prune_adapt,234,,1433,1,30.410703010857105,200238,1381,1466.4166666666667
v2,h9_prune_adapt,235,,1447.75,0.9921875,33.22016387805343,203074,1433,1393.5833333333333
v2,h9_prune_adapt,236,,1332,1,29.604112677276134,186702,1451,1330.5454545454545
v2,h9_prune_adapt,237,,1524,1,35.275360740721226,209999,1332,1408.4615384615386
v2,h9_prune_adapt,238,,1282.4609375,0.9921875,26.314693603664637,181236,1524,1338.7272727272727
v2,h9_prune_adapt,239,,1261,1,28.586758874356747,179164,1289,1238.3636363636363
v2,h9_prune_adapt,240,,1253,1,28.954352635890245,176617,1261,1323.7272727272727
v2,h9_prune_adapt,241,,1388.75,0.9921875,29.71483363583684,192855,1253,1337.1666666666667
v2,h9_prune_adapt,242,,1463.2578125,0.9921875,32.15475653484464,203989,1389,1343.25
v2,h9_prune_adapt,243,,1065.3671875,0.9765625,23.55216233804822,153953,1464,1210.111111111111
v2,h9_prune_adapt,244,,1253.8125,0.9921875,43.61204420030117,177390,1073,1335.5454545454545
v2,h9_prune_adapt,245,,1273,1,29.39979999884963,179741,1260,1329.1818181818182
v2,h9_prune_adapt,246,,1278,1,27.00593190267682,180906,1273,1318.1818181818182
v2,h9_prune_adapt,247,,1384,1,29.749074328690767,193526,1278,1320.6666666666667
v2,h9_prune_adapt,248,,1393.84375,0.9921875,31.64492455869913,196267,1384,1281
v2,h9_prune_adapt,249,,1275,1,28.31752524152398,180387,1394,1354
v2,h9_prune_adapt,250,0.506,1375,1,68.26773734018207,192719,1275,1477.25
